# makehuman hm08 basemesh, skin only — CC0 (see tools/bodymesh.mjs)
v -0.3473 7.3383 1.4077
v -0.3492 7.3299 1.4076
v -0.311 7.3315 1.4107
v -0.3096 7.3374 1.4127
v -0.3487 7.3574 1.4039
v -0.3481 7.3465 1.4062
v -0.3095 7.3456 1.4117
v -0.308 7.3566 1.4103
v -0.3824 7.3332 1.4005
v -0.3849 7.3413 1.3972
v -0.3886 7.3508 1.393
v -0.4154 7.331 1.385
v -0.423 7.339 1.3777
v -0.4103 7.3242 1.3889
v -0.4363 7.3188 1.3727
v -0.4462 7.3246 1.365
v -0.4295 7.3143 1.3781
v -0.4473 7.3085 1.3624
v -0.4582 7.3114 1.3514
v -0.4392 7.305 1.369
v -0.4521 7.2991 1.3548
v -0.4638 7.3001 1.342
v -0.4438 7.2978 1.3612
v -0.4531 7.2897 1.3462
v -0.4645 7.2899 1.3358
v -0.4448 7.2899 1.355
v -0.4513 7.281 1.3462
v -0.4631 7.2784 1.3355
v -0.4428 7.2826 1.3539
v -0.4463 7.2714 1.3465
v -0.4584 7.2665 1.3339
v -0.4388 7.2753 1.3548
v -0.4406 7.2629 1.3495
v -0.4518 7.2551 1.3376
v -0.4331 7.2685 1.3583
v -0.3927 7.2332 1.3822
v -0.4142 7.2427 1.3697
v -0.4237 7.2315 1.363
v -0.3976 7.2201 1.3774
v -0.3905 7.2421 1.3858
v -0.4106 7.2512 1.3741
v -0.2738 7.2367 1.3983
v -0.3109 7.2338 1.4028
v -0.3097 7.2215 1.3981
v -0.2696 7.224 1.3978
v -0.3161 7.2096 1.4009
v -0.2708 7.2133 1.3995
v -0.2382 7.2423 1.392
v -0.2332 7.2327 1.3932
v -0.2322 7.2216 1.3934
v -0.2179 7.2467 1.3863
v -0.212 7.2385 1.3875
v -0.2067 7.2296 1.3879
v -0.2701 7.3295 1.4076
v -0.2725 7.3227 1.4055
v -0.2655 7.3477 1.408
v -0.2682 7.3372 1.4082
v -0.2265 7.3319 1.4044
v -0.2303 7.3232 1.4012
v -0.2333 7.3164 1.3977
v -0.2353 7.3097 1.3949
v -0.1964 7.3135 1.402
v -0.2016 7.3061 1.3992
v -0.2067 7.3004 1.3967
v -0.2093 7.2945 1.3918
v -0.1788 7.2987 1.4006
v -0.185 7.2941 1.3984
v -0.1899 7.29 1.3965
v -0.1952 7.2848 1.3878
v -0.1612 7.2762 1.3998
v -0.1678 7.2859 1.4006
v -0.174 7.284 1.3989
v -0.1676 7.2761 1.3942
v -0.1717 7.2759 1.3885
v -0.1789 7.2826 1.3975
v -0.1817 7.2799 1.3835
v -0.1752 7.2736 1.3807
v -0.1583 7.2656 1.3982
v -0.1651 7.2673 1.3918
v -0.1704 7.2676 1.3822
v -0.1757 7.2671 1.3781
v -0.1602 7.2545 1.3936
v -0.1675 7.2576 1.3887
v -0.1756 7.2598 1.3816
v -0.1846 7.2588 1.3761
v -0.4037 7.2032 1.3657
v -0.433 7.217 1.3521
v -0.1971 7.218 1.3871
v -0.2245 7.2075 1.3934
v -0.2672 7.1966 1.398
v -0.3178 7.192 1.3967
v -0.3179 7.1697 1.3913
v -0.2625 7.176 1.3983
v -0.4639 7.2475 1.3245
v -0.4701 7.2621 1.3223
v -0.4741 7.2764 1.3251
v -0.4747 7.2892 1.3264
v -0.4733 7.3013 1.3316
v -0.4678 7.3139 1.3414
v -0.4544 7.3279 1.3543
v -0.4284 7.3444 1.3712
v -0.3916 7.358 1.3859
v -0.3499 7.3652 1.402
v -0.3073 7.3643 1.4084
v -0.2627 7.3555 1.4077
v -0.2217 7.3393 1.4072
v -0.1902 7.319 1.4045
v -0.4351 7.3502 1.3646
v -0.4636 7.3308 1.3402
v -0.1606 7.2896 1.404
v -0.1542 7.2773 1.4045
v -0.152 7.2646 1.4022
v -0.1553 7.2505 1.3949
v -0.1718 7.3036 1.4033
v -0.1484 7.2937 1.4117
v -0.1603 7.3103 1.4108
v -0.1821 7.3289 1.4127
v -0.1424 7.3165 1.4256
v -0.1293 7.2967 1.4247
v -0.1422 7.2787 1.4114
v -0.123 7.2788 1.4229
v -0.1409 7.2631 1.4091
v -0.1225 7.2601 1.4202
v -0.1454 7.2447 1.3996
v -0.1299 7.2378 1.416
v -0.0925 7.3326 1.4701
v -0.1185 7.3232 1.4463
v -0.1055 7.3001 1.4449
v -0.0812 7.3069 1.47
v -0.0757 7.2801 1.4686
v -0.0994 7.2784 1.4428
v -0.1003 7.2567 1.4412
v -0.078 7.2537 1.4677
v -0.1089 7.23 1.4365
v -0.0886 7.2217 1.4606
v -0.0635 7.3397 1.4918
v -0.055 7.312 1.491
v -0.0515 7.2837 1.4905
v -0.0546 7.2526 1.4908
v -0.0666 7.2112 1.4883
v -0.0325 7.3464 1.5046
v -0.0285 7.3178 1.5032
v -0.0645 7.1705 1.5077
v -0.0332 7.1876 1.5278
v -0.032 7.227 1.5145
v -0.0271 7.2876 1.5044
v -0.0286 7.2574 1.5094
v 0 7.3512 1.5074
v 0 7.3231 1.5057
v 0 7.1963 1.5364
v 0 7.233 1.5223
v 0 7.2916 1.5075
v 0 7.2609 1.5139
v -0.3206 7.1429 1.401
v -0.2588 7.1514 1.4109
v -0.2058 7.1688 1.4096
v -0.2145 7.1901 1.3934
v -0.1743 7.1878 1.407
v -0.1851 7.2042 1.3889
v -0.4293 7.1566 1.3512
v -0.4129 7.1829 1.3539
v -0.4442 7.1992 1.3345
v -0.4629 7.1764 1.3244
v -0.5057 7.2873 1.2995
v -0.4865 7.2885 1.3154
v -0.4841 7.3014 1.3195
v -0.5023 7.3029 1.3045
v -0.5048 7.2491 1.2949
v -0.4841 7.2563 1.3099
v -0.4867 7.2742 1.3131
v -0.5062 7.2697 1.2954
v -0.4784 7.3149 1.3273
v -0.4933 7.3189 1.3127
v -0.4751 7.3375 1.3299
v -0.4443 7.3569 1.3554
v -0.395 7.3657 1.3825
v -0.4008 7.3749 1.382
v -0.2503 7.3772 1.4203
v -0.2593 7.3638 1.4106
v -0.2157 7.3477 1.412
v -0.2023 7.359 1.4248
v -0.3502 7.3738 1.3999
v -0.3519 7.3856 1.4022
v -0.3021 7.3866 1.413
v -0.3059 7.3734 1.4073
v -0.1654 7.338 1.4262
v -0.1115 7.3603 1.47
v -0.1407 7.3489 1.446
v -0.078 7.3703 1.4932
v -0.0382 7.3767 1.5049
v 0 7.382 1.5092
v -0.2048 7.4222 1.4612
v -0.2324 7.3982 1.4402
v -0.1783 7.3762 1.4482
v -0.1485 7.3935 1.4693
v -0.2774 7.4333 1.4379
v -0.2928 7.409 1.4238
v -0.4139 7.4161 1.3779
v -0.4086 7.3923 1.3801
v -0.3522 7.4063 1.4055
v -0.35 7.4301 1.4111
v -0.4688 7.3916 1.3399
v -0.4578 7.3693 1.3463
v -0.5579 7.2557 1.2486
v -0.5301 7.2637 1.2749
v -0.5289 7.2854 1.2797
v -0.5543 7.2842 1.2539
v -0.5241 7.3044 1.2854
v -0.5485 7.3092 1.2618
v -0.5538 7.2253 1.2462
v -0.5283 7.2387 1.2727
v -0.514 7.3239 1.2961
v -0.5349 7.3362 1.2779
v -0.4922 7.3462 1.3167
v -0.5087 7.3639 1.3054
v -0.4771 7.4194 1.3337
v -0.4149 7.4468 1.3788
v -0.5244 7.3859 1.2923
v -0.2558 7.4685 1.4553
v -0.1615 7.4572 1.4891
v -0.1063 7.41 1.4934
v -0.5823 7.2474 1.217
v -0.5758 7.2838 1.2229
v -0.5678 7.3179 1.2363
v -0.5814 7.2108 1.2177
v -0.5501 7.3521 1.2581
v -0.34 7.4636 1.4197
v -0.5763 7.1741 1.225
v -0.5467 7.1934 1.252
v -0.0493 7.4194 1.5109
v 0 7.4266 1.5172
v -0.4833 7.4515 1.3256
v -0.4188 7.4819 1.3766
v -0.3373 7.5016 1.4232
v -0.2494 7.5124 1.4654
v -0.0682 7.4647 1.5153
v 0 7.4664 1.5241
v -0.1537 7.5145 1.5027
v -0.0669 7.5153 1.5215
v -0.3382 7.5411 1.4241
v -0.247 7.5533 1.4692
v -0.4918 7.4836 1.3153
v -0.423 7.5184 1.3726
v 0 7.5158 1.5294
v -0.1475 7.558 1.5072
v -0.0636 7.5578 1.5258
v 0 7.5602 1.5335
v -0.5977 7.7181 1.1338
v -0.5776 7.6691 1.1867
v -0.4891 7.7355 1.2824
v -0.513 7.7996 1.2336
v -0.3787 7.7833 1.3533
v -0.3979 7.8535 1.3143
v -0.2693 7.8177 1.4145
v -0.2794 7.8928 1.3867
v -0.6041 7.1961 1.1802
v -0.6036 7.2411 1.1786
v -0.5999 7.2851 1.1877
v -0.5859 7.3265 1.2062
v -0.5645 7.371 1.2353
v -0.534 7.4121 1.2771
v -0.6007 7.1524 1.1912
v -0.5766 7.3882 1.2082
v -0.5411 7.4381 1.2573
v -0.6 7.3369 1.1691
v -0.6163 7.2857 1.1434
v -0.6637 7.519 0.9597
v -0.6492 7.4938 1.0074
v -0.6246 7.5836 1.0922
v -0.6439 7.6209 1.0421
v -0.6219 7.7734 1.0755
v -0.6671 7.665 0.9799
v -0.5518 7.6212 1.2279
v -0.6063 7.5489 1.1373
v -0.6759 7.4083 0.8958
v -0.6802 7.5466 0.9105
v -0.6848 7.4204 0.8579
v -0.5444 8.2459 0.343
v -0.5333 8.2829 0.6464
v -0.4128 8.3912 0.6644
v -0.4362 8.3577 0.3138
v 0 6.9688 1.6689
v 0 7.0029 1.6522
v -0.0374 7.0011 1.6434
v -0.0348 6.9707 1.6595
v -0.1224 6.9827 1.5822
v -0.0945 6.9913 1.6037
v -0.0938 7.016 1.5862
v -0.115 7.0033 1.5569
v -0.1419 6.9689 1.5522
v -0.1397 6.9866 1.5353
v -0.0897 7.041 1.5597
v -0.1146 7.0251 1.5359
v -0.1362 7.004 1.5085
v -0.0664 7.0244 1.6078
v -0.0674 6.9975 1.628
v -0.0369 7.03 1.6221
v 0 7.034 1.631
v 0 7.0665 1.608
v -0.0367 7.0608 1.5991
v -0.0637 7.0525 1.5817
v -0.0674 6.9707 1.6438
v -0.1577 6.9774 1.4854
v -0.1811 6.9431 1.4736
v -0.171 6.9319 1.4881
v -0.1592 6.9636 1.5117
v -0.0872 6.8778 1.6197
v -0.0645 6.861 1.616
v -0.0543 6.8607 1.6252
v -0.0788 6.8862 1.6365
v -0.1584 6.8999 1.5424
v -0.1687 6.881 1.5072
v -0.1582 6.8652 1.5081
v -0.1545 6.8867 1.5472
v -0.052 6.8851 1.6553
v -0.038 6.86 1.6294
v -0.0198 6.8565 1.6344
v -0.0267 6.8828 1.6633
v -0.0524 6.8462 1.5955
v -0.0429 6.8396 1.6025
v 0 6.854 1.6405
v 0 6.8809 1.6678
v -0.0289 6.8351 1.6014
v -0.0151 6.8304 1.6038
v -0.052 6.831 1.5753
v -0.0429 6.8234 1.577
v 0 6.8268 1.6033
v -0.0266 6.8159 1.5762
v -0.0125 6.811 1.574
v -0.0577 6.8206 1.5522
v -0.0534 6.8064 1.5529
v 0 6.8053 1.5732
v -0.1147 6.8247 1.5118
v -0.1191 6.808 1.5131
v -0.0824 6.8 1.5334
v -0.0806 6.813 1.5317
v -0.1394 6.8387 1.5004
v -0.1137 6.836 1.5145
v -0.13 6.8468 1.5104
v -0.0983 6.8722 1.6011
v -0.0878 6.8705 1.6079
v -0.1012 6.883 1.6111
v -0.1383 6.8643 1.5579
v -0.1217 6.8712 1.5804
v -0.1292 6.8845 1.5809
v -0.1458 6.8725 1.5537
v -0.1395 6.8588 1.5234
v -0.1512 6.8558 1.5226
v -0.0701 6.8608 1.6082
v -0.0557 6.8528 1.5889
v -0.0575 6.8394 1.5716
v -0.0629 6.8328 1.551
v -0.0816 6.8281 1.5333
v -0.136 6.8975 1.5808
v 0 6.9385 1.6798
v -0.0334 6.9424 1.6716
v -0.0295 6.9138 1.674
v 0 6.909 1.6807
v -0.1078 6.8985 1.6121
v -0.0959 6.9671 1.6192
v -0.1226 6.9613 1.5938
v -0.159 6.9502 1.5261
v -0.1606 6.9375 1.5347
v -0.1446 6.9513 1.5632
v -0.1705 6.9265 1.5018
v -0.1694 6.9232 1.5139
v -0.1509 6.8366 1.4881
v -0.2374 6.9129 1.4551
v -0.2881 6.9327 1.4479
v -0.3255 6.8759 1.4218
v -0.2744 6.858 1.4431
v -0.0306 6.7987 1.5627
v -0.0139 6.7923 1.5677
v 0 6.7894 1.5627
v -0.1227 6.8527 1.5189
v -0.1263 6.8633 1.5292
v -0.1095 6.8441 1.5203
v -0.0575 6.8521 1.5634
v -0.0665 6.8417 1.5483
v -0.0834 6.8718 1.5892
v -0.0719 6.8678 1.5885
v -0.1265 6.8671 1.5518
v -0.0601 6.8636 1.5793
v -0.0972 6.87 1.5868
v -0.0818 6.8383 1.535
v -0.1105 6.8754 1.565
v 0 6.7716 1.5585
v -0.0185 6.7749 1.565
v -0.2454 6.6823 1.4611
v -0.2731 6.6485 1.4294
v -0.2662 6.6353 1.4323
v -0.2427 6.6597 1.4614
v -0.228 6.5663 1.4363
v -0.2293 6.5555 1.4342
v -0.1889 6.5242 1.465
v -0.1865 6.5429 1.4728
v -0.2484 6.5809 1.4202
v -0.2515 6.573 1.4189
v 0 6.696 1.5973
v 0 6.7216 1.5706
v -0.0177 6.7243 1.5742
v -0.0224 6.6983 1.5975
v 0 6.7502 1.5635
v -0.0185 6.7535 1.5689
v -0.0794 6.8554 1.545
v -0.0881 6.851 1.5367
v -0.1139 6.8699 1.5486
v -0.118 6.8663 1.536
v -0.1014 6.8563 1.5318
v -0.1123 6.8622 1.5318
v -0.0863 6.8735 1.5791
v -0.0805 6.8718 1.5752
v -0.0729 6.8685 1.5694
v -0.0945 6.8736 1.5739
v -0.1041 6.8724 1.5641
v -0.0718 6.8621 1.5571
v -0.0892 6.8736 1.5666
v -0.097 6.8722 1.5567
v -0.105 6.8686 1.5441
v -0.082 6.8713 1.5625
v -0.0856 6.8685 1.5537
v -0.093 6.8636 1.5421
v -0.2605 6.5474 1.4121
v -0.2348 6.5269 1.4279
v -0.1917 6.504 1.4544
v -0.2599 6.6281 1.4354
v -0.2391 6.6458 1.4619
v -0.0409 6.7588 1.5645
v -0.0374 6.7794 1.5593
v -0.2343 6.6355 1.4617
v -0.2069 6.6549 1.4962
v -0.2108 6.667 1.4958
v -0.2296 6.6289 1.4632
v -0.2025 6.6447 1.4964
v -0.2243 6.6214 1.4612
v -0.2209 6.6155 1.4585
v -0.1906 6.6245 1.4879
v -0.196 6.6324 1.4904
v -0.2117 6.6149 1.4488
v -0.1846 6.6147 1.4854
v -0.2073 6.6171 1.4402
v -0.1728 6.6165 1.4685
v -0.2528 6.6087 1.4196
v -0.2589 6.6096 1.4172
v -0.2565 6.6022 1.4118
v -0.2528 6.6048 1.4139
v -0.2494 6.6089 1.4192
v -0.249 6.6067 1.4168
v -0.2428 6.6108 1.4115
v -0.2463 6.6094 1.4174
v -0.2464 6.6078 1.4142
v -0.2439 6.6095 1.4072
v -0.2409 6.6143 1.399
v -0.2441 6.612 1.3935
v -0.2197 6.5879 1.444
v -0.2379 6.5951 1.4249
v -0.2426 6.5891 1.423
v -0.224 6.5787 1.4421
v -0.2174 6.6082 1.4041
v -0.2313 6.6077 1.3948
v -0.2294 6.6068 1.4117
v -0.2107 6.6062 1.4261
v -0.2538 6.6208 1.4374
v -0.2466 6.6167 1.4373
v -0.2391 6.6143 1.4354
v -0.2335 6.6131 1.4352
v -0.2273 6.6132 1.4314
v -0.2221 6.6167 1.4227
v -0.2745 6.6089 1.4133
v -0.2714 6.5934 1.4105
v -0.264 6.5973 1.4128
v -0.2668 6.6089 1.4153
v -0.2148 6.5957 1.4419
v -0.2339 6.6002 1.4251
v -0.2312 6.6041 1.4211
v -0.2117 6.6017 1.437
v -0.0459 6.7328 1.5767
v -0.0719 6.7401 1.5606
v -0.0799 6.7186 1.5853
v -0.0515 6.7093 1.5955
v -0.1453 6.6894 1.5479
v -0.1782 6.6749 1.5289
v -0.1755 6.6645 1.5267
v -0.1424 6.6786 1.5485
v -0.1381 6.6581 1.5424
v -0.168 6.647 1.5218
v -0.1626 6.6307 1.5184
v -0.134 6.6383 1.5383
v -0.0667 6.7636 1.553
v -0.0604 6.7836 1.5474
v -0.0889 6.7863 1.5351
v -0.095 6.7665 1.538
v -0.1358 6.734 1.528
v -0.1731 6.7153 1.5094
v -0.1787 6.687 1.5235
v -0.1438 6.7052 1.5442
v -0.0785 6.666 1.5776
v -0.1061 6.6645 1.5641
v -0.1045 6.6418 1.5566
v -0.077 6.6413 1.5657
v -0.0806 6.7047 1.588
v -0.1105 6.701 1.5703
v -0.1088 6.6885 1.5729
v -0.0803 6.6946 1.5905
v -0.0515 6.6581 1.5828
v -0.05 6.6352 1.5722
v -0.0532 6.6957 1.5957
v -0.0533 6.684 1.5955
v -0.0214 6.6509 1.586
v -0.0198 6.6295 1.5775
v -0.023 6.6839 1.5992
v -0.0233 6.6742 1.5981
v 0 6.6491 1.5887
v 0 6.6297 1.5778
v 0 6.6826 1.6019
v 0 6.6712 1.6012
v -0.1288 6.6148 1.5361
v -0.1014 6.6133 1.5452
v -0.0761 6.6127 1.5452
v -0.0466 6.6114 1.5488
v -0.0215 6.6095 1.5497
v 0 6.6081 1.553
v -0.1091 6.7162 1.5654
v -0.1824 6.5773 1.4785
v -0.1837 6.5617 1.4765
v -0.1638 6.6063 1.4586
v -0.1724 6.5999 1.4789
v -0.1786 6.5903 1.4819
v -0.1296 6.5135 1.5116
v -0.1277 6.5406 1.5168
v -0.1234 6.5648 1.5253
v -0.1196 6.5797 1.5248
v -0.1151 6.5928 1.5173
v -0.1107 6.6043 1.517
v -0.0517 6.571 1.5529
v -0.0528 6.5544 1.5535
v -0.0544 6.5296 1.5489
v -0.0536 6.4841 1.5131
v -0.1311 6.4969 1.4946
v -0.1297 6.475 1.4831
v -0.0534 6.4615 1.5001
v -0.0571 6.4953 1.5417
v -0.0508 6.6011 1.5345
v -0.0511 6.5899 1.5419
v -0.1044 6.607 1.5077
v -0.1587 6.6097 1.443
v -0.0508 6.6061 1.5312
v -0.0949 6.6198 1.5073
v -0.0734 6.6198 1.5117
v -0.0423 6.6183 1.508
v -0.1094 6.6193 1.5003
v -0.096 6.6069 1.492
v -0.18 6.6042 1.4117
v -0.019 6.6182 1.5076
v 0 6.6149 1.5144
v -0.2419 6.6201 1.3812
v -0.2496 6.615 1.3739
v -0.0181 6.6293 1.5068
v 0 6.6269 1.5109
v -0.206 6.6242 1.4296
v -0.2188 6.6233 1.4103
v -0.0932 6.6295 1.4988
v -0.0726 6.6296 1.5043
v -0.2395 6.606 1.3714
v -0.2122 6.6045 1.388
v -0.1087 6.5914 1.4663
v -0.1714 6.5851 1.3907
v -0.0432 6.629 1.5065
v -0.0552 6.6022 1.5105
v -0.1085 6.629 1.4911
v -0.1667 6.6268 1.4544
v -0.0156 6.6555 1.5042
v 0 6.6497 1.507
v -0.0641 6.6646 1.4964
v -0.0386 6.661 1.5013
v -0.0638 6.5879 1.4881
v -0.1004 6.6617 1.4764
v -0.0863 6.6632 1.4847
v -0.2293 6.59 1.3595
v -0.2008 6.5821 1.3712
v -0.1935 6.6473 1.4142
v -0.2095 6.6433 1.3952
v -0.1564 6.653 1.4395
v -0.1658 6.5508 1.3916
v -0.1158 6.5529 1.4541
v -0.2469 6.6278 1.3634
v -0.256 6.6169 1.3576
v -0.1979 6.5513 1.3674
v -0.2483 6.6469 1.3563
v -0.2608 6.6206 1.3457
v -0.0153 6.7031 1.5052
v 0 6.6996 1.5078
v -0.0613 6.7079 1.4968
v -0.037 6.7051 1.5031
v -0.0618 6.5454 1.4851
v -0.0963 6.7072 1.4758
v -0.0826 6.7088 1.4842
v -0.2287 6.5644 1.3518
v -0.1866 6.6875 1.4128
v -0.2064 6.6797 1.3937
v -0.1537 6.6972 1.4363
v -0.1181 6.5138 1.4418
v -0.1605 6.521 1.3876
v -0.1598 6.4756 1.3583
v -0.1245 6.4617 1.3916
v -0.195 6.5272 1.3617
v -0.2529 6.6678 1.3467
v -0.2661 6.6258 1.334
v -0.015 6.747 1.4997
v 0 6.7438 1.4999
v -0.0583 6.7531 1.4915
v -0.0355 6.7511 1.4972
v -0.0588 6.5076 1.4783
v -0.0922 6.7507 1.4718
v -0.0785 6.7523 1.4802
v -0.2283 6.5462 1.3437
v -0.1817 6.7275 1.4092
v -0.2044 6.7166 1.3895
v -0.1462 6.736 1.4338
v -0.0824 6.238 0.6836
v 0 6.2249 0.6917
v 0 6.3045 0.6199
v -0.0649 6.3166 0.6148
v -0.182 6.7751 1.3917
v -0.2082 6.7604 1.373
v -0.1482 6.79 1.4128
v -0.0741 6.4084 1.021
v 0 6.3912 1.0281
v -0.0787 6.8088 1.4566
v -0.0576 6.8087 1.4671
v -0.1239 6.4239 1.3224
v -0.1707 6.4336 1.2949
v -0.1967 6.4905 1.3374
v -0.0629 6.395 1.1847
v 0 6.3689 1.1989
v -0.265 6.694 1.3273
v -0.2779 6.6315 1.3127
v -0.0139 6.7987 1.473
v 0 6.7929 1.4682
v -0.0609 6.4006 1.3471
v 0 6.4046 1.3379
v -0.0325 6.8049 1.4722
v -0.0453 6.4514 1.4311
v -0.0928 6.8064 1.4486
v -0.2324 6.5199 1.32
v -0.0117 6.8728 1.3849
v 0 6.8644 1.3795
v 0 6.4527 1.4237
v -0.0589 6.8865 1.3799
v -0.0341 6.8815 1.3839
v -0.1008 6.8816 1.3669
v -0.0864 6.8853 1.3723
v -0.2526 6.499 1.2673
v -0.211 6.4574 1.2795
v -0.1958 6.8384 1.3303
v -0.2273 6.8172 1.3175
v -0.1605 6.8586 1.3405
v 0 6.5078 1.4967
v -0.1914 6.4407 1.1698
v -0.1384 6.4141 1.1784
v 0 6.5366 1.506
v -0.2915 6.7249 1.2797
v -0.3041 6.6441 1.2665
v -0.2319 6.4651 1.1622
v 0 6.5769 1.4964
v -0.3168 6.7538 1.1754
v -0.3265 6.659 1.1653
v -0.0131 6.9423 1.24
v 0 6.9294 1.2385
v 0 6.6025 1.5086
v -0.067 6.9602 1.2344
v -0.0399 6.954 1.2373
v -0.1108 6.9531 1.2282
v -0.0955 6.9582 1.2311
v -0.2722 6.4891 1.1623
v -0.2107 6.8989 1.2153
v -0.2453 6.8739 1.2113
v -0.1826 6.9165 1.2171
v 0 6.6057 1.5271
v -0.1495 6.4225 1.0159
v -0.2122 6.4361 1.009
v -0.1707 6.2753 0.7114
v -0.2452 6.3224 0.7469
v -0.2528 6.4658 1.0062
v 0 6.6014 1.5396
v -0.3579 6.7824 1.0112
v -0.3636 6.6746 1.0023
v -0.0145 6.9713 1.038
v 0 6.9572 1.0474
v 0 6.5885 1.5512
v -0.0861 6.9937 1.0308
v -0.0501 6.9853 1.0334
v -0.1556 6.9802 1.0279
v -0.1223 6.9938 1.0301
v -0.2959 6.489 1.0158
v -0.2536 6.9334 1.0263
v -0.2892 6.9064 1.0237
v -0.2237 6.9525 1.0268
v 0 6.5736 1.5593
v -0.016 6.9401 0.8449
v 0 6.9265 0.8525
v 0 6.5563 1.5657
v -0.0834 6.9559 0.8306
v -0.0501 6.95 0.8341
v -0.148 6.941 0.8298
v -0.1179 6.9555 0.8294
v -0.298 6.4903 0.8227
v -0.2775 6.3915 0.8046
v -0.2481 6.8989 0.8262
v -0.2866 6.8691 0.823
v -0.2153 6.9194 0.8276
v 0 6.5271 1.5616
v -0.1129 6.3387 0.6082
v -0.1663 6.3775 0.61
v 0 6.4885 1.5565
v -0.3602 6.7525 0.8097
v -0.3507 6.6645 0.8067
v -0.2162 6.8013 0.656
v -0.2557 6.7802 0.6489
v -0.1812 6.8158 0.661
v -0.0933 6.8406 0.6676
v -0.0687 6.8409 0.6685
v -0.2076 6.4366 0.603
v -0.3223 6.7 0.633
v -0.3085 6.644 0.6113
v -0.0169 6.8296 0.6777
v 0 6.8243 0.6889
v -0.0378 6.8363 0.6715
v -0.1199 6.8306 0.6701
v -0.215 6.5227 0.6022
v -0.1665 6.5672 0.5695
v -0.1497 6.5491 0.5734
v -0.0824 6.5298 0.5788
v -0.1233 6.5326 0.5696
v 0 6.5256 0.5873
v -0.0445 6.5182 0.5744
v -0.1512 6.6758 0.5712
v -0.1668 6.6692 0.5692
v -0.1411 6.6967 0.5686
v -0.146 6.8211 0.6726
v -0.1141 6.7036 0.5674
v -0.2283 6.6487 0.5602
v -0.212 6.6136 0.5639
v -0.0174 6.684 0.5875
v 0 6.6804 0.589
v -0.0521 6.7037 0.5692
v -0.0315 6.701 0.5711
v -0.0904 6.688 0.5716
v -0.0733 6.6881 0.5722
v -0.1623 7.8373 1.4528
v -0.1569 7.9109 1.429
v -0.0537 6.4311 1.4834
v -0.1292 6.4472 1.4675
v -0.3065 6.6044 1.397
v -0.3026 6.5761 1.3928
v -0.2886 6.5836 1.4023
v -0.288 6.6087 1.4086
v -0.2693 6.5259 1.4039
v -0.2374 6.5013 1.4219
v -0.1923 6.4724 1.4401
v -0.0638 6.168 1.341
v -0.1443 6.1869 1.3181
v -0.1377 6.1857 1.2578
v -0.059 6.1675 1.2867
v -0.4745 6.4321 0.9384
v -0.5005 6.4694 0.9891
v -0.5378 6.5262 0.9089
v -0.5123 6.4917 0.8663
v -0.4489 6.4929 0.5913
v -0.4884 6.5532 0.6252
v -0.5059 6.6051 0.5364
v -0.4674 6.5281 0.5065
v -0.4069 6.3838 0.5431
v -0.4411 6.4271 0.4679
v -0.4071 6.248 0.4841
v -0.4329 6.2985 0.4171
v -0.4192 6.0961 0.412
v -0.4327 6.1222 0.3386
v -0.4582 5.9302 0.3306
v -0.4828 5.9669 0.2557
v -0.5318 5.7939 0.2605
v -0.5447 5.8062 0.1857
v -0.3857 6.3902 0.7128
v -0.431 6.433 0.7762
v -0.4631 6.4903 0.7063
v -0.4192 6.434 0.6585
v -0.3416 6.3137 0.6373
v -0.3742 6.3577 0.586
v -0.3353 6.1829 0.5737
v -0.3792 6.2132 0.5413
v -0.3704 6.0409 0.5352
v -0.3945 6.0668 0.4781
v -0.4082 5.894 0.4662
v -0.4395 5.9111 0.4017
v -0.4802 5.7613 0.3913
v -0.5021 5.773 0.3338
v -0.5796 6.6127 0.8261
v -0.5527 6.5791 0.7813
v -0.131 6.1866 1.1871
v -0.1238 6.1969 1.0977
v -0.0562 6.1744 1.1324
v -0.055 6.166 1.2186
v -0.1103 6.1937 0.9846
v -0.052 6.1791 1.011
v -0.0815 6.1726 0.8335
v -0.0378 6.1645 0.8488
v -0.0653 6.0764 0.7335
v -0.0286 6.0729 0.7447
v -0.1589 5.9601 0.6541
v -0.1142 5.9453 0.6813
v -0.1098 6.0787 0.7234
v -0.1529 6.0866 0.7036
v -0.0918 5.7879 0.6854
v -0.0733 5.9356 0.699
v -0.1375 5.8042 0.6658
v -0.0339 5.9333 0.7084
v -0.0466 5.7833 0.6895
v -0.1924 5.8107 0.657
v -0.1157 5.6458 0.6922
v -0.0575 5.631 0.6954
v -0.1765 6.1908 0.7831
v -0.2164 6.2046 0.7584
v -0.1924 6.1019 0.6761
v 0 5.7815 0.6917
v 0 5.9307 0.7103
v -0.2462 5.6667 0.6785
v -0.1805 5.6504 0.7008
v -0.4484 5.735 0.4631
v -0.3735 5.8714 0.5245
v -0.3305 6.0164 0.5724
v -0.2934 6.156 0.5989
v 0 6.1615 0.8517
v 0 6.1687 1.0302
v -0.4429 6.388 1.0012
v -0.4581 6.4145 1.0499
v -0.5406 7.8719 1.1777
v -0.4881 6.5739 0.3906
v -0.4675 6.478 0.3607
v -0.4962 6.0001 0.178
v -0.5744 5.8344 0.1046
v -0.4482 6.1629 0.2527
v -0.4483 6.3518 0.3248
v -0.4861 6.6045 0.2563
v -0.4668 6.5086 0.234
v -0.4985 6.0347 0.0924
v -0.5903 5.8862 0.0187
v -0.4445 6.3874 0.2129
v -0.4614 6.211 0.1545
v -0.4612 6.6199 0.1174
v -0.4501 6.529 0.1027
v -0.4897 6.0744 -0.0012
v -0.566 5.9191 -0.0638
v -0.4497 6.413 0.084
v -0.459 6.2487 0.0492
v -0.4265 6.63 -0.0071
v -0.4218 6.5468 -0.0134
v -0.446 6.103 -0.0847
v -0.5111 5.9424 -0.1489
v -0.4175 6.4332 -0.0252
v -0.4217 6.2819 -0.0458
v -0.3563 6.6424 -0.0856
v -0.3475 6.5616 -0.085
v -0.3453 6.106 -0.1438
v -0.4087 5.9524 -0.207
v -0.3433 6.448 -0.0888
v -0.3438 6.2916 -0.1052
v -0.2494 6.6588 -0.1257
v -0.2393 6.5778 -0.1141
v -0.2494 6.1072 -0.168
v -0.3024 5.9559 -0.2392
v -0.2339 6.4691 -0.1099
v -0.2362 6.3079 -0.1234
v -0.054 6.685 -0.1354
v 0 6.6897 -0.1335
v 0 6.6028 -0.1097
v -0.049 6.6005 -0.1164
v -0.0683 6.112 -0.1649
v 0 6.1063 -0.1395
v 0 5.9416 -0.2341
v -0.09 5.9493 -0.2313
v 0 6.4862 -0.0875
v -0.0461 6.4865 -0.0951
v 0 6.3199 -0.0989
v -0.0475 6.3253 -0.1061
v -0.4048 8.011 -0.2012
v -0.4443 8.2145 0.0034
v -0.3043 8.2673 -0.0299
v -0.279 8.0499 -0.2402
v -0.1696 8.2975 -0.045
v -0.1497 8.0686 -0.2535
v -0.5987 7.847 -0.0197
v -0.6387 7.9999 0.1434
v -0.5408 8.1168 0.0604
v -0.5124 7.9446 -0.1382
v -0.7314 7.5409 0.2698
v -0.7466 7.6047 0.3576
v -0.7313 7.7319 0.2937
v -0.7087 7.6416 0.1815
v -0.6888 7.8574 0.2221
v -0.6615 7.7449 0.0846
v -0.6944 7.0747 0.831
v -0.6963 7.1793 0.8429
v -0.7011 7.1751 0.793
v -0.6982 7.0655 0.7778
v -0.6875 7.2891 0.8658
v -0.6964 7.2945 0.8158
v -0.7073 7.9778 0.5941
v -0.7067 7.9505 0.4073
v -0.7443 7.7993 0.4428
v -0.7407 7.8148 0.5784
v -0.6824 6.973 0.8292
v -0.6871 6.9589 0.7678
v -0.5529 7.0052 0.1373
v -0.5724 7.1039 0.1115
v -0.5306 7.1107 0.0056
v -0.5109 6.9987 0.0314
v -0.6385 8.1058 0.3765
v -0.6326 8.142 0.6218
v -0.4702 7.121 -0.101
v -0.4538 7.0034 -0.073
v -0.5537 6.5792 0.9688
v -0.5981 6.6629 0.8951
v -0.5103 6.6522 0.4254
v -0.5104 6.698 0.2849
v -0.4767 6.6956 0.1223
v -0.4283 6.6982 -0.0024
v -0.35 6.7098 -0.0919
v -0.2538 6.7217 -0.133
v -0.5278 7.0229 1.2994
v -0.4954 7.0618 1.3262
v -0.5352 7.0969 1.2808
v -0.563 7.0636 1.2505
v -0.4784 7.2394 1.3125
v -0.4995 7.2271 1.2985
v -0.486 7.1506 1.3137
v -0.4495 7.126 1.3467
v -0.5223 7.2117 1.2758
v -0.5093 7.1826 1.2903
v -0.4867 7.2021 1.3059
v -0.4706 7.0947 1.3384
v -0.508 7.1263 1.3006
v -0.6364 6.7219 0.7674
v -0.6072 6.7005 0.6967
v -0.6339 6.7604 0.8453
v 0 6.0719 0.7456
v 0 5.6374 0.6974
v -0.0649 6.1747 1.3653
v -0.1472 6.1926 1.3453
v -0.2231 6.2312 1.3031
v -0.2907 6.2829 1.2487
v -0.2946 6.2688 1.2118
v -0.2224 6.2224 1.2696
v -0.292 6.2577 1.1631
v -0.2158 6.2152 1.217
v -0.3553 6.3161 1.156
v -0.3521 6.3342 1.1948
v -0.3558 6.2998 1.1108
v -0.3135 6.2867 0.9835
v -0.2707 6.2766 0.8815
v -0.2275 6.2524 0.9168
v -0.2619 6.2578 1.0239
v -0.1323 6.1799 0.8137
v -0.2482 5.8235 0.637
v -0.3113 5.674 0.6503
v -0.2048 5.9697 0.636
v -0.172 6.2211 0.9528
v -0.1967 6.2261 1.0632
v -0.2808 6.2539 1.1008
v -0.2054 6.2166 1.1502
v -0.339 6.2914 1.0529
v -0.4562 6.4483 1.1001
v -0.5091 6.5107 1.0424
v -0.3297 6.3282 0.8026
v -0.3749 6.3561 0.8903
v -0.4001 6.3906 0.8362
v -0.3554 6.3525 0.7607
v -0.2936 5.9969 0.5964
v -0.2637 6.1397 0.6201
v -0.3469 5.8516 0.5834
v -0.4031 5.7128 0.5228
v -0.4398 6.4127 0.8904
v -0.4738 6.464 0.8222
v -0.5394 6.6144 0.6584
v -0.5406 6.6689 0.5704
v -0.4087 6.371 0.9502
v -0.5099 6.5342 0.7426
v -0.5362 6.7157 0.4753
v -0.729 7.4505 0.3421
v -0.7402 7.5018 0.4165
v -0.7278 7.3739 0.3993
v -0.7329 7.4072 0.4543
v -0.6924 6.9527 0.7108
v -0.702 7.0583 0.7287
v 0 8.3209 -0.0432
v 0 8.0801 -0.2604
v -0.6663 6.8461 0.7629
v -0.6705 6.8377 0.6827
v -0.5283 7.5315 -0.1531
v -0.5616 7.6829 -0.1067
v -0.4796 7.7443 -0.2261
v -0.4468 7.5647 -0.2584
v -0.5402 6.7637 0.3836
v -0.0579 6.8029 -0.1661
v 0 6.8046 -0.1684
v 0 6.7598 -0.1515
v -0.0559 6.7532 -0.1475
v -0.1627 6.9047 -0.2003
v -0.1794 6.9939 -0.2456
v -0.0762 6.991 -0.2536
v -0.064 6.9013 -0.2039
v -0.2706 6.9041 -0.1804
v -0.2851 6.9941 -0.2139
v -0.3541 6.768 -0.0985
v -0.2592 6.7787 -0.1467
v -0.4363 6.7613 -0.0135
v -0.4852 6.7613 0.1028
v -0.519 6.7708 0.2394
v -0.1479 6.6761 -0.1324
v -0.1519 6.7401 -0.1436
v -0.5546 7.2321 -0.0295
v -0.491 7.2498 -0.1348
v -0.102 7.1154 -0.3205
v -0.1159 7.2609 -0.3713
v 0 7.2663 -0.3791
v 0 7.1164 -0.3296
v -0.6032 7.2125 0.0747
v -0.3952 7.1288 -0.1905
v -0.4148 7.2647 -0.2306
v -0.3265 7.2684 -0.3031
v -0.3079 7.1256 -0.2593
v -0.6092 7.0964 0.197
v -0.6409 7.1844 0.1729
v -0.6705 7.3175 0.1632
v -0.692 7.4 0.1884
v -0.6513 7.4431 0.0729
v -0.6288 7.3377 0.0561
v -0.5082 7.3928 -0.1662
v -0.4284 7.4129 -0.2642
v -0.5759 7.3667 -0.0559
v -0.5991 7.4904 -0.0452
v -0.1142 7.4354 -0.3882
v -0.126 7.6282 -0.3872
v 0 7.6357 -0.391
v 0 7.442 -0.3916
v -0.3544 7.5913 -0.3295
v -0.336 7.4254 -0.3279
v -0.379 7.7872 -0.2993
v -0.7104 7.472 0.2224
v -0.6808 7.5439 0.1073
v -0.6301 7.6164 0.0013
v -0.1389 7.8254 -0.3578
v 0 7.8499 -0.3605
v -0.1196 8.3974 0.9698
v 0 8.4104 0.9715
v 0 8.4913 0.6961
v -0.1519 8.4771 0.6926
v -0.5129 8.2441 0.8799
v -0.3856 8.3294 0.924
v -0.4233 7.9395 1.2634
v -0.4425 8.0225 1.195
v -0.5609 7.9428 1.1079
v -0.6467 7.8305 1.0103
v -0.6872 7.7052 0.9211
v -0.2708 8.4542 0.6879
v -0.3019 8.4243 0.3057
v -0.3779 7.0057 -0.157
v -0.0627 7.9172 1.4416
v -0.0614 7.8478 1.4683
v 0 7.8495 1.4727
v 0 7.9191 1.4454
v -0.297 7.9828 1.3317
v -0.3127 8.0778 1.265
v -0.6613 7.8798 0.9444
v -0.5759 8.0001 1.0417
v -0.7051 7.7485 0.8607
v -0.209 7.1192 -0.305
v -0.7306 7.8074 0.6939
v -0.692 7.9616 0.7468
v -0.6182 8.1187 0.8167
v -0.4583 8.0922 1.1298
v -0.5729 6.7387 0.6068
v -0.5636 6.7716 0.5163
v -0.5637 6.8145 0.4445
v -0.5466 6.8114 0.3331
v -0.6253 7.0908 0.2769
v -0.6503 7.1656 0.2646
v -0.6826 7.2912 0.2601
v -0.7026 7.3519 0.2862
v -0.7175 7.408 0.3081
v -0.6769 7.9237 0.864
v -0.5975 8.0607 0.9572
v -0.7222 7.7849 0.7886
v 0 6.989 -0.2571
v -0.4851 8.1678 1.0415
v -0.0796 8.2067 1.2477
v -0.0651 8.1239 1.3146
v 0 8.1256 1.3205
v 0 8.2119 1.2542
v -0.1372 6.477 -0.1098
v -0.1387 6.3132 -0.1207
v 0 8.4777 0.3158
v -0.1747 8.4575 0.3073
v -0.5698 6.9348 0.2576
v -0.5867 6.9589 0.3259
v -0.6041 7.0198 0.3002
v -0.5853 7.0074 0.2297
v -0.2386 8.3787 0.9608
v -0.3535 8.2339 1.102
v -0.2057 8.2615 1.147
v -0.0616 8.0101 1.3911
v 0 8.0143 1.3948
v -0.2265 7.2627 -0.3541
v -0.1409 6.5933 -0.118
v -0.2621 7.813 -0.3436
v -0.0941 8.2749 1.1621
v 0 8.2895 1.1671
v -0.1587 6.1154 -0.1927
v -0.191 5.9516 -0.233
v -0.2278 7.4298 -0.3715
v -0.2429 7.6127 -0.3705
v -0.3301 8.1536 1.1938
v 0 6.4583 1.5032
v 0 6.4872 1.5161
v 0 6.4303 1.4908
v 0 6.1645 1.1405
v 0 6.1555 1.2306
v 0 6.1588 1.2949
v 0 6.1614 1.3455
v 0 6.1683 1.3778
v -0.1618 7.1705 1.4211
v -0.1505 7.1544 1.4326
v -0.1176 7.185 1.4415
v -0.1339 7.1981 1.4261
v -0.3489 6.3506 1.2285
v -0.2882 6.2966 1.276
v -0.2223 6.2432 1.3276
v -0.1479 6.2047 1.3714
v -0.0671 6.186 1.3931
v -0.2751 6.2464 0.6972
v -0.3058 6.271 0.6628
v -0.6488 7.0933 0.34
v -0.666 7.1544 0.332
v -0.6917 7.2526 0.3318
v -0.7068 7.3033 0.3482
v -0.1703 8.1089 1.3046
v -0.1595 7.9979 1.3813
v -0.1848 8.1866 1.2343
v -0.349 7.3309 1.3983
v -0.3487 7.3318 1.389
v -0.3114 7.3316 1.3973
v -0.3112 7.3315 1.404
v -0.4343 7.3011 1.3614
v -0.4337 7.3008 1.3734
v -0.4385 7.2937 1.3653
v -0.4385 7.293 1.3556
v -0.4287 7.3075 1.3664
v -0.4279 7.3066 1.3788
v -0.4104 7.3179 1.3778
v -0.4099 7.3169 1.3895
v -0.3833 7.325 1.39
v -0.3835 7.3242 1.4009
v -0.2723 7.3235 1.4007
v -0.197 7.2598 1.3673
v -0.1851 7.2669 1.3746
v -0.2018 7.2875 1.3795
v -0.2139 7.2883 1.3724
v -0.2087 7.2812 1.3697
v -0.1934 7.2802 1.3747
v -0.1847 7.274 1.3768
v -0.2244 7.2529 1.3785
v -0.2218 7.252 1.3842
v -0.21 7.2549 1.3795
v -0.2123 7.256 1.3723
v -0.276 7.2434 1.3936
v -0.276 7.2434 1.3986
v -0.241 7.2478 1.3915
v -0.2424 7.2487 1.3858
v -0.2116 7.2952 1.3827
v -0.3114 7.2398 1.3999
v -0.3109 7.2395 1.4046
v -0.2353 7.3097 1.3898
v -0.4071 7.2569 1.3739
v -0.4086 7.257 1.3768
v -0.3865 7.2481 1.3873
v -0.3848 7.2478 1.3835
v -0.4296 7.2711 1.3557
v -0.4295 7.2712 1.3613
v -0.4249 7.2677 1.3656
v -0.4248 7.2676 1.3613
v -0.4377 7.2824 1.3492
v -0.4367 7.2823 1.355
v -0.4336 7.2755 1.3562
v -0.4342 7.275 1.3509
v -0.4394 7.2875 1.3509
v -0.4394 7.2874 1.358
v -0.3103 7.2467 1.3611
v -0.3109 7.2415 1.3928
v -0.276 7.2442 1.3879
v -0.2774 7.2487 1.3573
v -0.4017 7.2566 1.3362
v -0.4009 7.2578 1.3647
v -0.3807 7.2493 1.3752
v -0.3807 7.2519 1.3462
v -0.4322 7.2943 1.3154
v -0.434 7.2931 1.3409
v -0.435 7.2875 1.3389
v -0.4335 7.2877 1.3109
v -0.3508 7.3255 1.3617
v -0.3806 7.3248 1.376
v -0.3846 7.3209 1.3522
v -0.2178 7.2988 1.348
v -0.2194 7.2952 1.3751
v -0.2353 7.3097 1.3848
v -0.2354 7.3088 1.3574
v -0.2438 7.2496 1.38
v -0.2404 7.2546 1.3471
v -0.4342 7.283 1.3386
v -0.4338 7.2816 1.3081
v -0.4067 7.3159 1.3602
v -0.4066 7.317 1.3399
v -0.2146 7.2904 1.3461
v -0.2096 7.2827 1.3462
v -0.2293 7.256 1.3435
v -0.227 7.2537 1.3727
v -0.2178 7.2571 1.3676
v -0.2222 7.2575 1.3421
v -0.4316 7.275 1.3412
v -0.4347 7.2768 1.3077
v -0.4238 7.3088 1.3476
v -0.4217 7.3084 1.3277
v -0.2048 7.2754 1.3457
v -0.203 7.2751 1.369
v -0.43 7.2715 1.3132
v -0.4267 7.2712 1.3461
v -0.4202 7.2676 1.3512
v -0.4254 7.2662 1.3187
v -0.4297 7.3006 1.3437
v -0.428 7.3019 1.3218
v -0.2036 7.2715 1.3456
v -0.203 7.2683 1.3675
v -0.2706 7.3184 1.3657
v -0.272 7.3243 1.396
v -0.3141 7.325 1.368
v -0.2081 7.265 1.3445
v -0.2108 7.2625 1.366
v -0.2253 7.3443 1.362
v -0.2632 7.364 1.3704
v -0.3018 7.1882 1.3688
v -0.2597 7.1949 1.3643
v -0.42 7.222 1.337
v -0.3939 7.205 1.3506
v -0.4476 7.3071 1.3146
v -0.4513 7.2931 1.3105
v -0.3512 7.3748 1.3641
v -0.3865 7.3654 1.3528
v -0.2005 7.3228 1.3508
v -0.2294 7.2057 1.3554
v -0.4524 7.2794 1.3089
v -0.4121 7.3522 1.3403
v -0.1867 7.3036 1.3411
v -0.1794 7.2874 1.3326
v -0.2123 7.2149 1.3478
v -0.1983 7.2262 1.3405
v -0.451 7.2665 1.31
v -0.4298 7.3367 1.329
v -0.1765 7.2731 1.3271
v -0.4466 7.2544 1.3149
v -0.4383 7.2406 1.3229
v -0.4407 7.3218 1.3209
v -0.1776 7.2597 1.3273
v -0.3087 7.3751 1.371
v -0.1838 7.2438 1.3313
v -0.1645 7.254 1.3036
v -0.1625 7.2735 1.3056
v -0.2545 7.4005 1.3335
v -0.3044 7.4128 1.3329
v -0.4504 7.337 1.2885
v -0.4582 7.3174 1.2822
v -0.3512 7.4102 1.3266
v -0.1717 7.2316 1.3033
v -0.2124 7.375 1.3279
v -0.3007 7.1498 1.3276
v -0.2524 7.16 1.3247
v -0.4325 7.2013 1.2981
v -0.4042 7.1763 1.31
v -0.4623 7.2984 1.278
v -0.3895 7.3968 1.3171
v -0.1849 7.3449 1.3192
v -0.2209 7.1755 1.3185
v -0.4634 7.2793 1.2764
v -0.418 7.378 1.3066
v -0.1703 7.3172 1.3112
v -0.164 7.2937 1.3074
v -0.2021 7.1897 1.3131
v -0.1864 7.2069 1.3081
v -0.4617 7.2611 1.2775
v -0.4377 7.3573 1.2966
v -0.4576 7.2448 1.281
v -0.4495 7.2261 1.2875
v -0.3484 7.4299 1.2864
v -0.3879 7.4151 1.2797
v -0.1768 7.3603 1.2838
v -0.206 7.3944 1.2887
v -0.2495 7.1417 1.2827
v -0.2176 7.159 1.2801
v -0.466 7.3021 1.2474
v -0.4672 7.2793 1.2456
v -0.4177 7.3942 1.2718
v -0.1612 7.3275 1.2792
v -0.1547 7.2993 1.2757
v -0.198 7.1752 1.2775
v -0.1809 7.1953 1.2753
v -0.4652 7.2575 1.2459
v -0.4388 7.371 1.2639
v -0.1536 7.2749 1.2735
v -0.4608 7.2386 1.248
v -0.4528 7.2176 1.252
v -0.4527 7.3476 1.257
v -0.1564 7.2515 1.2725
v -0.2496 7.4215 1.2916
v -0.3004 7.4336 1.2908
v -0.4614 7.3248 1.2513
v -0.1647 7.2245 1.2732
v -0.2991 7.1301 1.2827
v -0.436 7.19 1.259
v -0.4069 7.1613 1.2678
v -0.3444 7.437 1.2547
v -0.2975 7.4404 1.2575
v -0.1627 7.2217 1.2492
v -0.1536 7.2511 1.2495
v -0.2055 7.4024 1.2571
v -0.2482 7.4286 1.2583
v -0.2976 7.125 1.2478
v -0.2489 7.1364 1.2502
v -0.434 7.1866 1.2293
v -0.405 7.1572 1.2352
v -0.4598 7.329 1.2278
v -0.4648 7.3044 1.2243
v -0.3837 7.4225 1.25
v -0.1758 7.3684 1.2551
v -0.2176 7.1535 1.2503
v -0.466 7.2795 1.2223
v -0.4139 7.4016 1.2443
v -0.1591 7.3342 1.2531
v -0.1518 7.3037 1.2515
v -0.198 7.1698 1.2499
v -0.1801 7.1906 1.2494
v -0.4637 7.2561 1.2219
v -0.4357 7.3779 1.2382
v -0.1505 7.2769 1.2503
v -0.459 7.2362 1.2229
v -0.4508 7.2147 1.2251
v -0.4505 7.3534 1.2326
v -0.4312 7.3809 1.2183
v -0.4465 7.3563 1.214
v -0.4563 7.3314 1.2101
v -0.4616 7.3061 1.2068
v -0.4603 7.2565 1.2039
v -0.4628 7.2804 1.2047
v -0.1629 7.2219 1.23
v -0.1536 7.2523 1.2311
v -0.4472 7.2153 1.2048
v -0.4555 7.2365 1.204
v -0.4017 7.1585 1.2103
v -0.4305 7.1877 1.2068
v -0.2484 7.1373 1.2256
v -0.2959 7.1263 1.2212
v -0.3403 7.4379 1.23
v -0.3788 7.4244 1.2269
v -0.218 7.1537 1.2277
v -0.2481 7.4292 1.2327
v -0.2073 7.4045 1.2328
v -0.1505 7.2794 1.2317
v -0.1605 7.3385 1.2324
v -0.1524 7.3074 1.2321
v -0.1987 7.1696 1.2286
v -0.1807 7.1903 1.2291
v -0.1779 7.3721 1.2326
v -0.2951 7.4406 1.2319
v -0.409 7.4043 1.2228
v -0.4254 7.3817 1.1998
v -0.403 7.4044 1.2029
v -0.1642 7.3413 1.2128
v -0.1552 7.3105 1.2136
v -0.1819 7.3733 1.212
v -0.1999 7.1726 1.2087
v -0.2186 7.1574 1.2067
v -0.248 7.1419 1.2028
v -0.294 7.1317 1.1969
v -0.2488 7.4262 1.2097
v -0.2102 7.4033 1.211
v -0.4554 7.2583 1.187
v -0.4579 7.2821 1.1881
v -0.3733 7.4232 1.2057
v -0.3362 7.4354 1.2077
v -0.4505 7.2388 1.1864
v -0.4411 7.3577 1.1967
v -0.2931 7.4373 1.2087
v -0.1527 7.2822 1.214
v -0.1553 7.2548 1.2134
v -0.3971 7.1631 1.1875
v -0.4256 7.1916 1.186
v -0.4511 7.3332 1.1935
v -0.1645 7.2244 1.2117
v -0.4566 7.3079 1.1905
v -0.4422 7.2184 1.186
v -0.4425 7.243 1.1669
v -0.4472 7.2614 1.1679
v -0.433 7.3573 1.1774
v -0.4173 7.3801 1.1792
v -0.2506 7.4194 1.1859
v -0.2148 7.3988 1.188
v -0.1599 7.2586 1.1929
v -0.1688 7.2291 1.1905
v -0.1578 7.2851 1.1935
v -0.3899 7.1715 1.1637
v -0.4178 7.1986 1.1637
v -0.443 7.3341 1.1749
v -0.332 7.429 1.1846
v -0.2919 7.4299 1.1848
v -0.1611 7.3126 1.1924
v -0.2207 7.1648 1.1835
v -0.2488 7.1508 1.1782
v -0.4483 7.3098 1.1717
v -0.1708 7.3423 1.191
v -0.1883 7.372 1.1898
v -0.4343 7.2238 1.1654
v -0.4495 7.2845 1.1691
v -0.395 7.4014 1.1813
v -0.3666 7.4185 1.1834
v -0.2028 7.1788 1.1864
v -0.2927 7.1419 1.1714
v -0.1699 7.288 1.1655
v -0.1715 7.2638 1.1649
v -0.3784 7.1864 1.1373
v -0.4041 7.2103 1.1382
v -0.4284 7.3326 1.1505
v -0.4192 7.3533 1.1525
v -0.3278 7.4157 1.1573
v -0.2925 7.4158 1.1569
v -0.174 7.3133 1.1641
v -0.2277 7.1783 1.1548
v -0.2537 7.1668 1.1491
v -0.4329 7.3104 1.1473
v -0.184 7.3404 1.1626
v -0.2004 7.3665 1.1618
v -0.4199 7.2324 1.1408
v -0.4339 7.287 1.1448
v -0.3834 7.3924 1.1548
v -0.358 7.4072 1.1566
v -0.2241 7.3892 1.1601
v -0.2112 7.1904 1.158
v -0.2931 7.1602 1.1428
v -0.432 7.2658 1.1438
v -0.4042 7.3734 1.1534
v -0.2558 7.4065 1.1577
v -0.4278 7.2493 1.1429
v -0.1799 7.2367 1.162
v -0.3434 7.2524 1.0903
v -0.3918 7.2447 1.1125
v -0.379 7.2281 1.1108
v -0.3378 7.2421 1.0915
v -0.3983 7.2578 1.1136
v -0.3455 7.2619 1.0892
v -0.3452 7.2735 1.088
v -0.4014 7.2713 1.1138
v -0.2454 7.3704 1.1258
v -0.2835 7.3492 1.1001
v -0.2757 7.3384 1.0971
v -0.2269 7.3536 1.1259
v -0.3352 7.3399 1.0963
v -0.3796 7.358 1.1216
v -0.3917 7.3422 1.1205
v -0.3403 7.3284 1.0933
v -0.2971 7.19 1.1141
v -0.3037 7.2178 1.0975
v -0.3237 7.2209 1.0968
v -0.3329 7.1955 1.1119
v -0.3289 7.35 1.0997
v -0.3634 7.3726 1.1231
v -0.2679 7.1944 1.117
v -0.2947 7.2247 1.0952
v -0.3595 7.2101 1.1106
v -0.3306 7.2311 1.0938
v -0.2934 7.3575 1.1028
v -0.2694 7.3828 1.1252
v -0.2965 7.3902 1.1257
v -0.3025 7.3647 1.1062
v -0.3989 7.3257 1.1187
v -0.3431 7.3156 1.0906
v -0.3174 7.3651 1.1066
v -0.3232 7.3906 1.1264
v -0.3447 7.384 1.1251
v -0.3228 7.3581 1.103
v -0.2758 7.2491 1.0906
v -0.2221 7.2258 1.1221
v -0.2091 7.2488 1.1234
v -0.2684 7.2645 1.0897
v -0.2475 7.2023 1.12
v -0.2869 7.2318 1.0935
v -0.2016 7.2709 1.1257
v -0.2638 7.2802 1.0899
v -0.402 7.3077 1.1162
v -0.3441 7.3018 1.0885
v -0.2816 7.2391 1.092
v -0.2344 7.2114 1.1216
v -0.4026 7.2886 1.1143
v -0.3446 7.2873 1.0876
v -0.2005 7.2908 1.1264
v -0.263 7.2951 1.0906
v -0.2137 7.3333 1.1254
v -0.2699 7.325 1.0941
v -0.2654 7.3101 1.0918
v -0.2047 7.3115 1.1257
v -0.3412 7.1672 1.1387
v -0.5599 7.1351 1.2453
v -0.5864 7.1073 1.2137
v -0.6656 6.8737 0.831
v -0.6525 6.8231 0.5952
v -0.5333 7.1598 1.2713
v -0.4668 7.2202 1.3182
v -0.4422 7.2435 1.3469
v -0.4529 7.2326 1.3344
v -0.4313 7.2544 1.3572
v -0.425 7.2618 1.3647
v -1.1458 5.6281 0.3861
v -1.4854 5.7009 0.4304
v -1.4147 5.629 0.5973
v -1.1027 5.5862 0.5304
v -1.8279 5.6297 0.4514
v -1.7436 5.5803 0.6205
v -2.0454 5.433 0.4469
v -1.9357 5.4027 0.6075
v -2.1812 5.2854 0.4275
v -2.0698 5.2479 0.557
v -2.2697 5.1741 0.4077
v -2.17 5.1371 0.5338
v -2.3195 5.075 0.3912
v -2.3698 4.9951 0.3797
v -2.2644 4.965 0.4923
v -2.2211 5.0421 0.5104
v -2.4234 4.9079 0.3752
v -2.3071 4.882 0.4863
v -2.4919 4.8083 0.3771
v -2.3714 4.7905 0.4964
v -2.556 4.6816 0.3791
v -2.4517 4.663 0.5009
v -1.3198 5.5422 0.7237
v -1.0353 5.5373 0.6586
v -1.5842 5.4897 0.7269
v -1.769 5.3543 0.6999
v -1.899 5.2051 0.6451
v -1.9938 5.0928 0.6025
v -2.1009 4.9212 0.554
v -2.0541 5.0016 0.5718
v -2.1469 4.8432 0.5486
v -2.2096 4.7442 0.5574
v -2.2896 4.6217 0.5677
v -1.0064 5.3488 0.8939
v -1.2589 5.3046 0.8893
v -1.0963 5.201 0.9542
v -0.7773 5.238 0.9696
v -1.4565 5.2245 0.8566
v -1.3256 5.1312 0.9088
v -1.5915 5.108 0.7934
v -1.4686 5.0218 0.8345
v -1.6844 4.998 0.7181
v -1.5712 4.9218 0.7413
v -1.7362 4.9045 0.64
v -1.7773 4.8405 0.5673
v -1.6511 4.7806 0.5225
v -1.6193 4.8439 0.6373
v -1.8164 4.7817 0.503
v -1.6775 4.7051 0.3767
v -1.8841 4.6915 0.4761
v -1.7643 4.645 0.3247
v -2.007 4.5364 0.4691
v -1.8854 4.5041 0.3204
v -0.4788 5.1876 0.9899
v -0.4828 5.0633 1.0449
v -0.2531 5.047 1.0353
v -0.2484 5.153 0.9901
v -0.9875 5.0879 1.0141
v -0.7189 5.0995 1.041
v -1.2232 5.023 0.9587
v -1.3826 4.9169 0.8732
v -1.4871 4.8248 0.7661
v -1.5485 4.7022 0.5106
v -1.5277 4.759 0.645
v -1.5653 4.6433 0.3581
v -1.6444 4.6032 0.1899
v -1.5733 4.5736 0.1894
v -1.8107 4.473 0.1606
v -1.7209 4.5712 0.1721
v 0 5.0217 1.0242
v 0 5.1283 0.988
v -0.1115 5.1356 0.9866
v -0.1109 5.0309 1.0294
v -0.9082 4.9832 1.0748
v -0.6663 4.9882 1.1028
v -1.1491 4.9221 1.0159
v -1.3219 4.8229 0.9211
v -1.4185 4.7358 0.8037
v -1.4739 4.6145 0.5249
v -1.4534 4.6688 0.6712
v -1.4966 4.5695 0.3649
v -1.7195 4.4917 0.034
v -1.6472 4.5226 0.0345
v -0.8448 4.875 1.1423
v -0.6162 4.8702 1.1542
v -1.0991 4.8164 1.0883
v -1.2747 4.7176 0.985
v -1.3588 4.635 0.8591
v -1.4139 4.5084 0.5613
v -1.3884 4.5668 0.7181
v -1.4473 4.4697 0.391
v -1.5235 4.5165 0.1942
v -1.4857 4.4293 0.2095
v -0.8051 4.7557 1.1984
v -0.5856 4.7668 1.2001
v -1.0615 4.6927 1.155
v -1.233 4.5923 1.0586
v -1.2994 4.5138 0.9343
v -1.3505 4.3776 0.6172
v -1.321 4.4491 0.7876
v -1.4014 4.3359 0.4345
v -1.4538 4.3057 0.2336
v 0 4.7192 1.1425
v -0.116 4.763 1.1401
v -0.1128 4.6322 1.193
v 0 4.5723 1.2031
v -0.7666 4.6146 1.2622
v -0.5546 4.6146 1.2645
v -1.0233 4.5577 1.2219
v -1.1837 4.4574 1.1453
v -1.2372 4.3582 1.0374
v -1.272 4.2084 0.6892
v -1.2541 4.2976 0.8895
v -1.3602 4.1518 0.4899
v -1.4227 4.1293 0.2658
v -0.0706 4.3967 1.2853
v 0 4.3685 1.2956
v 0 4.9224 1.0629
v -0.1134 4.9256 1.0677
v -0.5396 5.5856 0.5004
v -0.6061 5.6219 0.4273
v -1.1767 5.6457 0.2522
v -1.5132 5.7281 0.2635
v -1.8529 5.6398 0.268
v -2.0885 5.4436 0.2634
v -2.2172 5.2975 0.2559
v -2.2975 5.1891 0.249
v -2.3535 5.0911 0.2441
v -2.4127 5.0065 0.2413
v -2.4795 4.9137 0.2457
v -2.531 4.802 0.2457
v -2.5988 4.6789 0.2344
v -0.2474 4.9388 1.0714
v -0.2101 4.6719 1.1882
v -0.1826 4.4623 1.2714
v -0.6124 5.3568 0.9182
v -0.4149 5.2997 0.9379
v -0.2327 4.8001 1.1346
v -0.2466 5.2731 0.9528
v -0.7813 5.4113 0.842
v -0.2468 5.5158 0.7787
v -0.3326 5.5361 0.7395
v -0.1607 5.5059 0.7896
v -0.403 5.5425 0.6597
v -0.8818 5.6041 0.3556
v -0.8221 5.5537 0.4624
v -0.6542 5.6516 0.3435
v -0.6953 5.6802 0.2801
v -0.7177 5.8268 -0.1401
v -0.6346 5.8452 -0.2243
v -0.237 5.8399 -0.3157
v -0.111 5.8324 -0.2981
v -0.7589 5.796 -0.056
v 0 5.8234 -0.2654
v -0.3671 5.8427 -0.3271
v -0.7739 5.7679 0.0286
v -0.7422 5.7199 0.2011
v -0.769 5.7526 0.1148
v -0.494 5.8395 -0.2996
v -0.9908 5.7049 0.0565
v -0.9847 5.7208 -0.0378
v -0.5931 5.7292 -0.3708
v -0.4364 5.7266 -0.3964
v -0.9687 5.6796 0.1573
v -0.7619 5.748 -0.2953
v -0.8746 5.7291 -0.21
v -0.9389 5.7177 -0.1257
v -0.2863 5.7218 -0.3921
v -0.1355 5.7087 -0.3601
v 0 5.6958 -0.3435
v -0.1611 5.5818 -0.4221
v 0 5.5708 -0.4117
v -1.0063 5.6557 -0.2786
v -0.8818 5.6505 -0.3534
v -0.7001 5.622 -0.4171
v -0.5183 5.6104 -0.4509
v -1.22 5.6942 0.1311
v -1.2191 5.6938 0.0097
v -0.3405 5.5998 -0.4633
v -1.1898 5.6969 -0.1029
v -1.1125 5.676 -0.1988
v -0.7488 5.5173 0.5396
v -0.3389 5.4135 0.8763
v -0.4531 5.4333 0.8199
v -0.2185 5.3934 0.8915
v -0.5484 5.4443 0.7189
v -0.9323 5.6513 0.2561
v -0.0565 5.4729 0.7621
v 0 5.4775 0.7482
v -0.1013 5.3707 0.8769
v 0 5.3771 0.8359
v -0.1165 5.2563 0.951
v 0 5.248 0.9423
v -0.4604 4.9573 1.0859
v -0.436 4.8493 1.138
v -0.4027 4.7315 1.1882
v -0.3661 4.5748 1.2496
v -0.1787 5.4486 -0.4669
v 0 5.4312 -0.4523
v -1.5026 5.7251 -0.0418
v -1.4178 5.6691 -0.1728
v -0.386 5.4722 -0.4981
v -0.592 5.4919 -0.483
v -1.2859 5.6211 -0.2744
v -1.1301 5.5738 -0.345
v -0.9587 5.5415 -0.4032
v -0.779 5.5129 -0.4524
v -1.5373 5.7422 0.1086
v -1.2508 5.4769 -0.408
v -1.0261 5.4289 -0.4565
v -0.8225 5.3933 -0.4954
v -0.6334 5.3698 -0.5117
v -1.8793 5.6465 0.0882
v -1.8305 5.6384 -0.091
v -0.1739 5.3164 -0.4908
v 0 5.3002 -0.4817
v -1.664 5.5891 -0.2357
v -0.3976 5.34 -0.5186
v -1.47 5.5413 -0.3424
v -1.0679 5.2956 -0.5041
v -1.0407 5.1416 -0.5437
v -1.2765 5.1646 -0.5047
v -1.3763 5.3371 -0.4563
v -0.8634 4.3925 -0.481
v -0.8253 4.2431 -0.4214
v -1.004 4.2307 -0.3931
v -1.0652 4.3834 -0.4859
v -1.0054 4.9858 -0.5789
v -1.2074 5.0053 -0.5246
v -0.9248 4.6727 -0.554
v -0.8885 4.5322 -0.5183
v -1.1094 4.5175 -0.5471
v -1.1313 4.6825 -0.5223
v -0.8298 5.2565 -0.5311
v -0.8141 5.1099 -0.559
v -0.6752 4.4088 -0.4445
v -0.6586 4.2518 -0.4221
v -0.7949 4.9624 -0.6077
v -0.7247 4.6808 -0.5247
v -0.692 4.5468 -0.4575
v -0.6079 5.2198 -0.4923
v -0.5833 5.0748 -0.4695
v -0.5189 4.4109 -0.4689
v -0.5093 4.256 -0.4451
v -0.569 4.9335 -0.4852
v -0.5397 4.675 -0.4943
v -0.5283 4.5484 -0.4855
v -0.3955 5.2006 -0.53
v -0.3904 5.0515 -0.5217
v -0.3615 4.4116 -0.4727
v -0.3604 4.258 -0.4467
v -0.3834 4.9118 -0.5292
v -0.3685 4.6679 -0.508
v -0.363 4.5457 -0.4886
v -0.1915 5.1794 -0.511
v -0.1977 5.034 -0.52
v -0.2015 4.4259 -0.4626
v -0.2023 4.2552 -0.4384
v -0.1974 4.8893 -0.5167
v -0.1936 4.6654 -0.4941
v -0.1956 4.5517 -0.4791
v 0 5.1639 -0.4977
v 0 5.0203 -0.5017
v 0 4.4326 -0.4382
v 0 4.253 -0.4075
v 0 4.8958 -0.4932
v 0 4.6726 -0.4711
v 0 4.5585 -0.4533
v -2.093 5.4451 0.0744
v -2.0026 5.4596 -0.1072
v -1.8645 5.4557 -0.2671
v -1.6517 5.4272 -0.3794
v -1.8196 4.8598 -0.3706
v -1.7219 4.7859 -0.3647
v -1.7898 4.7234 -0.3372
v -1.8869 4.7752 -0.3516
v -2.226 5.3077 0.0707
v -2.1405 5.3193 -0.1101
v -1.2743 4.5153 -0.4221
v -1.2313 4.371 -0.3779
v -1.3746 4.3408 -0.2607
v -1.4297 4.4891 -0.2976
v -2.0139 5.3247 -0.2654
v -1.1808 4.2193 -0.3204
v -1.3233 4.1986 -0.2172
v -1.8285 5.3127 -0.3728
v -1.733 4.9766 -0.3954
v -1.6251 4.8963 -0.3983
v -1.5072 4.3858 -0.1377
v -1.5535 4.4525 -0.1285
v -1.5241 4.5352 -0.2525
v -1.4279 4.6732 -0.3794
v -1.525 4.6616 -0.3302
v -2.3047 5.2036 0.0746
v -2.2433 5.2067 -0.1072
v -1.461 4.2828 -0.1194
v -2.1079 5.2094 -0.2471
v -1.41 4.1578 -0.0897
v -1.9453 5.1969 -0.3468
v -1.6225 5.2535 -0.4347
v -1.7718 5.155 -0.4035
v -1.4798 5.1383 -0.4667
v -1.6269 5.0723 -0.429
v -1.5913 4.5406 -0.2233
v -1.6067 4.629 -0.295
v -1.5972 4.4851 -0.1144
v -2.3646 5.1093 0.0798
v -2.2995 5.1128 -0.0915
v -2.1763 5.1094 -0.2341
v -2.0219 5.086 -0.3197
v -1.8681 5.045 -0.3725
v -2.0049 4.8236 -0.3405
v -1.9438 4.9283 -0.349
v -1.6628 4.5143 -0.2018
v -1.6862 4.5839 -0.2698
v -1.6559 4.4797 -0.0995
v -2.4832 4.9195 0.0795
v -2.4186 5.0169 0.0819
v -2.3498 5.0166 -0.0808
v -2.4009 4.9096 -0.0764
v -1.5484 4.465 0.0266
v -1.5894 4.5102 0.0293
v -2.2289 5.0065 -0.2159
v -2.285 4.8919 -0.2028
v -2.0849 4.9743 -0.2983
v -2.1444 4.8641 -0.2903
v -2.0921 4.6936 -0.3058
v -1.9823 4.665 -0.3168
v -1.7491 4.4567 -0.1841
v -1.777 4.5144 -0.2492
v -1.7344 4.4361 -0.0815
v -2.5287 4.8019 0.0791
v -2.464 4.7949 -0.0837
v -2.3477 4.768 -0.2036
v -2.2172 4.7289 -0.274
v -2.3085 4.5791 -0.2659
v -2.1981 4.5377 -0.2997
v -2.101 4.5088 -0.2902
v -1.848 4.3637 -0.1583
v -1.8804 4.4118 -0.2272
v -1.8222 4.3406 -0.0774
v -2.5914 4.675 0.0791
v -2.5332 4.6615 -0.0789
v -1.8088 4.4177 0.0459
v -2.4268 4.6222 -0.1961
v -1.5175 4.3895 0.0272
v -1.4804 4.2827 0.0406
v -1.5226 4.9591 -0.4327
v -1.8911 4.6298 -0.2964
v -2.0166 4.4814 -0.2831
v -1.2956 4.6823 -0.4514
v -1.4402 4.1375 0.0608
v -1.3846 4.999 -0.4763
v -1.9625 4.2193 -0.0583
v -1.9805 4.2287 -0.1447
v -2.6857 4.5356 0.0864
v -2.6344 4.5162 -0.0674
v -2.6528 4.5329 0.3895
v -2.5525 4.505 0.5128
v -1.9497 4.2525 0.0498
v -2.1516 4.2989 -0.2804
v -2.2336 4.3326 -0.2861
v -2.5314 4.4748 -0.1864
v -2.4257 4.4518 0.5692
v -2.424 4.4194 -0.2524
v -2.6938 4.5419 0.2334
v -2.3225 4.3691 -0.2932
v -2.1552 4.3393 0.4783
v -2.038 4.3124 0.3484
v -2.0258 4.2562 -0.1957
v -1.9799 4.2816 0.1825
v -2.1194 4.0436 -0.0508
v -2.1342 4.0421 -0.1334
v -2.797 4.3884 0.103
v -2.7537 4.3634 -0.0522
v -2.6692 4.3438 0.5238
v -2.552 4.2606 0.5713
v -2.1145 4.0411 0.0465
v -2.6624 4.3134 -0.1726
v -2.1586 4.072 0.184
v -2.5586 4.2543 -0.2484
v -2.7976 4.3978 0.2588
v -2.4646 4.2026 -0.2896
v -2.3068 4.1609 0.4845
v -2.2313 4.1119 0.355
v -2.2969 4.1189 -0.2741
v -2.3802 4.1608 -0.2826
v -2.1768 4.0648 -0.1827
v -2.7627 4.3855 0.4209
v -2.2737 3.8736 0.0611
v -2.2809 3.8824 -0.0387
v -2.8793 4.2161 -0.0235
v -2.7891 4.1676 -0.1473
v -2.3086 3.9066 0.2036
v -2.7035 4.108 -0.2271
v -2.9053 4.2671 0.2902
v -2.9129 4.2469 0.1399
v -2.6144 4.0493 -0.2715
v -2.4605 3.9737 0.4817
v -2.368 3.9489 0.3558
v -2.4553 3.9675 -0.2589
v -2.5365 4.0109 -0.2669
v -2.3019 3.8933 -0.1119
v -2.3353 3.9127 -0.1707
v -2.8751 4.247 0.4415
v -2.7831 4.1759 0.5425
v -2.6851 4.0824 0.5857
v -2.4385 3.7492 0.2136
v -2.3945 3.7273 0.0682
v -2.9157 4.0381 -0.1031
v -2.8469 3.9781 -0.1875
v -3.0057 4.1445 0.3208
v -3.0151 4.1221 0.179
v -2.7683 3.9226 -0.2378
v -2.5871 3.8162 0.4856
v -2.5092 3.7759 0.3592
v -2.6047 3.8381 -0.2357
v -2.6935 3.8775 -0.244
v -2.4293 3.7523 -0.107
v -2.4623 3.7745 -0.1589
v -2.9627 4.1214 0.4593
v -2.8676 4.0442 0.5584
v -2.407 3.7387 -0.038
v -2.9934 4.0928 0.0283
v -2.7749 3.966 0.5855
v -0.7908 3.7674 1.5937
v -0.8026 3.7643 1.5911
v -0.8008 3.7433 1.5887
v -0.7804 3.7486 1.5931
v -0.8271 3.8125 1.5792
v -0.8177 3.8196 1.5803
v -0.827 3.8384 1.5723
v -0.8433 3.8263 1.5708
v -0.8146 3.7656 1.5883
v -0.8213 3.7456 1.5839
v -0.8061 3.8227 1.5818
v -0.807 3.8437 1.5752
v -0.825 3.7712 1.5849
v -0.8392 3.7552 1.5787
v -0.7943 3.8213 1.5846
v -0.7866 3.8414 1.5795
v -0.832 3.7802 1.5823
v -0.8514 3.7707 1.5748
v -0.7733 3.7958 1.5928
v -0.7748 3.7844 1.5941
v -0.7531 3.7779 1.5956
v -0.7505 3.7974 1.593
v -0.7839 3.8157 1.5876
v -0.7687 3.8317 1.584
v -0.8349 3.7912 1.5803
v -0.8565 3.7896 1.5721
v -0.7809 3.7744 1.5944
v -0.7636 3.7608 1.5958
v -0.7765 3.8068 1.5905
v -0.756 3.8163 1.5895
v -0.8332 3.8026 1.5793
v -0.8538 3.8091 1.5706
v -0.7961 3.6988 1.5802
v -0.7548 3.7097 1.5901
v -0.8501 3.8926 1.5505
v -0.8834 3.8678 1.5477
v -0.8375 3.7036 1.5681
v -0.8094 3.9034 1.5558
v -0.8743 3.7232 1.5573
v -0.7678 3.8986 1.5644
v -0.8999 3.7546 1.5533
v -0.6996 3.7693 1.5976
v -0.6943 3.8091 1.5927
v -0.7312 3.879 1.5742
v -0.9102 3.7932 1.5494
v -0.7207 3.7344 1.5974
v -0.7054 3.8476 1.5843
v -0.9047 3.8329 1.5474
v -0.794 4.0375 1.5046
v -0.8785 4.0163 1.4926
v -0.9266 3.695 1.5083
v -0.8558 3.6552 1.5367
v -0.7068 4.029 1.5204
v -0.9837 3.752 1.4911
v -0.5665 3.7826 1.5883
v -0.5543 3.8587 1.5741
v -0.6303 3.992 1.5386
v -1.004 3.8256 1.4839
v -0.6116 3.7156 1.5933
v -0.5765 3.9322 1.5535
v -0.9919 3.9017 1.4766
v -0.6838 3.6679 1.5862
v -0.9483 3.9686 1.4874
v -0.7689 3.6466 1.5583
v -0.9839 4.0437 1.4404
v -0.8935 4.1059 1.4513
v -0.909 4.2166 1.4042
v -1.0195 4.1189 1.3918
v -0.751 3.6144 1.5416
v -0.8634 3.6235 1.5069
v -0.8685 3.5972 1.4613
v -0.7253 3.5847 1.5201
v -0.7822 4.1335 1.4622
v -0.7709 4.2531 1.405
v -0.9608 3.6709 1.4533
v -0.9984 3.6495 1.3857
v -0.6677 4.1224 1.4785
v -0.6264 4.25 1.4163
v -1.0256 3.75 1.4332
v -1.086 3.752 1.3436
v -0.4689 3.9006 1.5475
v -0.4851 3.8016 1.5709
v -0.3826 3.8197 1.5371
v -0.3627 3.942 1.5098
v -0.5676 4.0743 1.4993
v -0.488 4.183 1.4381
v -1.0528 3.8576 1.4125
v -1.1016 3.8896 1.3314
v -0.545 3.7143 1.5826
v -0.4471 3.7122 1.5576
v -0.498 3.9964 1.5211
v -0.39 4.0705 1.471
v -1.0392 3.9566 1.4127
v -1.0865 4.0115 1.3543
v -0.6255 3.6471 1.5768
v -0.5588 3.6201 1.5524
v -0.7553 4.3683 1.3505
v -0.9386 4.323 1.347
v -1.0231 3.6217 1.317
v -0.8853 3.5564 1.4131
v -0.5829 4.354 1.3652
v -1.137 3.7494 1.2261
v -0.2661 3.8271 1.4963
v -0.2371 3.9891 1.4534
v -0.425 4.2847 1.3812
v -1.1453 3.9257 1.2267
v -0.3671 3.6843 1.5355
v -0.2845 4.1454 1.4131
v -1.1559 4.122 1.2462
v -0.4972 3.5885 1.5389
v -1.0689 4.2357 1.3128
v -0.7051 3.5378 1.4892
v -0.9902 4.4403 1.2882
v -1.1355 4.3458 1.2382
v -0.9274 3.4748 1.3416
v -0.6946 3.4638 1.4852
v -0.7429 4.5114 1.3011
v -1.0618 3.5846 1.2004
v -0.5626 4.4938 1.3123
v -1.1215 3.7589 1.0853
v -0.1476 3.8174 1.4848
v -0.1233 4.022 1.4235
v -0.3838 4.4071 1.3224
v -1.1658 3.9736 1.1083
v -0.2724 3.6315 1.5367
v -0.1703 4.2239 1.3608
v -1.1947 4.2089 1.1406
v -0.4507 3.5262 1.5437
v -0.0662 4.2142 1.359
v -0.0609 4.0123 1.4244
v -0.0885 3.803 1.4908
v -0.1421 3.621 1.5438
v 0 4.2119 1.3564
v 0 3.9785 1.4336
v 0 3.7996 1.494
v 0 3.616 1.5502
v -1.2784 4.03 0.7541
v -1.2272 4.1127 0.9289
v -4.5195 1.95 2.9073
v -4.516 1.9666 2.8845
v -4.5551 1.9733 2.8727
v -4.5557 1.9592 2.8993
v -4.6124 1.8692 2.8165
v -4.6123 1.8871 2.8022
v -4.5956 1.855 2.7847
v -4.5952 1.8428 2.7999
v -4.601 1.9381 2.8708
v -4.6014 1.9569 2.8486
v -4.6165 1.9215 2.8228
v -4.6241 1.8994 2.8404
v -4.5762 2.0198 2.7337
v -4.5745 2.0353 2.7086
v -4.5888 2.0018 2.6731
v -4.5906 1.9833 2.6977
v -4.5019 2.0421 2.7663
v -4.5025 2.0565 2.745
v -4.54 2.054 2.7338
v -4.5419 2.0376 2.759
v -4.5878 1.9507 2.6775
v -4.5796 1.9571 2.6384
v -4.5626 1.9102 2.6325
v -4.5701 1.9204 2.6615
v -4.5087 1.8274 3.0339
v -4.511 1.8758 2.9815
v -4.555 1.8778 2.9757
v -4.5496 1.832 3.0277
v -4.5996 1.7572 2.9659
v -4.5986 1.7957 2.9125
v -4.579 1.7736 2.8901
v -4.5807 1.7323 2.9503
v -4.5861 1.8189 3.0136
v -4.5907 1.863 2.961
v -4.6047 1.8276 2.9362
v -4.6025 1.7902 2.9902
v -4.449 1.8797 2.9141
v -4.4646 1.8938 2.9296
v -4.4646 1.8516 2.9726
v -4.4462 1.8318 2.9552
v -4.5964 1.9702 2.8264
v -4.6054 1.9362 2.7977
v -4.4481 1.9324 2.8552
v -4.4661 1.9566 2.8632
v -4.4677 1.9447 2.8794
v -4.4503 1.9235 2.87
v -4.4166 1.991 2.7381
v -4.4336 2.0131 2.7588
v -4.4414 1.9985 2.7835
v -4.4232 1.9751 2.7659
v -4.5521 1.8813 2.7141
v -4.5848 1.9029 2.7176
v -4.5762 1.9178 2.6807
v -4.5471 1.901 2.6738
v -4.5496 1.7147 2.9435
v -4.5521 1.7581 2.8771
v -4.5399 1.9068 2.6522
v -4.5352 1.8945 2.6121
v -4.5563 1.8211 2.7918
v -4.5572 1.8311 2.7748
v -4.484 1.9027 2.9408
v -4.4866 1.8664 2.9792
v -4.4633 2.0315 2.7688
v -4.4692 2.0157 2.7915
v -4.4781 1.9964 2.8216
v -4.4545 1.9812 2.8169
v -4.513 1.9784 2.8638
v -4.551 1.9846 2.8523
v -4.606 1.9071 2.7794
v -4.5935 1.8744 2.7595
v -4.598 1.7062 3.0293
v -4.5983 1.6829 3.0522
v -4.5992 1.7229 3.0682
v -4.6004 1.7403 3.0524
v -4.5863 1.7693 3.0723
v -4.5846 1.7541 3.0844
v -4.55 1.7676 3.1006
v -4.5484 1.7821 3.088
v -4.4768 1.6518 3.1709
v -4.4654 1.6981 3.1188
v -4.4715 1.7199 3.1134
v -4.4838 1.6914 3.156
v -4.4982 1.7752 3.0889
v -4.5022 1.758 3.1093
v -4.4806 1.7369 3.1118
v -4.4785 1.7595 3.0881
v -4.5123 1.7444 3.1277
v -4.5229 1.7287 3.1452
v -4.5074 1.6923 3.174
v -4.4927 1.7156 3.1436
v -4.5186 1.6502 3.2063
v -4.5043 1.6539 3.1995
v -4.5182 1.6845 3.1803
v -4.5749 1.6034 3.1006
v -4.593 1.5986 3.1435
v -4.5962 1.6295 3.1179
v -4.5886 1.6336 3.0824
v -4.5209 1.6317 3.2147
v -4.5064 1.6322 3.2063
v -4.6009 1.6704 3.0814
v -4.5974 1.6638 3.0993
v -4.5938 1.7028 3.0944
v -4.5974 1.7113 3.0848
v -4.5728 1.5883 3.1821
v -4.5693 1.5798 3.1768
v -4.5384 1.5908 3.1998
v -4.5514 1.5996 3.2023
v -4.5814 1.741 3.0979
v -4.5766 1.7278 3.1094
v -4.5497 1.7374 3.1249
v -4.5516 1.753 3.1133
v -4.5864 1.6907 3.101
v -4.5712 1.7175 3.1134
v -4.5437 1.7234 3.1312
v -4.5021 1.794 2.832
v -4.4614 1.8119 2.8523
v -4.4583 1.7771 2.8974
v -4.497 1.7528 2.8811
v -4.4929 1.8396 2.7711
v -4.4603 1.8552 2.7991
v -4.4663 1.8487 2.8186
v -4.5021 1.8313 2.7926
v -4.479 1.9121 2.6572
v -4.4393 1.9227 2.6818
v -4.4397 1.9078 2.7054
v -4.4779 1.8945 2.6849
v -4.5406 1.5743 3.1412
v -4.4963 1.5881 3.1677
v -4.5895 1.6587 3.1111
v -4.5932 1.6002 3.1572
v -4.5921 1.6293 3.1321
v -4.5276 1.7102 3.1519
v -4.5124 1.594 3.0952
v -4.5025 1.6377 3.0426
v -4.4706 1.6551 3.0631
v -4.4761 1.6096 3.123
v -4.4676 1.7428 3.0882
v -4.4593 1.7216 3.0866
v -4.5607 1.6263 3.0564
v -4.5834 1.6518 3.0488
v -4.599 1.7206 3.0102
v -4.6016 1.7537 3.0389
v -4.5867 1.7813 3.0596
v -4.5487 1.7949 3.0741
v -4.4981 1.6777 2.9967
v -4.5005 1.698 2.9764
v -4.4718 1.7158 2.9937
v -4.4699 1.6959 3.0141
v -4.5816 2.008 2.7568
v -4.5935 1.9748 2.7207
v -4.5961 1.9579 2.76
v -4.5873 1.9925 2.7876
v -4.4352 1.9554 2.8062
v -4.5585 1.8475 2.751
v -4.4885 1.9683 2.8648
v -4.5022 2.025 2.7913
v -4.5425 2.023 2.7828
v -4.5433 2.0077 2.8086
v -4.5068 2.0051 2.8179
v -4.5916 1.9514 2.7015
v -4.596 1.9329 2.7397
v -4.4486 1.8849 2.7521
v -4.488 1.8676 2.7274
v -4.598 1.8946 2.9256
v -4.5999 1.9169 2.8951
v -4.6216 1.8792 2.8635
v -4.6141 1.8587 2.8891
v -4.5506 1.6794 2.9878
v -4.5531 1.6522 3.0185
v -4.5773 1.6717 3.0195
v -4.5764 1.6959 2.9931
v -4.6064 1.8321 2.8587
v -4.6101 1.8493 2.8365
v -4.5928 1.8279 2.8169
v -4.5897 1.8115 2.8391
v -4.4577 1.752 3.0486
v -4.4595 1.769 3.0327
v -4.4686 1.7837 3.0439
v -4.4665 1.767 3.059
v -4.4696 1.7942 3.0338
v -4.484 1.8056 3.0407
v -4.4812 1.7941 3.0511
v -4.4496 1.9109 2.8855
v -4.4664 1.9273 2.8966
v -4.4666 1.9136 2.9119
v -4.4497 1.8983 2.8988
v -4.5051 1.8231 2.8056
v -4.4639 1.8388 2.8304
v -4.4625 1.8253 2.8404
v -4.5023 1.8089 2.8186
v -4.558 1.9117 2.9449
v -4.5583 1.9357 2.9213
v -4.5137 1.9114 2.9483
v -4.5175 1.934 2.927
v -4.5516 1.7922 2.8271
v -4.5536 1.809 2.8064
v -4.4921 1.9407 2.9035
v -4.489 1.9253 2.9198
v -4.4971 1.7922 3.0694
v -4.4788 1.7807 3.064
v -4.5021 1.7094 2.9646
v -4.4743 1.7267 2.9812
v -4.4602 1.7798 3.0228
v -4.4914 1.9562 2.8828
v -4.5032 1.8146 3.0471
v -4.5496 1.8175 3.0476
v -4.6004 1.7445 2.9815
v -4.5796 1.72 2.9642
v -4.5871 1.8026 3.034
v -4.603 1.7773 3.0116
v -4.5504 1.7065 2.9553
v -4.4855 1.8185 3.028
v -4.4697 1.8057 3.0222
v -4.4717 1.7343 2.9672
v -4.4994 1.7158 2.9497
v -4.4588 1.7916 3.0118
v -4.4993 1.8029 3.059
v -4.5496 1.8063 3.0628
v -4.5996 1.7328 2.9948
v -4.5771 1.7099 2.9776
v -4.5874 1.7926 3.0483
v -4.6042 1.7656 3.0263
v -4.549 1.6978 2.968
v -4.4405 1.8446 2.8878
v -4.442 1.8022 2.9244
v -4.4405 1.8944 2.8321
v -4.4463 1.888 2.8484
v -4.4158 1.9545 2.7088
v -4.4195 1.9389 2.741
v -4.4618 1.6496 3.1257
v -4.4798 1.6221 3.1775
v -4.5176 1.6136 3.2088
v -4.5289 1.6199 3.2146
v -4.457 1.6828 3.0753
v -4.4288 1.9238 2.7862
v -4.4583 1.7381 3.0131
v -4.4573 1.7147 3.0307
v -4.446 1.8771 2.8619
v -4.443 1.8627 2.873
v -4.4597 1.7523 3.0004
v -4.4556 1.7605 2.986
v -4.525 1.8707 2.7159
v -4.5285 1.8433 2.7581
v -4.5082 1.9027 2.648
v -4.5132 1.8952 2.6726
v -4.5236 1.7038 2.9568
v -4.5235 1.695 2.9685
v -4.5826 1.5815 3.1623
v -4.5631 1.5829 3.1185
v -4.5307 1.828 2.7808
v -4.5295 1.8202 2.7971
v -4.5244 1.7527 2.8727
v -4.5226 1.71 2.9432
v -4.5391 1.6088 3.0699
v -4.5237 1.6389 3.0297
v -4.5287 1.7927 2.8291
v -4.5295 1.8073 2.81
v -4.5853 1.5897 3.1655
v -4.5221 1.6766 2.9866
v -4.5762 1.5988 3.1808
v -4.5568 1.609 3.2023
v -4.579 1.6872 3.1031
v -4.5623 1.7127 3.111
v -4.5364 1.6252 3.2074
v -4.5836 1.6557 3.112
v -4.5254 1.6452 3.2017
v -4.5213 1.6737 3.1776
v -4.5834 1.6035 3.1613
v -4.5829 1.6272 3.1375
v -4.5823 1.5981 3.1691
v -4.528 1.7041 3.1516
v -4.5307 1.6351 3.2083
v -4.5434 1.7148 3.1296
v -4.5577 1.6177 3.1926
v -4.5615 1.6277 3.1898
v -4.5653 1.6535 3.1685
v -4.5668 1.6735 3.1502
v -4.7147 1.7238 2.7735
v -4.7105 1.7483 2.7573
v -4.7401 1.754 2.751
v -4.7401 1.7265 2.7681
v -4.7977 1.6706 2.6759
v -4.7942 1.6923 2.6532
v -4.7705 1.659 2.6306
v -4.7749 1.6412 2.6498
v -4.7836 1.7188 2.7413
v -4.7827 1.7457 2.7193
v -4.7981 1.7185 2.681
v -4.7996 1.6899 2.7065
v -4.7316 1.8883 2.5793
v -4.7286 1.9068 2.56
v -4.7513 1.8833 2.5084
v -4.7519 1.8581 2.5468
v -4.6363 1.878 2.6293
v -4.6005 1.9226 2.5922
v -4.6741 1.9232 2.5871
v -4.6818 1.888 2.6125
v -4.7304 1.8145 2.5215
v -4.7048 1.8492 2.463
v -4.6834 1.8084 2.4723
v -4.7054 1.7841 2.5021
v -4.746 1.5639 2.9004
v -4.7246 1.6089 2.8586
v -4.7545 1.6107 2.8512
v -4.7646 1.5643 2.8961
v -4.8073 1.5089 2.8094
v -4.795 1.5541 2.7656
v -4.7795 1.5316 2.7483
v -4.7928 1.4898 2.7941
v -4.8048 1.5596 2.8647
v -4.7935 1.6083 2.8225
v -4.8044 1.5842 2.7925
v -4.8143 1.5336 2.8316
v -4.6483 1.6195 2.803
v -4.6692 1.639 2.8183
v -4.6765 1.5891 2.8549
v -4.6599 1.5663 2.8388
v -4.7738 1.7705 2.6963
v -4.7892 1.7413 2.6595
v -4.6339 1.7188 2.7212
v -4.6534 1.7432 2.7371
v -4.6589 1.7283 2.7498
v -4.6409 1.7046 2.7329
v -4.558 1.815 2.5889
v -4.5774 1.8394 2.6152
v -4.5939 1.8097 2.6415
v -4.5796 1.7865 2.6218
v -4.7026 1.7049 2.5465
v -4.7334 1.7328 2.5561
v -4.7241 1.7514 2.537
v -4.6898 1.7268 2.5256
v -4.7629 1.4671 2.7827
v -4.7434 1.5082 2.7377
v -4.6689 1.7614 2.489
v -4.6575 1.7778 2.4617
v -4.7457 1.6228 2.6353
v -4.7426 1.6384 2.6212
v -4.6902 1.6475 2.8235
v -4.7001 1.6046 2.8585
v -4.5992 1.8578 2.6304
v -4.6206 1.8291 2.6586
v -4.6377 1.8096 2.6812
v -4.6113 1.7893 2.6721
v -4.7046 1.767 2.7377
v -4.7297 1.7728 2.7284
v -4.7835 1.7095 2.6334
v -4.765 1.6787 2.6141
v -4.8191 1.4454 2.8641
v -4.8265 1.4254 2.8858
v -4.8246 1.4502 2.9008
v -4.8246 1.471 2.8867
v -4.8122 1.4932 2.9152
v -4.8113 1.474 2.9272
v -4.7853 1.4855 2.9537
v -4.7825 1.5045 2.9407
v -4.7398 1.3759 3.0306
v -4.7132 1.4034 2.9903
v -4.7325 1.4424 2.9889
v -4.7487 1.4075 3.0236
v -4.7607 1.5031 2.9501
v -4.7667 1.4831 2.9686
v -4.7494 1.468 2.9794
v -4.7391 1.4912 2.9569
v -4.7707 1.4672 2.9824
v -4.7748 1.451 2.992
v -4.7733 1.4249 3.0151
v -4.7566 1.445 2.9999
v -4.7874 1.3924 3.0343
v -4.7767 1.395 3.0352
v -4.7779 1.4197 3.0155
v -4.8181 1.35 2.9187
v -4.8331 1.3382 2.9508
v -4.8306 1.3794 2.9278
v -4.8277 1.3868 2.9049
v -4.7919 1.37 3.0451
v -4.7823 1.3651 3.0465
v -4.8302 1.4148 2.9014
v -4.8288 1.4048 2.9154
v -4.8244 1.4331 2.9184
v -4.8266 1.4427 2.9098
v -4.8295 1.3277 2.9951
v -4.821 1.3128 2.9902
v -4.8074 1.3213 3.0214
v -4.818 1.3339 3.0208
v -4.813 1.4679 2.9331
v -4.8103 1.4568 2.939
v -4.789 1.4617 2.9679
v -4.789 1.4762 2.9599
v -4.8174 1.4268 2.9273
v -4.8054 1.4455 2.9435
v -4.7862 1.449 2.9698
v -4.679 1.551 2.7168
v -4.6535 1.5691 2.7475
v -4.6683 1.5253 2.7849
v -4.6907 1.509 2.7584
v -4.6626 1.6462 2.6317
v -4.6328 1.6662 2.6623
v -4.6405 1.6557 2.6755
v -4.6716 1.6352 2.6443
v -4.603 1.7532 2.4902
v -4.5595 1.7666 2.5214
v -4.5891 1.7349 2.5708
v -4.6207 1.7238 2.5435
v -4.7846 1.3016 2.9651
v -4.7614 1.31 3.001
v -4.8249 1.4052 2.9245
v -4.8355 1.3441 2.9648
v -4.8321 1.3744 2.9405
v -4.7762 1.4403 2.9924
v -4.7475 1.3359 2.9176
v -4.7298 1.3844 2.8741
v -4.7027 1.3941 2.9032
v -4.72 1.34 2.9531
v -4.7222 1.4773 2.9567
v -4.7025 1.4537 2.9498
v -4.7969 1.3677 2.8888
v -4.8188 1.4002 2.8811
v -4.8153 1.4629 2.8483
v -4.8218 1.4845 2.873
v -4.8103 1.5061 2.906
v -4.7775 1.5176 2.931
v -4.7156 1.419 2.843
v -4.713 1.4381 2.828
v -4.6883 1.4521 2.8535
v -4.6914 1.4322 2.8688
v -4.7396 1.8548 2.6132
v -4.7596 1.8284 2.5776
v -4.7681 1.8001 2.6062
v -4.7503 1.8239 2.6418
v -4.5964 1.7675 2.6574
v -4.7359 1.6535 2.6069
v -4.6769 1.7564 2.7402
v -4.6558 1.8428 2.6589
v -4.6983 1.8537 2.641
v -4.7056 1.8257 2.6685
v -4.6707 1.8219 2.6783
v -4.747 1.79 2.553
v -4.7612 1.7662 2.5751
v -4.5998 1.7149 2.6013
v -4.636 1.698 2.5693
v -4.787 1.6479 2.7922
v -4.7838 1.6774 2.7701
v -4.7974 1.656 2.7366
v -4.7994 1.6258 2.7619
v -4.7711 1.4263 2.8247
v -4.7795 1.4028 2.8505
v -4.8071 1.4257 2.8513
v -4.8013 1.4462 2.8321
v -4.7906 1.599 2.7302
v -4.7912 1.6334 2.7046
v -4.7752 1.6157 2.6776
v -4.7752 1.5793 2.7092
v -4.693 1.4838 2.9236
v -4.6893 1.4995 2.9095
v -4.7099 1.5179 2.9218
v -4.7168 1.5039 2.9355
v -4.7052 1.5309 2.9094
v -4.7246 1.5423 2.9131
v -4.7296 1.5254 2.9272
v -4.6426 1.6918 2.7486
v -4.6628 1.7127 2.7647
v -4.6686 1.6847 2.7897
v -4.6425 1.6678 2.7695
v -4.6698 1.6202 2.6575
v -4.6403 1.6394 2.6893
v -4.6406 1.6198 2.7071
v -4.67 1.5954 2.6763
v -4.7465 1.6565 2.8136
v -4.746 1.6875 2.7898
v -4.7175 1.6548 2.8211
v -4.7173 1.6879 2.7971
v -4.7382 1.5517 2.6979
v -4.7469 1.5961 2.6608
v -4.6873 1.7202 2.7726
v -4.6908 1.6894 2.7945
v -4.7563 1.517 2.9382
v -4.7335 1.5121 2.9388
v -4.7126 1.4537 2.8174
v -4.6886 1.4692 2.8417
v -4.6876 1.5163 2.8951
v -4.6822 1.7394 2.7566
v -4.7482 1.5464 2.915
v -4.7676 1.5468 2.911
v -4.8109 1.4915 2.8234
v -4.7959 1.4746 2.8079
v -4.8099 1.5415 2.8799
v -4.8198 1.5148 2.8459
v -4.7653 1.4547 2.7976
v -4.7194 1.5569 2.9011
v -4.7017 1.545 2.8982
v -4.6906 1.4851 2.8304
v -4.7127 1.4694 2.8057
v -4.6853 1.5304 2.8837
v -4.7544 1.5318 2.9262
v -4.7714 1.529 2.9234
v -4.8135 1.4758 2.8367
v -4.7986 1.4595 2.8208
v -4.8099 1.5212 2.8947
v -4.8202 1.4957 2.8602
v -4.7673 1.4406 2.8104
v -4.6426 1.595 2.7797
v -4.658 1.5441 2.8145
v -4.6272 1.6975 2.7018
v -4.6355 1.6845 2.7135
v -4.5446 1.7952 2.5542
v -4.5778 1.7658 2.606
v -4.7083 1.3703 2.9807
v -4.7431 1.3432 3.0284
v -4.79 1.3478 3.0428
v -4.8025 1.3515 3.0385
v -4.6925 1.4235 2.9327
v -4.5905 1.745 2.6381
v -4.6789 1.4765 2.8853
v -4.6817 1.4569 2.9014
v -4.6343 1.6693 2.729
v -4.6332 1.6479 2.7416
v -4.6793 1.4921 2.8727
v -4.6802 1.5096 2.8608
v -4.673 1.6908 2.5496
v -4.7024 1.6436 2.6114
v -4.638 1.7567 2.4881
v -4.6596 1.7172 2.5278
v -4.7411 1.4502 2.802
v -4.7432 1.4344 2.8137
v -4.8301 1.3221 2.9666
v -4.8068 1.3157 2.9437
v -4.7079 1.6291 2.6267
v -4.7082 1.614 2.64
v -4.7184 1.4969 2.7397
v -4.7392 1.4631 2.7884
v -4.7702 1.3408 2.9049
v -4.7571 1.3896 2.8576
v -4.7102 1.5412 2.6969
v -4.7113 1.5866 2.6612
v -4.8328 1.3323 2.9807
v -4.7467 1.4178 2.8279
v -4.8267 1.3336 2.9973
v -4.8206 1.3431 3.0176
v -4.8131 1.4248 2.9286
v -4.802 1.4399 2.9464
v -4.8076 1.3534 3.0292
v -4.8225 1.4027 2.9304
v -4.7915 1.3821 3.0307
v -4.7839 1.4103 3.0113
v -4.8325 1.346 2.9713
v -4.8276 1.3739 2.9507
v -4.83 1.3362 2.9858
v -4.7795 1.4352 2.991
v -4.7988 1.3687 3.0367
v -4.7854 1.4443 2.9688
v -4.8199 1.3517 3.012
v -4.8175 1.366 3.0035
v -4.8118 1.3927 2.9828
v -4.8069 1.4163 2.9646
v -4.815 1.6766 2.5312
v -4.8126 1.6903 2.5204
v -4.8427 1.6928 2.5041
v -4.8535 1.6769 2.5143
v -4.8836 1.6212 2.4272
v -4.8746 1.6399 2.4162
v -4.8609 1.6209 2.4009
v -4.8674 1.6017 2.4105
v -4.8836 1.6618 2.4814
v -4.8738 1.6829 2.4692
v -4.8799 1.6595 2.4371
v -4.8895 1.6388 2.4504
v -4.8153 1.8043 2.3939
v -4.8076 1.8305 2.3787
v -4.8253 1.8174 2.3331
v -4.828 1.7915 2.3573
v -4.7457 1.7931 2.4506
v -4.7107 1.8265 2.4273
v -4.7653 1.8347 2.4193
v -4.7817 1.8029 2.4292
v -4.8154 1.7648 2.3216
v -4.8018 1.8164 2.2809
v -4.7411 1.7434 2.2661
v -4.7827 1.7267 2.2982
v -4.8633 1.494 2.627
v -4.8476 1.5621 2.5873
v -4.8716 1.5607 2.5761
v -4.8845 1.4946 2.6149
v -4.909 1.454 2.5326
v -4.8966 1.5143 2.4974
v -4.8837 1.4995 2.4828
v -4.8984 1.4404 2.5214
v -4.9163 1.4849 2.577
v -4.9028 1.5513 2.5446
v -4.9046 1.529 2.5135
v -4.9154 1.4689 2.5471
v -4.7575 1.6014 2.5331
v -4.775 1.6175 2.5493
v -4.7941 1.5416 2.5921
v -4.7765 1.5262 2.5791
v -4.8633 1.7021 2.4577
v -4.8706 1.6796 2.4258
v -4.7364 1.6593 2.4954
v -4.7572 1.682 2.512
v -4.763 1.6653 2.522
v -4.7451 1.6456 2.505
v -4.6772 1.7315 2.4367
v -4.686 1.7467 2.4541
v -4.7097 1.7372 2.4661
v -4.6897 1.7151 2.4496
v -4.7956 1.6628 2.3403
v -4.823 1.6873 2.3519
v -4.8076 1.7067 2.3293
v -4.7814 1.6794 2.3235
v -4.873 1.4184 2.512
v -4.8551 1.4778 2.4702
v -4.7537 1.7022 2.2984
v -4.7223 1.7052 2.2682
v -4.8361 1.5813 2.3952
v -4.8336 1.5978 2.3877
v -4.8009 1.629 2.5568
v -4.8226 1.5545 2.5955
v -4.7099 1.7707 2.4586
v -4.7313 1.7612 2.4715
v -4.7514 1.7447 2.4855
v -4.725 1.7251 2.4786
v -4.8053 1.7068 2.5065
v -4.8317 1.7082 2.4905
v -4.8613 1.6624 2.4036
v -4.8501 1.6441 2.3899
v -4.9304 1.3692 2.5873
v -4.9399 1.3431 2.6076
v -4.9413 1.3679 2.6182
v -4.9354 1.3872 2.6019
v -4.9324 1.4097 2.6281
v -4.9343 1.3917 2.6405
v -4.9131 1.3991 2.6688
v -4.9078 1.4201 2.6553
v -4.8689 1.2738 2.7381
v -4.8396 1.3168 2.7066
v -4.8521 1.3434 2.7134
v -4.8743 1.3054 2.7427
v -4.8823 1.4181 2.6739
v -4.8915 1.3913 2.6912
v -4.8736 1.3705 2.708
v -4.857 1.4062 2.6854
v -4.9037 1.3646 2.7085
v -4.9104 1.3467 2.7177
v -4.9113 1.3134 2.7447
v -4.8864 1.3336 2.7299
v -4.9229 1.2722 2.7569
v -4.9068 1.2781 2.7589
v -4.9202 1.3053 2.7457
v -4.9321 1.2569 2.6326
v -4.9545 1.2372 2.6651
v -4.9525 1.2675 2.6476
v -4.9414 1.2868 2.6242
v -4.9261 1.2499 2.7552
v -4.905 1.2526 2.7555
v -4.9457 1.3144 2.6248
v -4.9488 1.3027 2.6368
v -4.9421 1.3395 2.6352
v -4.9437 1.349 2.628
v -4.9542 1.2225 2.7139
v -4.9403 1.2159 2.7026
v -4.9218 1.2221 2.7246
v -4.9408 1.228 2.7315
v -4.9364 1.3757 2.6503
v -4.9358 1.3631 2.6573
v -4.9184 1.3661 2.6879
v -4.9173 1.3797 2.6812
v -4.941 1.3318 2.643
v -4.9324 1.3539 2.6622
v -4.9164 1.3556 2.6909
v -4.7803 1.5528 2.4242
v -4.7498 1.5644 2.458
v -4.7733 1.4853 2.5107
v -4.8028 1.4726 2.4786
v -4.759 1.5985 2.3898
v -4.7285 1.6076 2.4231
v -4.7362 1.5992 2.435
v -4.7672 1.5889 2.3971
v -4.7058 1.6805 2.3222
v -4.6693 1.6867 2.3665
v -4.682 1.673 2.3783
v -4.7154 1.6615 2.3423
v -4.8969 1.2234 2.6704
v -4.8788 1.2316 2.6985
v -4.9538 1.2995 2.6445
v -4.9627 1.2422 2.6781
v -4.9622 1.264 2.6598
v -4.9133 1.3357 2.7193
v -4.8684 1.2595 2.6338
v -4.8468 1.3153 2.5911
v -4.822 1.3244 2.617
v -4.8436 1.2685 2.6607
v -4.8347 1.3888 2.6857
v -4.8197 1.3698 2.6756
v -4.9172 1.2879 2.607
v -4.9339 1.3159 2.6041
v -4.9235 1.3911 2.5689
v -4.932 1.4064 2.5905
v -4.9298 1.4265 2.6177
v -4.9023 1.4382 2.6464
v -4.8398 1.3661 2.5558
v -4.8361 1.3848 2.5461
v -4.8112 1.3975 2.5698
v -4.8119 1.3749 2.5817
v -4.8211 1.783 2.4094
v -4.8356 1.7657 2.3723
v -4.8459 1.7358 2.3916
v -4.8328 1.7577 2.4225
v -4.7022 1.6998 2.4614
v -4.824 1.617 2.3759
v -4.784 1.6984 2.5161
v -4.7596 1.779 2.462
v -4.7876 1.7854 2.4414
v -4.802 1.7605 2.4555
v -4.7762 1.7575 2.4743
v -4.8244 1.7363 2.3424
v -4.8358 1.7061 2.3649
v -4.6939 1.6562 2.3894
v -4.7282 1.6435 2.3563
v -4.8885 1.6169 2.5037
v -4.8856 1.639 2.4925
v -4.8904 1.618 2.4637
v -4.8916 1.5952 2.4756
v -4.8801 1.3669 2.5487
v -4.8954 1.3348 2.5719
v -4.9179 1.3516 2.5775
v -4.9096 1.3792 2.5582
v -4.8839 1.5779 2.455
v -4.8851 1.5996 2.4423
v -4.8699 1.5824 2.4238
v -4.8697 1.5627 2.4357
v -4.8083 1.4055 2.6512
v -4.8055 1.4246 2.6376
v -4.8205 1.4374 2.6554
v -4.824 1.4191 2.6662
v -4.8177 1.4551 2.6456
v -4.8453 1.4657 2.6487
v -4.8477 1.4477 2.6597
v -4.7508 1.6363 2.5118
v -4.7674 1.6539 2.5292
v -4.7724 1.6361 2.5403
v -4.7553 1.6195 2.5228
v -4.7726 1.5811 2.4039
v -4.7421 1.5928 2.4431
v -4.7482 1.5763 2.4511
v -4.7794 1.5671 2.4146
v -4.8601 1.6313 2.5343
v -4.8592 1.655 2.5232
v -4.8262 1.6348 2.5515
v -4.8193 1.6595 2.5412
v -4.8411 1.5499 2.4159
v -4.8381 1.5631 2.4059
v -4.7934 1.6675 2.5364
v -4.7977 1.6503 2.5463
v -4.8776 1.4385 2.6614
v -4.8509 1.4308 2.6702
v -4.8288 1.3981 2.5373
v -4.8062 1.4085 2.5615
v -4.802 1.4425 2.6286
v -4.7899 1.6808 2.5278
v -4.8682 1.4725 2.6406
v -4.8905 1.4731 2.6273
v -4.915 1.4303 2.5463
v -4.9026 1.418 2.5344
v -4.9204 1.4633 2.5936
v -4.922 1.4418 2.5637
v -4.8748 1.3985 2.5263
v -4.8409 1.4887 2.6349
v -4.8132 1.4785 2.6335
v -4.7965 1.4248 2.5482
v -4.822 1.4128 2.5227
v -4.7944 1.4642 2.6191
v -4.8727 1.4544 2.652
v -4.898 1.4543 2.639
v -4.92 1.409 2.5581
v -4.9054 1.398 2.5457
v -4.9267 1.4431 2.6072
v -4.9301 1.4242 2.5791
v -4.8752 1.3833 2.537
v -4.7448 1.5851 2.5021
v -4.7651 1.504 2.5469
v -4.723 1.6344 2.4674
v -4.7327 1.6239 2.4778
v -4.6646 1.7093 2.4151
v -4.6773 1.6954 2.4216
v -4.8341 1.2925 2.688
v -4.8689 1.2519 2.7245
v -4.9093 1.2372 2.747
v -4.9299 1.2389 2.7487
v -4.8117 1.3444 2.6489
v -4.6897 1.678 2.4316
v -4.7998 1.4125 2.6063
v -4.8006 1.3923 2.6188
v -4.7395 1.6172 2.4847
v -4.7433 1.6 2.4936
v -4.7955 1.4254 2.5975
v -4.7854 1.4418 2.5821
v -4.764 1.6463 2.3431
v -4.7929 1.6024 2.3757
v -4.7332 1.6872 2.3085
v -4.7484 1.6653 2.3279
v -4.8532 1.3945 2.528
v -4.8537 1.3814 2.54
v -4.9516 1.221 2.6843
v -4.9109 1.2291 2.6535
v -4.8027 1.5866 2.385
v -4.8027 1.5767 2.392
v -4.8318 1.472 2.469
v -4.852 1.4133 2.5106
v -4.8895 1.2641 2.6203
v -4.8672 1.3171 2.5808
v -4.8099 1.5504 2.4099
v -4.805 1.5639 2.4013
v -4.9611 1.2255 2.6988
v -4.8587 1.3639 2.5495
v -4.9517 1.2337 2.7129
v -4.9437 1.2392 2.7277
v -4.938 1.3272 2.6466
v -4.9242 1.3451 2.6642
v -4.9341 1.2476 2.742
v -4.9516 1.2995 2.6514
v -4.9263 1.278 2.7472
v -4.9217 1.3019 2.7385
v -4.9619 1.2485 2.6877
v -4.9595 1.2677 2.6682
v -4.9579 1.2376 2.7039
v -4.9176 1.3319 2.7152
v -4.9302 1.2592 2.7454
v -4.9145 1.3492 2.6911
v -4.9483 1.252 2.7245
v -4.9506 1.2665 2.7181
v -4.9475 1.2843 2.7074
v -4.9381 1.3111 2.6883
v -4.8341 1.6187 2.2773
v -4.831 1.641 2.2717
v -4.8562 1.6405 2.2428
v -4.8586 1.6185 2.2524
v -4.863 1.5823 2.19
v -4.8622 1.6036 2.178
v -4.8335 1.5759 2.1641
v -4.8379 1.5584 2.1749
v -4.8727 1.6135 2.228
v -4.8698 1.6352 2.2173
v -4.8704 1.6195 2.1936
v -4.8729 1.5999 2.204
v -4.8262 1.7494 2.1665
v -4.8197 1.7801 2.1525
v -4.8147 1.7627 2.1274
v -4.8273 1.7297 2.1433
v -4.7924 1.7579 2.2232
v -4.7838 1.7917 2.2218
v -4.8075 1.7909 2.1807
v -4.816 1.7616 2.1897
v -4.818 1.7021 2.1244
v -4.8059 1.7365 2.1107
v -4.7775 1.689 2.0942
v -4.7941 1.6682 2.1124
v -4.8481 1.5092 2.3158
v -4.8413 1.5384 2.3035
v -4.8661 1.5362 2.2851
v -4.8684 1.508 2.2994
v -4.8749 1.4789 2.2364
v -4.8682 1.5118 2.2218
v -4.8485 1.4949 2.2066
v -4.8567 1.4641 2.2199
v -4.883 1.5047 2.2768
v -4.88 1.5337 2.2634
v -4.8791 1.5229 2.239
v -4.8836 1.4924 2.2527
v -4.7615 1.5407 2.2819
v -4.784 1.5552 2.3001
v -4.7917 1.5302 2.3115
v -4.7684 1.5118 2.2939
v -4.8626 1.6532 2.2107
v -4.8638 1.6353 2.1852
v -4.7438 1.6106 2.2452
v -4.7668 1.6354 2.2728
v -4.7702 1.6161 2.2788
v -4.7476 1.594 2.2553
v -4.7187 1.6899 2.2267
v -4.74 1.702 2.2517
v -4.7398 1.6933 2.2512
v -4.7179 1.6704 2.2254
v -4.7825 1.6129 2.131
v -4.8101 1.6309 2.1355
v -4.8019 1.6476 2.1252
v -4.7734 1.6276 2.1228
v -4.837 1.4521 2.2142
v -4.8264 1.4824 2.2006
v -4.7659 1.6429 2.113
v -4.7472 1.6609 2.099
v -4.8105 1.5418 2.1687
v -4.8041 1.5591 2.1587
v -4.8091 1.5647 2.3023
v -4.8143 1.5373 2.313
v -4.7666 1.7264 2.2471
v -4.7643 1.7088 2.2503
v -4.77 1.6891 2.2569
v -4.7456 1.6726 2.2547
v -4.8255 1.6603 2.261
v -4.8478 1.659 2.235
v -4.8569 1.6194 2.1703
v -4.8287 1.5936 2.154
v -4.8847 1.3977 2.2657
v -4.8868 1.3674 2.2768
v -4.8927 1.3886 2.2942
v -4.8928 1.4117 2.2833
v -4.8914 1.4271 2.308
v -4.8916 1.405 2.317
v -4.88 1.4175 2.344
v -4.8785 1.4351 2.3325
v -4.8376 1.3347 2.3845
v -4.8123 1.3586 2.3643
v -4.8282 1.3867 2.3697
v -4.8424 1.3596 2.3837
v -4.8593 1.4399 2.3487
v -4.8589 1.4166 2.3575
v -4.842 1.4042 2.3657
v -4.8359 1.4312 2.3543
v -4.8628 1.3949 2.3634
v -4.8681 1.381 2.368
v -4.8624 1.3633 2.3823
v -4.8492 1.3796 2.3761
v -4.8705 1.3404 2.3898
v -4.8615 1.3431 2.3905
v -4.8717 1.358 2.3821
v -4.8786 1.3097 2.2993
v -4.8895 1.3029 2.3155
v -4.8903 1.3191 2.3092
v -4.8838 1.3281 2.2941
v -4.8732 1.3214 2.3887
v -4.8631 1.3224 2.3891
v -4.887 1.3513 2.2944
v -4.8898 1.3418 2.3058
v -4.8892 1.3612 2.3116
v -4.8888 1.3713 2.3044
v -4.8955 1.2921 2.3448
v -4.887 1.2863 2.3412
v -4.8807 1.2898 2.3661
v -4.8896 1.2953 2.3666
v -4.8861 1.3881 2.3236
v -4.8855 1.3777 2.3287
v -4.8772 1.3861 2.3507
v -4.8765 1.398 2.3467
v -4.8902 1.358 2.3134
v -4.8855 1.3721 2.3318
v -4.8779 1.3793 2.3526
v -4.7719 1.5101 2.2081
v -4.7589 1.5164 2.2287
v -4.7671 1.4876 2.2398
v -4.7816 1.4791 2.2188
v -4.7487 1.5764 2.1793
v -4.7384 1.5855 2.1999
v -4.7429 1.5684 2.2074
v -4.7539 1.5599 2.1868
v -4.7176 1.6377 2.1515
v -4.7089 1.6525 2.1782
v -4.7155 1.639 2.1815
v -4.7239 1.6268 2.1569
v -4.858 1.2794 2.3275
v -4.845 1.2853 2.3551
v -4.8922 1.3389 2.3124
v -4.8955 1.3056 2.3226
v -4.8959 1.32 2.316
v -4.8718 1.3736 2.3687
v -4.8245 1.3071 2.3036
v -4.8068 1.363 2.272
v -4.7901 1.3714 2.2972
v -4.8061 1.3152 2.3281
v -4.817 1.4202 2.3546
v -4.7947 1.4 2.3424
v -4.8675 1.3318 2.2784
v -4.8785 1.349 2.2749
v -4.8843 1.4319 2.2558
v -4.8913 1.4406 2.2721
v -4.89 1.455 2.2969
v -4.8757 1.4607 2.3192
v -4.7984 1.4029 2.2511
v -4.7973 1.4175 2.2454
v -4.7816 1.4272 2.2697
v -4.7822 1.4111 2.2775
v -4.8338 1.7191 2.1796
v -4.8369 1.7002 2.1564
v -4.8427 1.674 2.1664
v -4.8432 1.6928 2.1914
v -4.7243 1.6463 2.2286
v -4.7993 1.5756 2.1497
v -4.7917 1.6523 2.2778
v -4.8012 1.7263 2.2313
v -4.8219 1.7284 2.2038
v -4.8309 1.6996 2.2148
v -4.8099 1.7011 2.2396
v -4.8264 1.6752 2.1384
v -4.8319 1.6547 2.1475
v -4.724 1.6219 2.1837
v -4.7328 1.6124 2.1619
v -4.8754 1.5657 2.2514
v -4.8736 1.5899 2.2397
v -4.8733 1.5773 2.2165
v -4.8748 1.5495 2.2257
v -4.8469 1.4083 2.2341
v -4.8522 1.3749 2.2521
v -4.8705 1.3859 2.2545
v -4.8664 1.4158 2.2401
v -4.8635 1.5372 2.2096
v -4.8614 1.5624 2.1984
v -4.8409 1.5417 2.1844
v -4.8426 1.5213 2.1937
v -4.7881 1.4365 2.3276
v -4.7884 1.4541 2.321
v -4.8087 1.4678 2.3351
v -4.8104 1.4506 2.3419
v -4.8061 1.4828 2.3284
v -4.8253 1.4896 2.3308
v -4.8288 1.4748 2.3364
v -4.7525 1.5793 2.2653
v -4.7748 1.597 2.2856
v -4.7789 1.5785 2.2919
v -4.7558 1.5628 2.2719
v -4.759 1.5427 2.1953
v -4.7481 1.55 2.2154
v -4.7534 1.5335 2.2228
v -4.7649 1.5271 2.2019
v -4.8618 1.568 2.2722
v -4.8591 1.5944 2.262
v -4.837 1.5683 2.2921
v -4.8345 1.593 2.2841
v -4.8167 1.5094 2.1875
v -4.814 1.5273 2.1774
v -4.8004 1.6098 2.2905
v -4.8038 1.5886 2.2957
v -4.8578 1.4615 2.3356
v -4.8313 1.4583 2.3432
v -4.7967 1.4342 2.2393
v -4.7823 1.4412 2.2629
v -4.7862 1.4682 2.3115
v -4.7964 1.6318 2.2851
v -4.8513 1.4946 2.3224
v -4.871 1.4944 2.3051
v -4.8791 1.4624 2.2422
v -4.8601 1.4492 2.2257
v -4.8855 1.4922 2.2824
v -4.8871 1.4781 2.2586
v -4.8396 1.4398 2.2197
v -4.8212 1.5054 2.3258
v -4.7999 1.4992 2.3227
v -4.7802 1.4561 2.2569
v -4.7932 1.4481 2.235
v -4.7813 1.4828 2.3048
v -4.8549 1.4793 2.3284
v -4.8744 1.4791 2.3121
v -4.8836 1.4491 2.2497
v -4.8639 1.434 2.2319
v -4.889 1.4756 2.2885
v -4.8905 1.4625 2.2636
v -4.843 1.4228 2.2271
v -4.7542 1.5249 2.2521
v -4.761 1.4988 2.2666
v -4.7367 1.596 2.2218
v -4.74 1.5782 2.229
v -4.7079 1.6716 2.2041
v -4.7146 1.6535 2.2042
v -4.8017 1.3338 2.3508
v -4.834 1.3052 2.3776
v -4.8693 1.3036 2.383
v -4.8798 1.3087 2.3839
v -4.7873 1.3841 2.3226
v -4.7227 1.634 2.2062
v -4.779 1.4401 2.2978
v -4.7798 1.4247 2.3063
v -4.7444 1.5609 2.2383
v -4.7488 1.5448 2.2454
v -4.7787 1.4524 2.2885
v -4.7759 1.4671 2.2805
v -4.7476 1.6033 2.1391
v -4.7694 1.5705 2.1587
v -4.737 1.6333 2.1255
v -4.7433 1.6187 2.133
v -4.8176 1.4327 2.2243
v -4.8212 1.4178 2.2296
v -4.8877 1.293 2.3247
v -4.8717 1.2964 2.3098
v -4.776 1.5541 2.1669
v -4.7825 1.5379 2.1757
v -4.8024 1.4763 2.2055
v -4.8135 1.4466 2.2181
v -4.8516 1.3211 2.2896
v -4.8335 1.3666 2.256
v -4.7933 1.5053 2.1937
v -4.7877 1.5231 2.1841
v -4.8949 1.2969 2.3308
v -4.8245 1.4032 2.236
v -4.8978 1.2996 2.3465
v -4.8947 1.3048 2.3654
v -4.8881 1.353 2.3168
v -4.8847 1.3671 2.3331
v -4.8848 1.3147 2.3798
v -4.8914 1.3383 2.3157
v -4.8769 1.3348 2.3844
v -4.8718 1.3527 2.3789
v -4.8954 1.3108 2.3274
v -4.8942 1.3205 2.3213
v -4.8974 1.3039 2.3352
v -4.8715 1.3666 2.3668
v -4.881 1.3243 2.3843
v -4.8765 1.3742 2.3537
v -4.8929 1.3172 2.3581
v -4.8912 1.3245 2.355
v -4.8882 1.3373 2.35
v -4.8848 1.3543 2.3419
v -3.9049 2.1185 2.6611
v -3.9118 2.1358 2.6379
v -3.9218 2.1751 2.6635
v -3.9153 2.1595 2.6862
v -4.0172 2.1586 2.7183
v -4.0239 2.1768 2.6968
v -4.0829 2.128 2.6982
v -4.0696 2.1159 2.7164
v -3.9569 2.1818 2.7126
v -3.9627 2.1976 2.6885
v -3.9713 2.0806 2.5761
v -3.9308 2.1162 2.5905
v -3.9216 2.0971 2.6181
v -3.9605 2.0588 2.6073
v -4.0765 2.0843 2.6927
v -4.0823 2.0967 2.6674
v -3.9204 2.1537 2.6102
v -4.0419 2.0862 2.7871
v -4.0289 2.0813 2.8106
v -3.9888 2.111 2.7859
v -3.9964 2.1186 2.7718
v -3.9481 2.1311 2.7539
v -3.9445 2.1201 2.7637
v -3.9065 2.0978 2.747
v -3.9097 2.1104 2.7343
v -3.8936 1.9675 2.8148
v -3.9117 1.9716 2.7697
v -3.8736 2.0084 2.7484
v -3.862 2.0021 2.7831
v -3.8766 2.0549 2.747
v -3.8829 2.0677 2.725
v -3.903 2.0864 2.7592
v -3.9 2.0782 2.7709
v -3.8669 2.0342 2.7921
v -3.869 2.0436 2.7708
v -3.857 2.0121 2.8497
v -3.8547 1.9997 2.8191
v -3.869 2.036 2.8078
v -4.0148 2.0401 2.8445
v -3.9931 2.0394 2.8713
v -3.9988 2.0783 2.8466
v -4.0148 2.0787 2.8302
v -3.8726 1.9996 2.8744
v -3.8815 1.9753 2.8512
v -3.9745 2.101 2.8093
v -3.9814 2.1052 2.7982
v -3.9505 2.0183 2.9037
v -3.9702 2.0071 2.8797
v -3.9328 1.9815 2.8756
v -3.9148 2.0013 2.8978
v -3.9411 2.1108 2.7721
v -3.9384 2.1031 2.7803
v -3.9687 2.0958 2.8216
v -3.9367 2.0941 2.7869
v -3.8982 2.0741 2.7791
v -4.0803 2.0884 2.6147
v -4.0355 2.0696 2.5865
v -4.0255 2.0544 2.6191
v -4.072 2.0794 2.6517
v -3.9931 2.0069 2.8482
v -3.9475 1.9736 2.8419
v -3.9794 2.0817 2.8556
v -3.967 2.0446 2.8923
v -4.0126 2.0115 2.8088
v -4.0299 2.0215 2.7654
v -3.9869 1.9911 2.7447
v -3.9683 1.9766 2.7907
v -3.888 2.0231 2.7202
v -3.9285 1.9859 2.7222
v -4.0311 2.0431 2.8151
v -4.0513 2.0925 2.7677
v -4.0031 2.1275 2.7607
v -3.9507 2.1432 2.7464
v -3.9118 2.1227 2.7237
v -4.0447 2.0345 2.7259
v -4.0524 2.0424 2.7037
v -4.0097 2.016 2.679
v -4.0046 2.0104 2.694
v -4.0603 2.0588 2.7488
v -4.0469 2.0491 2.7796
v -3.9431 2.0028 2.6813
v -3.9479 2.0118 2.6636
v -3.9033 2.0512 2.675
v -3.8971 2.0393 2.693
v -3.9078 2.062 2.6614
v -3.8995 2.1034 2.6791
v -3.8951 2.0922 2.6919
v -4.0349 2.1944 2.6671
v -4.095 2.1485 2.6642
v -3.8896 2.0813 2.7064
v -4.0567 2.0492 2.6883
v -4.0131 2.0234 2.6599
v -3.932 2.1919 2.6316
v -3.9741 2.2132 2.66
v -4.0974 2.1146 2.6361
v -3.9513 2.0197 2.6501
v -3.9128 2.145 2.702
v -4.0123 2.146 2.7361
v -4.0648 2.105 2.7348
v -3.953 2.1679 2.7279
v -4.0733 2.0745 2.7116
v -3.9143 2.0771 2.6423
v -4.0169 2.0327 2.6451
v -4.0604 2.0593 2.6722
v -3.9569 2.034 2.6326
v -3.9145 2.1328 2.7126
v -4.0083 2.136 2.7474
v -4.0591 2.0991 2.7503
v -3.9535 2.1531 2.7362
v -4.0687 2.0674 2.7277
v -3.9439 2.0348 2.896
v -3.9084 2.0215 2.8893
v -3.9697 2.0923 2.8212
v -3.9365 2.0874 2.792
v -3.8794 2.0137 2.8748
v -3.9709 2.0744 2.8518
v -3.868 2.0166 2.8545
v -3.8738 2.0376 2.8163
v -3.9553 2.0504 2.8865
v -3.899 2.0703 2.7802
v -3.9085 2.0386 2.8772
v -3.9152 2.0616 2.8445
v -4.4587 2.0499 2.7433
v -4.5743 1.8934 2.6083
v -4.6983 1.7969 2.4417
v -4.7499 1.7452 2.2397
v -4.8008 1.8711 2.351
v -4.8159 1.8617 2.2983
v -4.5944 1.777 2.4426
v -4.5464 1.7993 2.4046
v -4.5051 1.8137 2.4455
v -4.5316 1.7837 2.4896
v -4.8016 1.8161 2.1348
v -4.7849 1.8347 2.1726
v -4.6951 1.6736 2.1144
v -4.7222 1.6505 2.1158
v -4.7248 1.6839 2.082
v -4.5044 2.0753 2.7176
v -4.5331 2.0792 2.7123
v -4.4047 2.0052 2.6448
v -4.4132 2.0006 2.7059
v -4.4137 1.963 2.68
v -4.4195 1.9701 2.6431
v -4.799 1.7943 2.1006
v -4.7875 1.7688 2.0914
v -4.7073 1.6532 2.1466
v -4.6956 1.669 2.1392
v -4.685 1.6855 2.1538
v -4.6982 1.6694 2.1699
v -4.6611 1.7063 2.2677
v -4.6482 1.7121 2.2506
v -4.6149 1.7359 2.3035
v -4.64 1.7202 2.3344
v -4.4545 2.0664 2.72
v -4.4759 1.8545 2.497
v -4.4978 1.8487 2.5325
v -4.725 1.9435 2.5248
v -4.6748 1.9642 2.5577
v -4.437 1.9396 2.6364
v -4.4262 1.947 2.6169
v -4.672 1.7065 2.195
v -4.6919 1.7055 2.2118
v -4.4158 2.0428 2.7048
v -4.4249 2.0264 2.7309
v -4.5863 1.7639 2.3486
v -4.6366 1.7561 2.3966
v -4.7439 1.9268 2.4746
v -4.5718 2.0579 2.6797
v -4.7605 1.7114 2.0745
v -4.4681 1.9003 2.5865
v -4.4506 1.9124 2.5601
v -4.7519 1.8797 2.3914
v -4.5945 2.0231 2.6399
v -4.5576 1.7834 2.3082
v -4.5909 1.7615 2.2642
v -4.5236 1.826 2.3666
v -4.5055 1.8594 2.3301
v -4.4655 1.8864 2.3823
v -4.493 1.8471 2.4148
v -4.6487 1.7058 2.1592
v -4.6796 1.6861 2.1164
v -4.7437 1.75 2.0529
v -4.7219 1.7897 2.0216
v -4.6773 1.7264 2.0428
v -4.6912 1.7009 2.0707
v -4.4576 1.8818 2.4691
v -4.624 1.7357 2.2186
v -4.5993 1.7412 2.1754
v -4.5674 1.7784 2.2282
v -4.429 1.9251 2.5337
v -4.3986 1.9474 2.4978
v -4.3818 1.9859 2.5582
v -4.4029 1.9643 2.5887
v -4.3714 1.98 2.4656
v -4.4331 1.9129 2.4331
v -4.411 1.9499 2.4057
v -4.6334 1.7082 2.1124
v -4.617 1.7186 2.0814
v -4.5721 1.7584 2.1341
v -4.7907 1.8545 2.2526
v -4.3556 2.0199 2.5375
v -4.338 2.0365 2.4255
v -4.3137 2.0573 2.4993
v -4.4899 1.8992 2.2957
v -4.4536 1.9233 2.3502
v -4.4649 2.1644 2.5985
v -4.5048 2.1172 2.6595
v -4.4277 2.0952 2.6703
v -4.4034 2.1374 2.6161
v -4.7252 1.8913 2.3982
v -4.5387 1.8008 2.0814
v -4.5152 1.8644 2.1499
v -4.5439 1.8138 2.1806
v -4.3858 2.0059 2.3626
v -4.4278 1.9798 2.3128
v -4.4685 1.9492 2.264
v -4.7208 1.9393 2.0263
v -4.7404 1.9068 2.0609
v -4.7334 1.9341 2.1175
v -4.7139 1.9721 2.0746
v -4.6798 2.0593 2.4159
v -4.6497 2.1271 2.3408
v -4.6639 2.0808 2.2904
v -4.6859 2.0122 2.3644
v -4.7122 1.8815 1.9928
v -4.7346 1.8455 2.0269
v -4.684 2.0497 2.2347
v -4.7037 1.9903 2.3001
v -4.714 2.035 2.1792
v -4.7341 1.9895 2.2403
v -4.6467 1.9877 1.8794
v -4.6609 2.0278 1.9174
v -4.607 2.0985 1.8333
v -4.5996 2.0533 1.7952
v -4.7135 2.0022 2.1246
v -4.7405 1.958 2.178
v -4.6589 2.0815 1.9684
v -4.6054 2.1711 1.8851
v -4.6252 2.0809 2.4586
v -4.6045 2.1531 2.3905
v -4.5084 2.3132 2.1991
v -4.5551 2.2311 2.2934
v -4.5012 2.2692 2.3402
v -4.4502 2.3562 2.2437
v -4.5598 2.2833 2.1543
v -4.5122 2.3638 2.0641
v -4.5443 2.3302 2.0233
v -4.59 2.2479 2.1113
v -4.6368 2.176 2.0335
v -4.6808 2.097 2.1117
v -4.6534 2.1245 2.1575
v -4.6137 2.2107 2.0723
v -4.4269 2.3132 2.3819
v -4.3628 2.4013 2.2809
v -4.6392 2.0213 2.5161
v -4.5959 2.0546 2.5765
v -4.5841 2.1118 2.5068
v -4.7308 1.9211 2.4356
v -4.5676 2.2942 1.9854
v -4.6477 2.1302 1.9978
v -4.6858 2.0555 2.0686
v -4.605 2.2027 2.2487
v -4.7181 1.9698 2.4119
v -4.7152 1.9437 2.353
v -4.563 2.1237 2.6035
v -4.5422 2.1598 2.5648
v -4.754 1.8899 2.0922
v -4.7522 1.8969 2.1526
v -4.5543 2.185 2.4382
v -4.7691 1.9123 2.2243
v -4.4967 1.8872 2.5977
v -4.6321 1.7766 2.4546
v -4.5164 1.8558 2.5706
v -4.5495 1.8762 2.5921
v -4.6969 1.7026 2.2746
v -4.653 1.7616 2.4245
v -4.6717 1.7736 2.4467
v -4.709 1.7091 2.2273
v -4.7293 1.7119 2.2475
v -2.4981 3.6023 0.0753
v -2.5367 3.6164 0.2226
v -3.0317 3.9211 -0.065
v -2.9762 3.8589 -0.1544
v -3.0903 4.0281 0.3437
v -3.1021 4.009 0.2078
v -2.91 3.8045 -0.1981
v -2.6865 3.6914 0.4766
v -2.6108 3.6413 0.3576
v -2.7443 3.7259 -0.2231
v -2.8368 3.7624 -0.2199
v -2.5877 3.663 -0.1478
v -2.5482 3.6372 -0.1001
v -3.0445 4.0031 0.4665
v -2.9598 3.9399 0.5525
v -2.5146 3.6188 -0.0302
v -3.0869 3.9744 0.0634
v -2.8646 3.8635 0.5727
v -3.0387 3.6867 -0.1622
v -2.9752 3.6389 -0.1909
v -2.6788 3.5548 0.3556
v -2.6104 3.5239 0.2268
v -2.7094 3.5659 -0.1528
v -2.6615 3.5447 -0.1011
v -3.1204 3.9151 0.4805
v -3.1707 3.9361 0.3663
v -3.0363 3.8576 0.5577
v -2.6146 3.5271 -0.03
v -3.1907 3.9129 0.2308
v -3.1907 3.8703 0.0895
v -2.9436 3.7792 0.5747
v -2.5882 3.5123 0.0776
v -3.1454 3.808 -0.0378
v -3.0963 3.7429 -0.1204
v -2.7599 3.6069 0.4664
v -2.8861 3.6053 -0.1892
v -2.8128 3.4863 -0.1368
v -2.7511 3.4694 -0.0959
v -3.1784 3.8521 0.4967
v -3.2346 3.8694 0.3931
v -3.0924 3.7987 0.5659
v -2.6966 3.4581 -0.0231
v -3.2602 3.842 0.2597
v -3.265 3.795 0.1204
v -3.0038 3.716 0.5793
v -2.6608 3.4504 0.0878
v -3.2275 3.7248 -0.0021
v -2.6693 3.4619 0.2371
v -3.1858 3.6535 -0.0825
v -3.135 3.5937 -0.1301
v -2.8156 3.5459 0.4632
v -2.73 3.4949 0.3649
v -2.9846 3.515 -0.1585
v -3.0754 3.5441 -0.1675
v -2.8364 3.3977 -0.0745
v -2.7807 3.3884 0.0006
v -3.3232 3.7824 0.2955
v -3.3266 3.7303 0.1568
v -3.1455 3.7444 0.5788
v -3.0573 3.6646 0.5885
v -2.7368 3.3883 0.1083
v -3.3005 3.6521 0.0434
v -2.7295 3.4004 0.2542
v -3.264 3.5765 -0.0352
v -3.2937 3.8123 0.4265
v -3.2144 3.5152 -0.0886
v -2.8681 3.4929 0.4713
v -2.7809 3.437 0.3778
v -3.07 3.4338 -0.1298
v -3.153 3.4653 -0.1395
v -2.9062 3.4047 -0.1048
v -3.2318 3.7979 0.5211
v -3.0171 3.3069 -0.0286
v -2.947 3.2988 -0.0012
v -3.2888 3.7456 0.5537
v -3.3511 3.7606 0.4604
v -3.2005 3.6997 0.6086
v -2.8805 3.2999 0.0579
v -3.3842 3.7267 0.3346
v -3.393 3.6629 0.2071
v -3.1084 3.624 0.6091
v -2.8282 3.3079 0.1478
v -3.3775 3.5802 0.1048
v -2.8076 3.321 0.2828
v -3.3438 3.5008 0.0334
v -3.2981 3.4326 -0.0185
v -2.9206 3.4397 0.4959
v -2.8468 3.3662 0.4002
v -3.1658 3.344 -0.0578
v -3.2411 3.3745 -0.0696
v -3.0491 3.2045 0.1241
v -2.9806 3.2064 0.1652
v -3.4773 3.6478 0.4113
v -3.4985 3.5724 0.298
v -3.2656 3.6567 0.6512
v -3.1586 3.5983 0.6565
v -2.9256 3.2113 0.2374
v -3.4877 3.4871 0.1955
v -2.8909 3.2274 0.3418
v -3.4504 3.4012 0.1319
v -3.4334 3.6926 0.5167
v -3.4023 3.3295 0.0846
v -2.9628 3.3892 0.5528
v -2.9084 3.2916 0.4568
v -3.2661 3.2479 0.0577
v -3.3405 3.27 0.0485
v -3.1181 3.2136 0.088
v -3.3621 3.6866 0.6026
v -3.0808 3.0869 0.332
v -3.0214 3.1015 0.3933
v -3.6247 3.4523 0.4205
v -3.618 3.3587 0.3286
v -2.9677 3.1301 0.4742
v -3.5799 3.2706 0.2745
v -3.5343 3.5967 0.6027
v -3.5945 3.5377 0.5163
v -3.5286 3.2017 0.2304
v -3.0208 3.3173 0.6663
v -2.9737 3.2123 0.5762
v -3.3841 3.1228 0.2026
v -3.4597 3.1522 0.2103
v -3.226 3.085 0.2449
v -3.1495 3.0798 0.2841
v -3.4482 3.6092 0.6797
v -3.3401 3.6101 0.7241
v -3.2324 3.5541 0.7432
v -3.1655 2.9621 0.6178
v -3.1154 2.9937 0.6959
v -3.7691 3.1991 0.5183
v -3.7351 3.1184 0.4604
v -3.6621 3.4499 0.7587
v -3.7272 3.3854 0.6869
v -3.6808 3.0508 0.4207
v -3.1564 3.1721 0.8447
v -3.1176 3.069 0.7761
v -3.5206 2.975 0.4129
v -3.5963 3.0102 0.4114
v -3.3638 2.9341 0.4522
v -3.2906 2.9324 0.4948
v -3.5693 3.4744 0.8229
v -3.4608 3.4703 0.8676
v -3.226 2.9387 0.5423
v -3.7603 3.3009 0.6034
v -3.357 3.4144 0.8876
v -3.82 3.2555 0.9643
v -3.8846 3.2014 0.9002
v -3.8879 2.9677 0.6943
v -3.8445 2.8948 0.6449
v -3.349 3.0264 1.0392
v -3.313 2.9358 0.986
v -3.6774 2.8309 0.6508
v -3.7529 2.8597 0.6425
v -3.3156 2.8687 0.9137
v -3.5259 2.7845 0.688
v -3.456 2.7885 0.7309
v -3.7246 3.2809 1.0146
v -3.6256 3.2704 1.0456
v -3.3966 2.8015 0.7772
v -3.9146 3.1317 0.8251
v -3.5319 3.2199 1.0586
v -3.3486 2.8299 0.8459
v -3.9165 3.0461 0.7539
v -3.8669 2.6845 0.8942
v -3.9514 2.7173 0.8804
v -4.012 2.7658 0.8968
v -3.5096 2.8069 1.203
v -3.5141 2.7457 1.1399
v -3.7187 2.6311 0.9441
v -3.6439 2.6401 0.9737
v -3.8898 3.078 1.2402
v -3.9721 3.0653 1.1956
v -3.795 3.0751 1.2697
v -3.5852 2.6696 1.0224
v -4.0336 3.0276 1.1347
v -4.0698 2.9691 1.0612
v -3.7083 3.0334 1.2724
v -3.5341 2.6979 1.0835
v -4.0726 2.8961 0.9953
v -4.0504 2.8259 0.9305
v -3.5394 2.88 1.2479
v -3.8896 2.517 1.1515
v -3.8189 2.5248 1.18
v -4.0084 2.9297 1.4069
v -4.0805 2.9118 1.3632
v -3.9285 2.926 1.4359
v -3.7586 2.5528 1.224
v -4.1382 2.8774 1.3088
v -4.1724 2.8358 1.2524
v -3.8551 2.8909 1.4538
v -3.7117 2.5895 1.2764
v -4.1835 2.7855 1.2006
v -3.6889 2.642 1.3345
v -4.176 2.7317 1.1551
v -4.1522 2.6759 1.1234
v -3.7157 2.7649 1.4284
v -3.6878 2.7001 1.3879
v -4.0465 2.57 1.1152
v -4.1174 2.6163 1.1142
v -3.9557 2.4296 1.344
v -3.8991 2.4592 1.3902
v -4.2133 2.7586 1.4665
v -4.2486 2.7274 1.4181
v -4.0383 2.805 1.5811
v -3.9767 2.7816 1.6078
v -3.8562 2.5025 1.4436
v -4.269 2.6889 1.3716
v -3.837 2.5597 1.5001
v -4.2745 2.6456 1.3318
v -4.1646 2.7851 1.5119
v -4.2615 2.5967 1.3014
v -3.8604 2.6731 1.5855
v -3.8384 2.6159 1.5468
v -4.1788 2.4856 1.2839
v -4.2263 2.5419 1.2826
v -4.0227 2.4232 1.3127
v -4.1041 2.8042 1.5517
v -3.9992 2.3932 1.5189
v -3.9682 2.447 1.5738
v -4.3046 2.6423 1.5421
v -4.3291 2.6089 1.4995
v -3.9572 2.5083 1.6252
v -4.3418 2.571 1.4632
v -4.2261 2.6903 1.6275
v -4.271 2.6668 1.5858
v -4.3368 2.5264 1.4341
v -3.974 2.6092 1.6997
v -3.9581 2.5615 1.6641
v -4.2671 2.4215 1.4091
v -4.3088 2.4748 1.4135
v -4.1143 2.3463 1.4372
v -4.048 2.3562 1.4706
v -4.1772 2.7062 1.6643
v -4.1231 2.7093 1.6946
v -4.0647 2.6936 1.7232
v -4.0388 2.4051 1.6649
v -4.032 2.462 1.7118
v -4.379 2.5307 1.5984
v -4.3906 2.4938 1.5647
v -4.2868 2.6175 1.7207
v -4.3223 2.5953 1.6831
v -4.3874 2.4542 1.5371
v -4.0556 2.5532 1.778
v -4.0365 2.5112 1.7459
v -4.337 2.3636 1.5042
v -4.3673 2.4093 1.5137
v -4.1801 2.2934 1.5256
v -4.1108 2.3087 1.5597
v -4.2428 2.6359 1.7572
v -4.1933 2.6416 1.7878
v -4.0643 2.3498 1.6098
v -4.3549 2.5664 1.6398
v -4.1451 2.6286 1.8127
v -4.3379 2.5634 1.7934
v -4.37 2.5361 1.7567
v -4.4276 2.428 1.6439
v -4.4265 2.3915 1.6152
v -4.0992 2.5109 1.8382
v -4.1289 2.4806 1.8917
v -4.1068 2.4442 1.8549
v -4.0809 2.4704 1.8063
v -4.3907 2.3178 1.5641
v -4.4237 2.2672 1.6127
v -4.4497 2.2988 1.6431
v -4.4122 2.3521 1.5861
v -4.0973 2.4066 1.8146
v -4.0721 2.4277 1.7736
v -4.2162 2.2499 1.5769
v -4.1448 2.2756 1.6148
v -4.2972 2.5828 1.8282
v -4.3393 2.5445 1.8896
v -4.2847 2.5572 1.9221
v -4.2458 2.5902 1.8582
v -4.0996 2.3218 1.6691
v -4.3972 2.5028 1.716
v -4.223 2.5553 1.9421
v -4.1886 2.5785 1.8773
v -4.0762 2.3783 1.7274
v -4.4173 2.465 1.6768
v -4.7458 1.9625 2.2777
v -4.6944 2.0347 2.4394
v -4.7733 1.9223 2.3042
v -4.7496 1.9149 2.3401
v -4.7103 2.0033 2.4731
v -4.6798 1.9971 2.5134
v -4.7721 1.859 2.1082
v -4.7783 1.8249 2.0921
v -4.6171 1.969 2.5635
v -4.5916 1.9976 2.609
v -4.7699 1.8662 2.1405
v -4.7777 1.8361 2.2004
v -4.7909 1.9032 2.2808
v -4.7581 1.8216 2.0594
v -4.5157 1.8647 2.2405
v -4.497 1.915 2.2108
v -4.3197 2.5269 1.9894
v -4.2527 2.5284 2.0081
v -4.3771 2.5079 1.9545
v -3.9412 2.1351 2.5567
v -3.9319 2.17 2.5767
v -4.1142 2.1305 2.5957
v -4.1111 2.1659 2.6237
v -3.98 2.1008 2.5367
v -4.0511 2.0873 2.545
v -4.0959 2.104 2.5751
v -4.0501 2.2209 2.6338
v -3.9871 2.2306 2.6268
v -3.9425 2.2079 2.6019
v -4.0026 2.2489 2.5883
v -3.956 2.2225 2.5624
v -3.9449 2.1845 2.5401
v -3.9844 2.1142 2.5078
v -3.9512 2.1495 2.5232
v -4.1287 2.1424 2.5608
v -4.1274 2.1772 2.5891
v -4.0604 2.0978 2.519
v -4.1083 2.1161 2.5445
v -4.0703 2.2349 2.5991
v -4.0867 2.2512 2.569
v -4.0138 2.2703 2.5493
v -4.1438 2.1861 2.5608
v -3.9655 2.2345 2.523
v -3.9537 2.1973 2.5059
v -3.9902 2.1223 2.4884
v -3.9566 2.1603 2.4939
v -4.1438 2.1519 2.5354
v -4.0695 2.1047 2.5011
v -4.1202 2.1246 2.522
v -4.0012 2.1287 2.4658
v -4.0783 2.1103 2.4829
v -4.1304 2.1296 2.5008
v -4.1602 2.1576 2.5138
v -4.1051 2.2678 2.5408
v -4.0243 2.2944 2.5092
v -4.1625 2.1933 2.5367
v -3.9761 2.2531 2.4862
v -3.9621 2.2107 2.4738
v -3.967 2.169 2.4666
v -4.0071 2.1352 2.4468
v -3.981 2.1748 2.4321
v -4.182 2.1603 2.4938
v -4.1878 2.2082 2.5172
v -3.9703 2.2237 2.4307
v -4.0914 2.1171 2.4609
v -4.1488 2.135 2.4778
v -4.1282 2.2864 2.511
v -4.0441 2.3232 2.473
v -3.9851 2.2773 2.4418
v -4.0438 2.3512 2.4204
v -3.9937 2.3114 2.3856
v -3.9883 2.2369 2.3701
v -4.065 2.13 2.3963
v -4.0061 2.1723 2.3755
v -4.225 2.1673 2.4895
v -4.2364 2.2258 2.4995
v -4.1328 2.1263 2.43
v -4.1842 2.1377 2.4586
v -4.1479 2.3138 2.4776
v -4.0053 2.2448 2.2938
v -3.9974 2.3365 2.3152
v -4.032 2.167 2.3049
v -4.2526 2.0825 2.3709
v -4.3014 2.0584 2.2947
v -4.1824 2.1068 2.2038
v -4.1445 2.1158 2.2728
v -4.1009 2.1657 2.1351
v -4.0645 2.1608 2.2152
v -4.0745 2.2299 2.1001
v -4.035 2.237 2.1949
v -4.3527 2.0482 2.238
v -4.2284 2.1007 2.1434
v -4.4001 2.0363 2.1888
v -4.2761 2.0904 2.0908
v -4.4295 1.9999 2.1368
v -4.3247 2.0745 2.0405
v -4.0961 2.4293 2.2748
v -4.1166 2.4454 2.1647
v -4.2035 2.4787 2.1869
v -4.2402 2.4415 2.2917
v -4.4508 1.9443 2.0761
v -4.3561 2.0106 1.9873
v -4.4814 1.872 2.008
v -4.4116 1.9315 1.9358
v -4.5014 1.8534 1.8896
v -4.4278 1.9293 1.8459
v -4.3451 1.9898 1.8626
v -4.5456 1.8082 1.9379
v -4.2839 2.0919 2.475
v -4.1009 2.13 2.3403
v -4.5341 1.8203 2.2743
v -4.5988 2.2114 1.916
v -4.5882 2.0572 2.6212
v -4.569 2.0929 2.6407
v -4.5368 2.0992 2.6699
v -4.7309 1.9672 2.4575
v -4.1752 2.1186 2.396
v -4.6993 1.9739 1.9839
v -4.6927 2.0152 2.0276
v -4.464 2.3959 2.108
v -4.4028 2.4315 2.1503
v -4.5876 2.2541 1.9492
v -4.3142 2.4673 2.1855
v -4.6294 2.1608 2.2031
v -4.6594 1.7631 1.9938
v -4.5991 1.7478 2.0253
v -4.2771 2.0674 1.8974
v -4.2326 2.135 1.9463
v -4.2342 2.117 2.4471
v -4.2752 2.151 2.5171
v -4.2893 2.2203 2.5065
v -4.1951 2.3427 2.4364
v -4.0626 2.391 2.3565
v -4.6035 1.9256 1.8622
v -4.4729 2.0197 1.7447
v -4.4581 1.9487 1.7868
v -4.5524 1.8762 1.8659
v -4.6093 1.8329 1.9141
v -4.6518 1.8783 1.9232
v -4.6953 1.8267 1.986
v -4.0144 2.3465 2.2137
v -4.0586 2.3344 2.0871
v -4.4208 2.4804 1.9147
v -4.4624 2.4288 1.9849
v -4.4167 2.4593 2.027
v -4.452 2.4488 1.877
v -4.4947 2.3961 1.9451
v -4.4754 2.4125 1.8404
v -4.5186 2.36 1.908
v -4.4933 2.3726 1.804
v -4.5368 2.3204 1.872
v -4.5041 2.331 1.77
v -4.5476 2.2789 1.8369
v -4.139 2.5512 1.8653
v -4.0955 2.5936 1.8044
v -4.0131 2.6564 1.7236
v -3.7805 2.8382 1.4498
v -3.9116 2.7338 1.6075
v -0.4759 5.5657 0.5827
v -0.361 5.6931 0.5912
v -0.3011 5.8325 0.614
v -0.2502 5.9843 0.6142
v -0.2289 6.1198 0.6447
v -0.2498 6.2246 0.7236
v -0.3036 6.3007 0.8416
v -0.3488 6.3212 0.9364
v -0.377 6.3338 1.0023
v -0.4025 6.3443 1.0562
v -0.4109 6.3639 1.1033
v -0.4049 6.3886 1.145
v -0.3992 6.4105 1.1874
v -0.0648 6.944 1.6586
v -0.2795 6.5647 1.4033
v -0.2894 6.5526 1.3961
v -0.2614 6.5832 1.4147
v -0.2496 6.5956 1.4174
v -0.2562 6.5891 1.4165
v -0.2454 6.6 1.4194
v -0.2415 6.6034 1.421
v -0.2388 6.606 1.4176
v -0.2367 6.6081 1.4095
v -0.2377 6.6099 1.3942
v -0.2445 6.6105 1.3726
v -0.2427 6.6035 1.3585
v -0.2448 6.5925 1.3487
v -0.2472 6.586 1.3389
v -0.2552 6.5757 1.3164
v -0.2784 6.5716 1.2669
v -0.2994 6.574 1.1638
v -0.3297 6.5818 1.0091
v -0.3158 6.5835 0.8143
v -0.2617 6.5846 0.5995
v -0.1892 6.5904 0.5667
v -0.1975 6.659 0.5647
v -0.289 6.7401 0.641
v -0.3234 6.8108 0.8164
v -0.3235 6.8444 1.0174
v -0.281 6.8139 1.1934
v -0.2594 6.771 1.2986
v -0.2366 6.7272 1.3501
v -0.2286 6.6922 1.3681
v -0.2274 6.6633 1.375
v -0.2282 6.6356 1.3793
v -0.2304 6.6217 1.3957
v -0.2315 6.6155 1.4109
v -0.2351 6.612 1.4214
v -0.2399 6.6112 1.4263
v -0.2443 6.6116 1.4273
v -0.249 6.6119 1.4262
v -0.2575 6.6136 1.4252
v -0.2652 6.6148 1.422
v -0.2715 6.6198 1.4203
v -0.2863 6.6273 1.4142
v -0.2997 6.6336 1.4075
v -0.0949 6.9435 1.6321
v -0.1216 6.9403 1.6052
v -0.6501 5.4769 0.6253
v -0.928 5.4778 0.751
v -1.1852 5.452 0.811
v -1.4188 5.4026 0.8138
v -1.6021 5.2992 0.7867
v -1.7392 5.1679 0.7287
v -1.8258 5.0542 0.6722
v -1.8772 4.9573 0.621
v -1.92 4.8828 0.5824
v -1.9623 4.8169 0.5602
v -2.0324 4.721 0.5595
v -2.1481 4.5786 0.5538
v -2.2944 4.3989 0.5531
v -2.4296 4.2052 0.5544
v -2.5785 4.0159 0.5719
v -2.6782 3.8848 0.5615
v -2.7726 3.7748 0.55
v -4.5047 2.2894 1.7362
v -4.5493 2.2434 1.797
v -4.4911 2.242 1.6951
v -4.5356 2.182 1.7478
v -0.0884 6.9178 1.6368
v -0.1145 6.9187 1.6104
v -0.1466 6.9329 1.5668
v -0.1619 6.919 1.5348
v -0.2815 6.6644 1.4263
v -0.1713 6.9033 1.509
v -0.6313 7.284 1.1039
v -0.6143 7.3462 1.132
v -0.6302 7.3541 1.0902
v -0.6472 7.282 1.0577
v -0.5906 7.4069 1.1789
v -0.6054 7.424 1.1442
v -0.5562 7.4629 1.2394
v -0.5714 7.4875 1.2133
v -0.5016 7.5142 1.3026
v -0.4284 7.5534 1.3656
v -0.4384 7.5899 1.3549
v -0.5148 7.5462 1.2847
v -0.3415 7.5805 1.4212
v -0.3462 7.6214 1.4155
v -0.2474 7.5971 1.4697
v -0.2505 7.6438 1.4644
v -0.1529 7.605 1.5063
v -0.1546 7.6553 1.5029
v -0.0625 7.6057 1.5264
v -0.061 7.6578 1.5214
v 0 7.6081 1.5311
v 0 7.6611 1.5263
v -4.3561 2.4865 2.0651
v -4.4685 2.2064 1.6549
v -4.1675 2.5211 1.9245
v -0.9682 4.8252 -0.5861
v -1.1604 4.851 -0.5279
v -0.7655 4.819 -0.5977
v -0.5545 4.8009 -0.4955
v -0.376 4.7876 -0.5217
v -0.1894 4.7746 -0.5068
v 0 4.783 -0.4785
v -1.4576 4.8268 -0.4179
v -1.5609 4.7807 -0.3741
v -1.6522 4.7132 -0.3381
v -1.7339 4.6515 -0.3079
v -1.8228 4.578 -0.2772
v -1.9354 4.4453 -0.2762
v -1.3267 4.8476 -0.4706
v -2.0814 4.2726 -0.2522
v -2.2309 4.0891 -0.2343
v -2.3884 3.9389 -0.2205
v -2.5233 3.8056 -0.1998
v -2.6534 3.6967 -0.19
v -2.7783 3.5911 -0.1843
v -2.8846 3.5046 -0.1533
v -2.9813 3.4178 -0.1214
v -3.0847 3.3269 -0.0514
v -3.1899 3.2279 0.0628
v -3.3121 3.0964 0.2134
v -3.4452 2.9438 0.4263
v -3.6041 2.7964 0.666
v -3.7887 2.6452 0.9147
v -3.9678 2.5336 1.1295
v -4.1025 2.4453 1.2932
v -4.1994 2.373 1.4194
v -4.2716 2.3179 1.5104
v -4.3149 2.2761 1.5624
v -4.3732 2.1783 1.6369
v -4.3425 2.2309 1.6045
v -4.3787 2.0309 2.6219
v -4.3929 2.0691 2.6573
v -4.3492 2.0887 2.6078
v -4.3632 2.0459 2.5928
v -4.3422 2.2025 2.5378
v -4.316 2.1256 2.5642
v -4.2413 2.3557 2.4121
v -4.4968 2.2202 2.4907
v -4.3293 2.3416 2.4002
v -4.5097 2.1476 1.6974
v -4.4082 2.133 1.6729
v -4.4162 2.2268 2.5273
v -4.3001 2.0875 1.7491
v -4.2941 2.17 1.6886
v -4.2336 2.1661 1.7941
v -4.2196 2.2172 1.7357
v -4.189 2.2201 1.8515
v -4.1743 2.2604 1.7941
v -4.1528 2.2622 1.9089
v -4.1481 2.3081 1.8525
v -4.1162 2.2806 1.9724
v -4.1376 2.3455 1.9089
v -4.1171 2.3842 1.9908
v -4.142 2.4509 2.0616
v -4.1932 2.5011 2.0905
v -4.3167 2.0351 1.7968
v -4.2414 2.1248 1.8357
v -4.1906 2.1597 1.9994
v -4.143 2.1691 2.061
v -4.1956 2.1882 1.8912
v -4.1595 2.216 1.9459
v -4.1147 2.2253 2.0087
v -4.279 2.5026 2.0899
v -4.6865 1.9259 1.9475
v -3.4429 3.1427 1.0603
v -3.6285 2.9833 1.2677
v -3.2553 3.3065 0.8775
v -3.114 3.4451 0.7177
v -3.0509 3.4976 0.6173
v -3.0088 3.5335 0.563
v -2.9625 3.5748 0.5414
v -2.9108 3.6246 0.5387
v -2.8512 3.6882 0.5438
v -4.1885 2.5024 1.998
v -4.1539 2.4581 1.9661
v -4.1328 2.4115 1.9146
v -4.1217 2.3803 1.8566
v -4.1265 2.3357 1.8095
v -4.1514 2.2853 1.7521
v -4.1952 2.2406 1.6937
v -4.273 2.2053 1.6486
v -4.2469 2.227 1.6148
v -4.3813 2.5208 1.8528
v -4.4119 2.4908 1.8166
v -4.4641 2.3774 1.7081
v -4.4639 2.3395 1.6775
v -4.171 2.2585 1.6557
v -4.1254 2.3056 1.7111
v -4.4358 2.4553 1.779
v -4.1016 2.3601 1.7685
v -4.4538 2.4161 1.7415
v -0.3542 4.08 -0.4304
v -0.4953 4.0815 -0.4151
v -1.1213 4.046 -0.2584
v -1.252 4.0288 -0.159
v -0.6388 4.0827 -0.396
v -1.3373 3.9452 0.5505
v -1.3353 3.9962 -0.0437
v -1.377 3.9648 0.1009
v -1.3787 3.9397 0.3079
v -0.7934 4.0786 -0.3792
v 0 4.0596 -0.3773
v -0.1991 4.0747 -0.4069
v -0.9628 4.0638 -0.35
v -0.1753 3.896 -0.3613
v -0.3409 3.8946 -0.3989
v -1.3306 3.7365 0.355
v -1.3097 3.7615 0.5797
v 0 3.8817 -0.3363
v -0.7551 3.8951 -0.3212
v -0.9053 3.8786 -0.2665
v -1.066 3.8523 -0.1927
v -1.1893 3.8336 -0.0981
v -0.6092 3.8964 -0.3492
v -1.2633 3.7963 0.0137
v -0.4793 3.8937 -0.3885
v -1.3089 3.7649 0.1615
v -1.2682 3.8632 0.7823
v -1.2476 3.5466 0.2195
v -1.2759 3.5224 0.4098
v -0.1696 3.6925 -0.3226
v -0.3212 3.6958 -0.3502
v -1.2788 3.5435 0.6186
v 0 3.6687 -0.2769
v -0.7153 3.6758 -0.2639
v -0.8546 3.6544 -0.2105
v -1.0021 3.6218 -0.1357
v -1.1234 3.5984 -0.0449
v -0.5825 3.68 -0.3093
v -1.2039 3.5714 0.063
v -0.4596 3.6818 -0.3488
v -1.2425 3.6467 0.8156
v -1.1844 3.305 0.3019
v -1.2335 3.2999 0.4779
v -0.156 3.4588 -0.2771
v -0.2946 3.4452 -0.2776
v -1.2471 3.325 0.6652
v 0 3.4563 -0.2527
v -0.6681 3.422 -0.2177
v -0.7959 3.4004 -0.1692
v -0.9322 3.3716 -0.0888
v -1.054 3.3506 0.0158
v -0.548 3.4335 -0.2569
v -1.1241 3.3293 0.1702
v -0.4325 3.4419 -0.2873
v -1.213 3.3966 0.8538
v -1.1344 3.0728 0.3663
v -1.1707 3.0669 0.5293
v -0.1625 3.1917 -0.2197
v -0.2899 3.2002 -0.2345
v -1.2246 3.0931 0.7184
v 0 3.1814 -0.2148
v -0.6305 3.1779 -0.1742
v -0.7501 3.1656 -0.1332
v -0.8784 3.1409 -0.0507
v -0.987 3.1119 0.1014
v -0.5197 3.1878 -0.2051
v -1.0696 3.0912 0.229
v -0.4081 3.199 -0.2222
v -1.2012 3.153 0.9005
v -1.1107 2.8495 0.3949
v -1.1705 2.8545 0.5471
v -0.1579 2.9566 -0.1885
v -0.2792 2.9692 -0.1921
v -1.2034 2.8691 0.7355
v 0 2.9614 -0.1692
v -0.6208 2.9595 -0.1425
v -0.7361 2.9401 -0.0837
v -0.8469 2.9115 0.0218
v -0.9521 2.8887 0.1412
v -0.5115 2.9716 -0.183
v -1.0473 2.8672 0.2582
v -0.3964 2.9724 -0.1938
v -1.1923 2.9054 0.9153
v -1.2077 2.6576 0.716
v -1.207 2.6703 0.8972
v -1.1199 2.6485 0.3832
v -1.1871 2.6542 0.5241
v -0.1637 2.7513 -0.1906
v -0.2813 2.7563 -0.1852
v 0 2.7426 -0.1792
v -0.6142 2.7518 -0.1204
v -0.7295 2.7286 -0.0538
v -0.8375 2.7066 0.0541
v -0.9312 2.6818 0.17
v -0.5021 2.7654 -0.1581
v -1.0352 2.6632 0.271
v -0.3934 2.7681 -0.1799
v -0.2938 2.5733 -0.1984
v -0.3999 2.5859 -0.1882
v -1.2311 2.4983 0.6764
v -1.2164 2.499 0.8543
v -1.1518 2.4878 0.345
v -1.1985 2.4865 0.4894
v -0.1725 2.559 -0.1975
v 0 2.5569 -0.1935
v -0.6186 2.5711 -0.1153
v -0.7297 2.5459 -0.0242
v -0.8409 2.5307 0.0632
v -0.9632 2.5138 0.1485
v -0.5075 2.5847 -0.1646
v -1.0645 2.4997 0.2423
v -1.0943 2.3774 0.207
v -1.1328 2.2645 0.1682
v -1.2165 2.2629 0.2871
v -1.1765 2.375 0.3114
v -0.2923 2.4216 -0.233
v -0.4104 2.4362 -0.2025
v -1.2564 2.3655 0.6463
v -1.2946 2.2481 0.6192
v -1.2634 2.2358 0.7989
v -1.2367 2.3601 0.8232
v -1.2742 2.2581 0.4356
v -1.2364 2.3718 0.4656
v -0.1686 2.4023 -0.2427
v 0 2.3833 -0.2245
v -0.6324 2.431 -0.1141
v -0.752 2.409 -0.041
v -0.5177 2.4401 -0.1675
v -1.1663 2.1382 0.1314
v -1.2685 2.138 0.2509
v -0.301 2.3027 -0.2568
v -0.2999 2.1842 -0.2946
v -0.4205 2.182 -0.2576
v -0.4186 2.3099 -0.2269
v -1.3425 2.1214 0.5969
v -1.304 2.1084 0.786
v -1.3152 2.1339 0.4034
v -0.1669 2.2953 -0.2744
v -0.1624 2.1855 -0.3041
v 0 2.2758 -0.2413
v 0 2.1733 -0.2599
v -0.6529 2.3001 -0.1354
v -0.6706 2.1703 -0.1857
v -0.806 2.1583 -0.1299
v -0.7797 2.287 -0.0779
v -0.5329 2.3123 -0.1977
v -0.5426 2.1788 -0.2268
v -1.1887 3.9273 0.9459
v -1.1732 3.7221 0.9663
v -1.1572 2.6736 1.0594
v -1.1964 2.5042 1.0256
v -1.0571 2.4872 1.1603
v -1.0284 2.6745 1.1899
v -1.1191 2.932 1.074
v -1.0194 2.9497 1.2128
v -1.1199 3.2033 1.062
v -0.2835 2.396 1.4722
v -0.2823 2.1965 1.4434
v -0.1187 2.2087 1.4572
v -0.1324 2.4079 1.4841
v -1.0225 3.2371 1.2133
v 0 2.2368 1.4434
v 0 2.428 1.4713
v -0.8987 3.2334 1.3631
v -0.6947 3.2829 1.5009
v -0.4827 2.3786 1.4319
v -0.4752 2.181 1.4061
v -1.1513 3.4834 1.0222
v -0.2988 2.9021 1.5719
v -0.2948 2.6509 1.5241
v -0.1318 2.6828 1.5375
v -0.135 2.9377 1.5876
v -0.874 2.9741 1.3451
v -0.6801 3.0305 1.4715
v 0 2.6869 1.5309
v 0 2.9525 1.5802
v -0.4783 2.8423 1.53
v -0.4798 2.6127 1.4779
v -0.2938 3.1627 1.614
v -0.1334 3.1978 1.6204
v 0 3.2169 1.6111
v -0.4747 3.1072 1.5789
v -0.874 2.6787 1.3209
v -0.6897 2.7346 1.4577
v -0.4642 3.3587 1.5828
v -0.3013 3.413 1.6008
v -0.1487 3.4484 1.6002
v 0 3.4426 1.5959
v -0.8898 2.4881 1.29
v -0.6826 2.5399 1.4003
v -0.9027 2.3432 1.2742
v -0.9179 2.1994 1.249
v -0.6937 2.1894 1.3394
v -0.6826 2.3604 1.3696
v -1.083 2.3516 1.1458
v -1.0967 2.215 1.1297
v -1.2126 2.3622 0.999
v -1.225 2.2307 0.9798
v -1.0023 2.3834 0.1096
v -0.8845 2.3956 0.0278
v -0.0995 2.0246 1.4248
v -0.0587 1.97 1.3937
v 0 2.0021 1.3907
v 0 2.0688 1.3967
v -0.1418 1.8534 1.416
v -0.0895 1.8458 1.3982
v -0.1186 1.6568 1.4526
v -0.0758 1.7235 1.4059
v 0 1.5716 1.4268
v 0 1.6525 1.4129
v -0.0347 1.9166 1.4136
v 0 1.9353 1.4097
v -0.0534 1.8405 1.4046
v -0.0453 1.767 1.3971
v 0 1.7248 1.397
v 0 1.8405 1.3615
v -0.7026 2.0255 1.313
v -0.4942 2.0191 1.3835
v -0.9211 2.045 1.2277
v -1.2556 2.094 0.9729
v -1.1168 2.0712 1.1177
v -0.2899 2.0388 1.4275
v -0.9388 1.8791 1.2125
v -0.7211 1.8565 1.2972
v -1.143 1.9121 1.1071
v -1.2449 2.0044 0.0277
v -1.3417 1.9999 0.1906
v -1.2975 1.9426 0.9658
v -1.3877 1.9965 0.3727
v -0.5093 1.8367 1.3673
v -1.3627 1.9646 0.7744
v -1.4111 1.9814 0.5765
v -0.3107 1.8352 1.4078
v -1.0366 2.2656 0.073
v -0.912 2.274 -0.0095
v -1.4235 1.7884 0.7578
v -1.3516 1.7628 0.9504
v -1.1918 1.7262 1.0932
v -0.9717 1.6829 1.1978
v -1.4734 1.8342 0.3384
v -1.4856 1.8124 0.5575
v -0.5287 1.6143 1.363
v -0.3284 1.6051 1.4211
v -0.7429 1.6502 1.2866
v -1.3281 1.8364 -0.0701
v -1.4155 1.8319 0.1249
v -1.1241 1.9973 -0.0657
v -1.1872 1.8273 -0.1905
v -1.0659 2.1343 0.0386
v -0.9414 2.1459 -0.0627
v -0.1533 2.0415 -0.3383
v -0.289 2.0294 -0.3375
v -0.686 2.0252 -0.2613
v -0.8316 2.0128 -0.2018
v -0.4186 2.0339 -0.3069
v -0.5441 2.0288 -0.2784
v 0 2.0357 -0.3031
v -0.54 1.8383 -0.3759
v -0.6957 1.8387 -0.3699
v -0.1393 1.8444 -0.3948
v -0.2767 1.8424 -0.4044
v -0.86 1.8334 -0.3313
v -0.4054 1.8385 -0.3893
v 0 1.8372 -0.3976
v -0.9834 2.0045 -0.1454
v -1.0273 1.8248 -0.2701
v 0 1.3801 -0.5799
v 0 1.1179 -0.6819
v -0.104 1.1322 -0.6971
v -0.1153 1.3658 -0.6039
v -0.689 1.385 -0.6738
v -0.6764 1.1479 -0.816
v -0.9001 1.1406 -0.799
v -0.8902 1.3837 -0.6505
v -0.5024 1.3777 -0.6429
v -0.481 1.1454 -0.7946
v -0.3507 1.3755 -0.6313
v -0.3233 1.1381 -0.7463
v -0.2292 1.3694 -0.619
v -0.2001 1.1323 -0.7157
v -1.064 1.599 -0.4112
v -1.0804 1.3762 -0.548
v -1.2669 1.3839 -0.4407
v -1.2393 1.6095 -0.3265
v -1.0925 1.1359 -0.6973
v -1.2813 1.1349 -0.548
v -0.6706 0.8768 -0.93
v -0.6624 0.6004 -1.0154
v -0.8862 0.5929 -0.9951
v -0.8925 0.8694 -0.9161
v -0.4367 0.8845 -0.8981
v -0.4089 0.5921 -0.9622
v -0.2763 0.8812 -0.8381
v -0.2527 0.5854 -0.9169
v -0.1559 0.8711 -0.7844
v -0.1325 0.5775 -0.8423
v -0.0767 0.8687 -0.7634
v -0.0681 0.5706 -0.7792
v 0 0.871 -0.7448
v 0 0.5639 -0.7609
v -0.6155 0.3575 -0.9993
v -0.8619 0.3482 -0.9672
v -0.3917 0.3569 -0.9664
v -1.1066 0.8652 -0.826
v -1.1056 0.5853 -0.8812
v -1.3059 0.5809 -0.6985
v -1.2926 0.859 -0.6511
v -0.2385 0.349 -0.9222
v -0.1231 0.3422 -0.8368
v -0.0645 0.3433 -0.7543
v 0 0.3433 -0.7361
v 0 0.0948 -0.6131
v -0.0643 0.0833 -0.6754
v -0.5964 0.1224 -0.9501
v -0.8455 0.1168 -0.9346
v -0.3802 0.1179 -0.9217
v -1.0984 0.3369 -0.88
v -1.3159 0.3334 -0.7077
v -0.2268 0.1024 -0.8682
v -0.1249 0.0892 -0.7559
v 0 -0.1286 -0.4225
v -0.0626 -0.1508 -0.4974
v -0.5683 -0.1254 -0.8489
v -0.8219 -0.1102 -0.8724
v -0.3774 -0.11 -0.8112
v -1.092 0.1091 -0.8408
v -1.3258 0.1104 -0.6837
v -0.221 -0.1359 -0.72
v -0.1204 -0.1424 -0.6028
v -0.3528 -0.391 -0.5733
v -0.5509 -0.4585 -0.6099
v -1.0926 -0.1011 -0.7841
v -1.3482 -0.0889 -0.6353
v -0.2198 -0.3683 -0.5399
v -0.1344 -0.3364 -0.3683
v -0.0653 -0.3317 -0.2637
v 0 -0.3011 -0.2015
v -0.82 -0.366 -0.7394
v -0.6779 -0.6726 -0.5482
v -0.9006 -0.5766 -0.6489
v -1.125 -0.3062 -0.6944
v -1.3953 -0.2663 -0.5656
v -0.1561 -0.4392 -0.1798
v -0.2195 -0.5008 -0.2943
v -0.0816 -0.4101 -0.1004
v 0 -0.3663 -0.0631
v -1.4973 1.622 0.0712
v -1.5402 1.3887 0.0175
v -1.6339 1.3929 0.2657
v -1.5675 1.6243 0.3053
v -1.5096 1.5831 0.7386
v -1.5944 1.3533 0.7191
v -1.4734 1.318 0.9035
v -1.3807 1.5465 0.9185
v -1.641 1.3747 0.5016
v -1.5775 1.6051 0.5341
v -1.3755 1.6138 -0.1595
v -1.4114 1.3845 -0.2284
v -1.4213 1.1315 -0.2935
v -1.5575 1.144 -0.0399
v -1.6631 1.1382 0.221
v -1.6362 1.1065 0.6927
v -1.5065 1.0731 0.8889
v -1.6735 1.1271 0.4631
v -1.4374 0.8644 -0.3654
v -1.4715 0.5901 -0.4229
v -1.6123 0.5911 -0.139
v -1.5812 0.8654 -0.098
v -1.7043 0.5841 0.1423
v -1.6906 0.8674 0.1729
v -1.652 0.8402 0.6748
v -1.6723 0.5569 0.6698
v -1.5571 0.5278 0.896
v -1.5361 0.8108 0.8918
v -1.7157 0.5738 0.408
v -1.6964 0.8624 0.4228
v -1.4975 0.3437 -0.4374
v -1.6404 0.3394 -0.1511
v -1.7275 0.322 0.1414
v -1.7073 0.2976 0.6896
v -1.5844 0.258 0.921
v -1.7416 0.3086 0.4186
v -1.5246 0.1231 -0.4222
v -1.6648 0.1157 -0.1308
v -1.7472 0.1015 0.1649
v -1.7382 0.0932 0.7255
v -1.6091 0.0561 0.9472
v -1.7701 0.0985 0.4498
v -1.5669 -0.0694 -0.3811
v -1.7072 -0.0742 -0.0895
v -1.7814 -0.0799 0.2016
v -1.7663 -0.0791 0.7605
v -1.6419 -0.1057 0.9693
v -1.8099 -0.0752 0.4855
v -1.6119 -0.2353 -0.3316
v -1.747 -0.2348 -0.05
v -1.8194 -0.2401 0.2342
v -0.8356 -0.3781 1.1183
v -0.8925 -0.5481 1.1114
v -0.6214 -0.6179 1.0158
v -0.5573 -0.4303 1.0159
v -1.8493 -0.2401 0.5124
v -1.6727 -0.2646 0.9843
v -1.7067 -0.4123 0.9959
v -1.5219 -0.4425 1.1067
v -1.4801 -0.2895 1.1028
v -0.3717 1.0085 1.3914
v -0.3741 0.6989 1.3542
v -0.1815 0.6349 1.3719
v -0.1761 0.964 1.4202
v -0.9854 1.4552 1.1794
v -1.0049 1.2057 1.1548
v -0.7771 1.1374 1.2427
v -0.7637 1.3954 1.2692
v -0.5699 1.0685 1.3334
v -0.5531 1.3437 1.3514
v -0.3541 1.3051 1.4169
v -1.2167 1.5043 1.0686
v -1.2516 1.2675 1.0462
v -1.2999 1.0323 1.0472
v -1.029 0.9488 1.1389
v -0.7863 0.8668 1.2242
v -0.5754 0.7781 1.2899
v 0 0.6124 1.3794
v 0 0.9426 1.4264
v -1.3417 0.7601 1.059
v -1.3543 0.4828 1.0602
v -1.0796 0.4151 1.1511
v -1.0548 0.6819 1.1409
v -0.7855 0.5862 1.1839
v -0.7933 0.3283 1.1746
v -0.5277 0.2189 1.1613
v -0.5616 0.4876 1.2432
v -0.1671 0.3277 1.2976
v -0.1503 0.0796 1.2115
v 0 0.0689 1.215
v 0 0.3116 1.3004
v -0.3096 0.123 1.1942
v -0.3535 0.3952 1.2916
v -1.3762 0.2172 1.0772
v -1.0938 0.1642 1.1598
v -0.7861 0.1033 1.157
v -0.4908 0.0179 1.0887
v -0.1351 -0.1107 1.1139
v 0 -0.1335 1.114
v -0.264 -0.0687 1.1108
v -1.404 0.0241 1.0886
v -1.0979 -0.0216 1.1554
v -0.7651 -0.0735 1.1379
v -0.4062 -0.1454 1.0405
v -0.1178 -0.2285 1.0266
v 0 -0.2498 1.0243
v -0.2325 -0.1915 1.0285
v -1.4432 -0.1326 1.0972
v -1.1191 -0.1774 1.1485
v -0.7853 -0.2309 1.1233
v -0.0899 -0.3511 0.8421
v -0.0837 -0.4044 0.6178
v 0 -0.4159 0.6343
v 0 -0.3662 0.8619
v -0.1843 -0.3131 0.8262
v -0.1495 -0.3791 0.602
v -0.2522 -0.3187 0.8126
v -0.2236 -0.4265 0.5816
v -0.148 1.2769 1.4498
v 0 1.2677 1.449
v 0 1.5768 -0.5034
v -0.1291 1.5782 -0.5124
v -0.6932 1.604 -0.5084
v -0.8821 1.6064 -0.4913
v -0.5218 1.6002 -0.5063
v -0.3788 1.5994 -0.5078
v -0.2525 1.5942 -0.5098
v -0.49 -0.2993 1.0068
v -1.8515 -0.369 0.257
v -1.7713 -0.3681 -0.0264
v -1.6376 -0.3823 -0.3034
v -1.429 -0.4355 -0.5079
v -1.1582 -0.3313 1.1424
v -1.8846 -0.3735 0.531
v -1.1706 -0.5004 -0.6079
v -0.2475 -0.6195 0.3723
v -0.207 -0.5121 0.3923
v -0.2644 -0.5552 0.5703
v -0.3241 -0.4468 0.8075
v -1.2046 -0.4955 1.1383
v -0.3149 -0.6929 0.5651
v -0.3843 -0.5791 0.807
v -0.2955 -0.7557 0.3575
v -0.3767 -0.8453 0.5612
v -0.4476 -0.7406 0.8044
v -0.3558 -0.9063 0.3416
v -1.7985 -0.2349 0.7822
v -1.8278 -0.3762 0.7935
v -0.3094 -0.5729 -0.3318
v -0.4295 -0.6818 -0.354
v -0.5303 -0.8151 -0.3602
v -0.4216 -1.076 0.3285
v -0.4414 -1.0259 0.5602
v -1.2535 -0.6717 1.1337
v -1.5593 -0.5995 1.1082
v -0.9815 -0.735 -0.6167
v -1.2257 -0.649 -0.5813
v -0.5977 -0.9643 -0.3636
v -0.7677 -0.8429 -0.5086
v -1.6698 -0.5135 -0.2934
v -1.796 -0.4924 -0.0158
v -1.7455 -0.5535 1.0034
v -1.4692 -0.5755 -0.4895
v -1.8626 -0.5086 0.8015
v -0.9509 -0.7497 1.1038
v -0.7019 -0.8376 1.0053
v -1.8749 -0.4925 0.2683
v -1.9105 -0.4962 0.5416
v -0.5216 -0.9469 0.799
v -1.0447 -0.9282 -0.5905
v -1.2792 -0.8237 -0.5721
v -1.519 -0.7431 -0.4784
v -1.0271 -0.987 1.0924
v -1.3096 -0.8833 1.1295
v -1.9034 -0.6727 0.2703
v -1.8319 -0.669 -0.0093
v -0.8312 -1.0435 -0.4871
v -0.5125 -1.2583 0.5517
v -0.6083 -1.1924 0.783
v -1.9388 -0.6739 0.5406
v -1.5955 -0.8025 1.1104
v -1.7906 -0.7418 1.0043
v -1.9057 -0.6919 0.801
v -0.4887 -1.2869 0.3173
v -1.7137 -0.6874 -0.283
v -0.7831 -1.0867 0.9837
v -0.6503 -1.1419 -0.3529
v -1.1629 -1.6309 1.0822
v -0.9295 -1.7316 0.9443
v -0.8661 -1.3882 0.9592
v -1.1018 -1.2846 1.077
v -0.7741 -1.8171 0.7429
v -0.6805 -1.483 0.7632
v -0.6882 -1.8784 0.5241
v -0.8508 -2.1727 0.7467
v -0.7753 -2.2309 0.5275
v -0.6529 -1.9099 0.3042
v -0.7323 -2.2674 0.3143
v -0.7332 -2.2739 0.1036
v -0.6527 -1.9151 0.0874
v -0.7115 -1.8851 -0.1063
v -0.6392 -1.5338 -0.1243
v -0.5516 -1.5754 0.0803
v -0.8093 -1.825 -0.2887
v -0.7201 -1.467 -0.3269
v -0.9692 -1.7193 -0.4254
v -0.8871 -1.349 -0.4676
v -1.156 -1.6059 -0.51
v -1.0805 -1.2227 -0.5676
v -1.377 -1.5032 -0.5154
v -1.322 -1.1228 -0.556
v -1.6167 -1.4332 -0.4163
v -1.4282 -1.899 -0.4496
v -1.6598 -1.8329 -0.3458
v -1.7875 -1.3892 -0.234
v -1.7439 -0.995 -0.2598
v -1.5631 -1.0387 -0.4531
v -1.9454 -2.6524 0.2562
v -1.9568 -2.2289 0.2703
v -1.9398 -2.2304 0.0831
v -1.9162 -2.6672 0.0934
v -1.1605 -2.5061 -0.304
v -1.2314 -2.9151 -0.283
v -1.3911 -2.849 -0.3234
v -1.3185 -2.4244 -0.3593
v -0.9399 -2.9989 0.53
v -0.8527 -2.6192 0.5308
v -0.9134 -2.5661 0.7433
v -0.9907 -2.9495 0.719
v -1.9593 -2.6662 0.4138
v -1.9615 -2.2238 0.4392
v -1.5871 -2.7508 0.9593
v -1.5343 -2.3181 1.0569
v -1.7483 -2.2626 1.0001
v -1.7637 -2.6917 0.8741
v -1.9005 -2.6677 0.7374
v -1.8827 -2.2284 0.8386
v -1.959 -2.2136 0.6355
v -1.9532 -2.662 0.5741
v -0.9306 -3.0281 0.3391
v -0.8347 -2.6515 0.3235
v -1.8495 -2.2498 -0.1155
v -1.8646 -2.6957 -0.0843
v -1.2915 -2.4007 1.0317
v -1.3685 -2.8083 0.954
v -1.1378 -2.8828 0.8992
v -1.041 -2.4903 0.9417
v -1.7068 -2.2932 -0.261
v -1.7426 -2.7354 -0.2219
v -0.9768 -2.5815 -0.2263
v -1.0849 -2.9772 -0.175
v -1.5661 -2.7825 -0.3179
v -1.4985 -2.3582 -0.3603
v -1.9474 -2.9289 0.3874
v -1.943 -2.9274 0.5321
v -1.7477 -3.0001 -0.2242
v -1.8644 -2.9703 -0.078
v -1.8953 -2.9374 0.6714
v -1.7837 -2.9733 0.7927
v -1.1363 -3.2436 -0.1663
v -1.2704 -3.1903 -0.2811
v -1.4171 -3.1159 -0.3234
v -1.5804 -3.0528 -0.2992
v -1.4153 -3.0616 0.8723
v -1.623 -3.005 0.8994
v -1.9469 -2.9318 0.2426
v -1.9192 -2.9437 0.0873
v -1.009 -3.2552 0.5211
v -1.0755 -3.2059 0.6895
v -0.993 -3.2814 0.3491
v -1.2238 -3.1163 0.8377
v -1.4641 -3.2566 0.8842
v -1.6301 -3.2122 0.8729
v -1.9533 -3.1256 0.2243
v -1.9367 -3.1283 0.0691
v -1.2863 -3.3608 -0.2805
v -1.4277 -3.2932 -0.3245
v -1.0588 -3.4279 0.5024
v -1.1392 -3.3843 0.6731
v -1.9567 -3.1297 0.3691
v -1.7708 -3.1769 0.7621
v -1.8567 -3.1593 0.6374
v -1.9194 -3.1444 0.5059
v -1.0181 -3.4494 0.3332
v -1.8739 -3.1467 -0.096
v -1.2955 -3.3163 0.8353
v -1.7463 -3.1803 -0.2244
v -1.1658 -3.4081 -0.1584
v -1.5829 -3.2333 -0.2941
v -1.9839 -3.303 0.351
v -1.9408 -3.325 0.4903
v -1.7533 -3.3295 -0.2326
v -1.8837 -3.2929 -0.1143
v -1.8748 -3.3464 0.6244
v -1.778 -3.3704 0.7417
v -1.1848 -3.5468 -0.1605
v -1.3024 -3.4966 -0.2736
v -1.442 -3.4362 -0.3309
v -1.6073 -3.3778 -0.3157
v -1.4743 -3.4383 0.8862
v -1.6482 -3.4016 0.8461
v -1.9784 -3.2913 0.2062
v -1.9672 -3.2815 0.051
v -1.0909 -3.5873 0.487
v -1.1767 -3.5492 0.6625
v -1.0393 -3.6036 0.3149
v -1.3364 -3.4813 0.846
v -1.5094 -3.6058 0.876
v -1.683 -3.577 0.8568
v -1.9956 -3.4515 0.1855
v -1.9814 -3.4346 0.0303
v -1.3231 -3.627 -0.2779
v -1.4583 -3.5711 -0.3466
v -1.1 -3.7503 0.4715
v -1.1944 -3.7141 0.6478
v -2.0075 -3.4694 0.3329
v -1.8134 -3.5494 0.7444
v -1.9147 -3.5183 0.6167
v -1.9664 -3.4962 0.4774
v -1.0544 -3.7604 0.2976
v -1.8931 -3.4303 -0.1356
v -1.3661 -3.6419 0.8365
v -1.7627 -3.4658 -0.2465
v -1.2104 -3.6839 -0.1691
v -1.6262 -3.5137 -0.3333
v -1.5452 -3.7712 0.8448
v -1.4024 -3.8072 0.8049
v -2.0272 -3.637 0.3121
v -1.9692 -3.6692 0.4566
v -1.7828 -3.6138 -0.2697
v -1.9137 -3.584 -0.1572
v -1.9203 -3.6878 0.601
v -1.8352 -3.7157 0.7468
v -1.2394 -3.8395 -0.1967
v -1.3563 -3.7762 -0.2939
v -1.4894 -3.7197 -0.364
v -1.653 -3.6609 -0.3521
v -1.7156 -3.7412 0.8373
v -2.0224 -3.6169 0.1673
v -2.001 -3.5968 0.0095
v -1.1304 -3.9215 0.4457
v -1.2401 -3.8817 0.6184
v -1.0986 -3.9261 0.2733
v -1.5706 -3.949 0.8005
v -1.7362 -3.9036 0.7845
v -2.0602 -3.7813 0.1415
v -2.0599 -3.7625 -0.0213
v -1.3846 -3.9567 -0.3438
v -1.5236 -3.8954 -0.4062
v -1.208 -4.1045 0.406
v -1.3063 -4.0647 0.5681
v -2.0644 -3.7934 0.2915
v -1.8467 -3.8685 0.7065
v -1.9264 -3.8463 0.5751
v -2.003 -3.8215 0.4359
v -1.1959 -4.1048 0.2385
v -1.9586 -3.765 -0.1872
v -1.4525 -3.9871 0.737
v -1.8325 -3.789 -0.3086
v -1.2786 -4.0233 -0.2333
v -1.6944 -3.8353 -0.3915
v -1.9667 -3.9936 0.5467
v -2.0464 -3.9704 0.4153
v -1.2725 -4.3101 0.1906
v -1.3019 -4.3082 0.3618
v -2.0238 -3.945 -0.2368
v -2.1022 -3.9364 -0.0574
v -1.628 -4.1322 0.7137
v -1.5136 -4.1867 0.6526
v -2.1063 -3.9484 0.2709
v -1.8921 -3.9756 -0.3706
v -1.8682 -4.0269 0.6627
v -1.3172 -4.2351 -0.2746
v -1.4146 -4.1619 -0.3958
v -1.5645 -4.0913 -0.4547
v -1.7295 -4.0308 -0.442
v -1.7545 -4.0752 0.7165
v -2.1128 -3.9437 0.1132
v -1.3877 -4.2675 0.5099
v -1.9389 -4.16 -0.4208
v -1.7674 -4.2325 -0.4976
v -1.6708 -4.3489 0.6105
v -1.782 -4.2778 0.6335
v -2.1886 -4.1121 0.0851
v -2.1796 -4.1097 -0.0934
v -1.4459 -4.3868 -0.458
v -1.5976 -4.3041 -0.5149
v -1.3638 -4.5342 0.3159
v -1.454 -4.4918 0.4441
v -2.1561 -4.1225 0.2503
v -1.8956 -4.2167 0.6057
v -1.9976 -4.1852 0.5092
v -2.0883 -4.1549 0.4012
v -1.3081 -4.5455 0.165
v -2.0837 -4.1157 -0.2837
v -1.5667 -4.4157 0.5533
v -1.3366 -4.4683 -0.3274
v -2.0391 -4.4148 0.4855
v -2.136 -4.3841 0.3732
v -1.3509 -4.7874 0.1358
v -1.4179 -4.7761 0.2798
v -2.1751 -4.3334 -0.323
v -2.2793 -4.3247 -0.1292
v -1.7176 -4.5992 0.5275
v -1.6238 -4.6663 0.477
v -2.2339 -4.3392 0.2324
v -2.0137 -4.3905 -0.4771
v -1.9286 -4.4563 0.5473
v -1.3585 -4.7018 -0.3966
v -1.4654 -4.6424 -0.5228
v -1.626 -4.5568 -0.5757
v -1.8212 -4.4721 -0.5685
v -1.8167 -4.5259 0.5618
v -2.2913 -4.3206 0.0622
v -1.52 -4.732 0.3868
v -1.4111 -4.9759 -0.4129
v -1.5146 -4.9171 -0.5633
v -1.6709 -4.8405 -0.6366
v -1.8999 -4.7559 -0.6321
v -2.106 -4.6827 -0.5272
v -1.7626 -4.8815 0.4727
v -1.8554 -4.8146 0.5325
v -2.372 -4.5882 0.048
v -2.3819 -4.5965 -0.1694
v -1.5103 -5.0229 0.2429
v -1.6012 -4.9854 0.3458
v -2.2997 -4.6109 0.2329
v -1.9623 -4.7491 0.5102
v -2.0767 -4.6995 0.4666
v -2.1804 -4.6656 0.3625
v -1.4233 -5.0421 0.1127
v -2.2855 -4.623 -0.3685
v -1.6833 -4.9353 0.4263
v -2.4217 -4.9374 0.0622
v -2.327 -4.9654 0.2421
v -1.8929 -5.1337 0.491
v -1.9991 -5.0753 0.4904
v -2.1099 -5.0302 0.453
v -2.2152 -5.0002 0.3663
v -1.5226 -5.3152 0.098
v -1.605 -5.2926 0.2172
v -2.3528 -4.961 -0.386
v -2.4348 -4.9328 -0.1741
v -1.8089 -5.1843 0.4362
v -1.7383 -5.2263 0.3856
v -2.1856 -5.0122 -0.5567
v -1.4717 -5.2758 -0.4104
v -1.5789 -5.2262 -0.5765
v -1.7518 -5.1588 -0.6409
v -1.9742 -5.0818 -0.6402
v -1.6702 -5.2632 0.3179
v -1.5757 -5.5811 -0.3795
v -1.6678 -5.5411 -0.5439
v -1.8154 -5.4873 -0.5986
v -2.0052 -5.4275 -0.584
v -2.2008 -5.3617 -0.5377
v -1.8589 -5.5071 0.3884
v -1.9326 -5.4756 0.4276
v -2.4368 -5.3092 0.0823
v -2.4414 -5.2935 -0.1296
v -1.6872 -5.5935 0.1956
v -1.7433 -5.5663 0.2828
v -2.3476 -5.3376 0.2553
v -2.0304 -5.4319 0.4496
v -2.1377 -5.389 0.4388
v -2.2416 -5.3646 0.3775
v -1.6291 -5.6107 0.0832
v -2.3763 -5.3115 -0.377
v -1.7938 -5.5379 0.3508
v -1.763 -5.9371 0.1966
v -1.8179 -5.9165 0.2681
v -2.4218 -5.772 0.0773
v -2.356 -5.7836 0.2198
v -1.9924 -5.8611 0.3821
v -2.0762 -5.8391 0.3989
v -2.1693 -5.8177 0.3859
v -2.261 -5.8018 0.3305
v -1.7132 -5.9514 0.0955
v -2.3593 -5.762 -0.3106
v -2.423 -5.7607 -0.1131
v -1.927 -5.8774 0.3535
v -1.8696 -5.8966 0.3203
v -2.2269 -5.7846 -0.4496
v -1.7179 -5.9223 -0.3175
v -1.7843 -5.8886 -0.4419
v -1.8984 -5.8522 -0.5125
v -2.0591 -5.8166 -0.5089
v -2.1969 -7.5578 -0.4262
v -2.1947 -7.6705 -0.452
v -2.3397 -7.6765 -0.4396
v -2.3402 -7.5633 -0.4156
v -1.9444 -7.4909 -0.0254
v -1.902 -7.4593 0.1504
v -1.9092 -7.5677 0.1379
v -1.9241 -7.6064 -0.0505
v -2.5786 -7.5893 0.0507
v -2.5546 -7.6138 0.2119
v -2.5244 -7.5288 0.2351
v -2.5949 -7.486 0.0731
v -2.489 -7.418 0.2635
v -2.5718 -7.3787 0.0853
v -2.4944 -7.2583 0.199
v -2.5382 -7.2569 0.0679
v -2.4676 -7.0912 0.1512
v -2.4924 -7.1001 0.0561
v -2.4308 -6.8677 0.1316
v -2.4532 -6.8682 0.0433
v -2.3974 -6.3678 0.1647
v -2.4399 -6.3693 0.0514
v -2.4377 -6.3718 -0.0927
v -2.4606 -6.8545 -0.0722
v -2.388 -6.3789 -0.2389
v -2.4198 -6.859 -0.1825
v -2.46 -7.0931 -0.1604
v -2.5051 -7.1008 -0.0626
v -2.2466 -6.3661 0.3317
v -2.1666 -6.3726 0.3539
v -2.1506 -6.8469 0.3553
v -2.0382 -6.3859 0.3374
v -2.097 -6.3789 0.3548
v -2.2095 -6.8436 0.3549
v -1.9281 -6.4201 -0.3405
v -1.994 -6.8991 -0.2692
v -2.1155 -6.9309 -0.3439
v -2.0421 -6.4162 -0.4123
v -1.9905 -6.8484 0.2485
v -1.8697 -6.4002 0.2031
v -1.9257 -6.3945 0.268
v -2.0424 -6.8469 0.312
v -2.3889 -6.8544 0.2326
v -2.3254 -6.3672 0.2695
v -2.27 -6.8376 0.3358
v -1.9402 -6.8572 0.1619
v -1.8221 -6.4074 0.1145
v -2.0958 -6.8478 0.3336
v -1.9817 -6.3915 0.3106
v -2.3295 -6.8338 0.3056
v -2.301 -6.3945 -0.3518
v -2.3495 -6.8815 -0.29
v -1.8511 -6.4209 -0.2386
v -1.9288 -6.8906 -0.1743
v -2.2583 -6.9095 -0.3622
v -2.1795 -6.4054 -0.4178
v -2.1589 -7.07 0.4045
v -2.1108 -7.0623 0.3791
v -2.4123 -7.0849 0.2613
v -2.3444 -7.0639 0.3254
v -2.4989 -7.2531 -0.1654
v -2.5518 -7.255 -0.059
v -2.2214 -7.0704 0.3899
v -2.131 -7.4394 0.683
v -2.0684 -7.4331 0.6832
v -2.0524 -7.3172 0.4829
v -2.1164 -7.3123 0.5187
v -2.2852 -7.0628 0.3727
v -1.815 -7.9457 1.59
v -1.8139 -7.9396 1.557
v -1.8534 -7.8772 1.557
v -1.8621 -7.878 1.5903
v -2.0453 -7.9603 1.6932
v -2.0395 -7.9698 1.7211
v -2.0035 -7.9271 1.7004
v -2.0038 -7.9167 1.6811
v -1.8936 -8.0168 1.9091
v -1.8896 -8.0472 1.8844
v -1.8527 -8.0108 1.8571
v -1.8721 -7.9925 1.8731
v -2.0307 -7.965 1.7621
v -2.0215 -7.958 1.7772
v -1.9959 -7.9436 1.7345
v -2.0008 -7.9385 1.7263
v -1.8588 -8.0988 1.823
v -1.83 -8.1082 1.7505
v -1.7928 -8.0541 1.7351
v -1.8168 -8.0445 1.7874
v -1.8286 -8.0996 1.6099
v -1.7946 -8.0372 1.6099
v -1.7733 -8.0519 1.6511
v -1.8134 -8.1066 1.6518
v -1.8089 -7.9473 1.6199
v -1.864 -7.8846 1.6142
v -1.8403 -8.0801 1.5513
v -1.8132 -8.0219 1.5454
v -1.8025 -8.0272 1.5832
v -1.8369 -8.0939 1.5775
v -1.8075 -7.9525 1.6477
v -1.8666 -7.8896 1.64
v -2.0087 -8.104 1.6101
v -1.9536 -8.1433 1.6089
v -1.9757 -8.1418 1.6506
v -2.0258 -8.104 1.6505
v -1.9833 -8.093 1.5592
v -1.9384 -8.1294 1.5579
v -1.9459 -8.1389 1.5809
v -1.9897 -8.0996 1.5812
v -2.0392 -8.0817 1.8055
v -2.0431 -8.089 1.7531
v -2.0037 -8.1418 1.7665
v -2.0033 -8.1158 1.8209
v -2.0204 -8.0086 1.8848
v -2.027 -8.035 1.8682
v -1.9988 -8.0534 1.8818
v -1.9981 -8.0205 1.902
v -2.0067 -7.9577 1.7853
v -1.9905 -7.9487 1.7435
v -2.0149 -7.9933 1.8772
v -2.0199 -7.9816 1.865
v -2.0317 -7.9912 1.8608
v -1.8987 -7.9978 1.8892
v -1.8863 -7.9837 1.8803
v -1.9896 -7.8968 1.575
v -1.987 -7.8918 1.5496
v -2.0149 -7.9355 1.5567
v -2.0211 -7.9373 1.577
v -1.8667 -7.91 1.6924
v -1.8723 -7.9199 1.7124
v -1.8369 -7.9664 1.7384
v -1.8153 -7.9614 1.6963
v -1.8823 -7.9305 1.7396
v -1.8897 -7.9413 1.7504
v -1.8752 -7.9583 1.8017
v -1.8627 -7.9579 1.79
v -1.9967 -7.9007 1.6096
v -2.031 -7.9405 1.6078
v -1.9976 -7.9013 1.6341
v -2.0398 -7.944 1.6334
v -1.8977 -7.9496 1.7554
v -1.8825 -7.9605 1.8041
v -1.9231 -8.028 1.9117
v -1.9238 -8.0587 1.8889
v -1.9033 -8.1211 1.8307
v -1.8778 -8.1461 1.7795
v -1.8705 -8.1517 1.6138
v -1.8696 -8.1614 1.651
v -1.8715 -8.1214 1.5487
v -1.8755 -8.1389 1.5791
v -2.0474 -8.0593 1.6026
v -2.0562 -8.0607 1.6502
v -2.0341 -8.0499 1.5585
v -2.0403 -8.0514 1.578
v -2.0526 -8.0506 1.797
v -2.0536 -8.0527 1.7422
v -2.0413 -8.0149 1.8432
v -1.9957 -8.0053 1.896
v -1.9206 -8.0095 1.9017
v -1.9366 -7.8986 1.6869
v -1.932 -7.8766 1.6422
v -2.2243 -7.979 1.7605
v -2.2213 -7.9797 1.7907
v -2.1931 -7.9513 1.7932
v -2.1927 -7.945 1.778
v -2.1128 -8.009 1.8966
v -2.1064 -8.0268 1.8901
v -2.0997 -8.0077 1.8638
v -2.1065 -7.9969 1.872
v -2.2088 -7.9715 1.8266
v -2.203 -7.9742 1.8325
v -2.1902 -7.9614 1.8162
v -2.1925 -7.9551 1.8119
v -2.0878 -8.059 1.8337
v -2.0825 -8.0895 1.7458
v -2.077 -8.0134 1.7664
v -2.0808 -8.0153 1.8209
v -2.2218 -7.976 1.733
v -2.192 -7.9217 1.7554
v -1.9064 -7.8427 -0.1129
v -1.9161 -7.7691 0.1
v -1.9231 -7.8639 0.0892
v -1.8958 -7.9591 -0.1312
v -2.222 -8.0602 1.8358
v -2.2217 -8.0836 1.7412
v -2.1807 -8.1197 1.742
v -2.1846 -8.0944 1.865
v -2.2046 -8.0084 1.8884
v -2.2102 -8.0231 1.8809
v -2.185 -8.0402 1.9012
v -2.1809 -8.0176 1.9071
v -2.1931 -7.9762 1.8371
v -2.1859 -7.9674 1.8218
v -2.1951 -7.9973 1.891
v -2.2008 -7.9903 1.874
v -2.2079 -7.9986 1.8652
v -2.1187 -7.999 1.8932
v -2.1136 -7.99 1.8753
v -1.9292 -7.9623 0.0847
v -1.9294 -8.0249 -0.1119
v -2.0896 -8.0768 1.6874
v -2.0802 -8.005 1.7216
v -2.2118 -8.075 1.6819
v -2.1808 -8.0967 1.6708
v -2.1157 -7.943 1.7812
v -2.1155 -7.9504 1.7966
v -2.0937 -7.961 1.7989
v -2.0949 -7.946 1.7786
v -2.1196 -7.9607 1.814
v -2.1222 -7.9666 1.8197
v -2.1095 -7.9798 1.8325
v -2.1039 -7.9756 1.8276
v -2.1156 -7.9208 1.7582
v -2.0945 -7.9423 1.7443
v -2.1267 -7.9713 1.8244
v -2.1207 -7.9794 1.8372
v -2.1323 -8.0174 1.9062
v -2.1294 -8.0405 1.9047
v -2.1161 -8.0898 1.8647
v -2.1194 -8.1232 1.7454
v -2.2324 -8.0257 1.8066
v -2.2313 -8.0366 1.7467
v -2.2152 -8.0042 1.8585
v -2.1829 -8.0067 1.8984
v -2.1297 -8.0059 1.9014
v -2.1249 -8.1041 1.6765
v -2.2248 -8.032 1.7014
v -0.1729 6.8944 1.489
v -0.1757 6.8899 1.4694
v -0.334 7.0395 1.4313
v -0.283 7.0134 1.4491
v -0.2136 7.0547 1.4478
v -0.2425 7.0794 1.4417
v -0.1403 7.1364 1.4467
v -0.1297 7.1108 1.468
v -0.0974 7.1406 1.4862
v -0.105 7.1691 1.4622
v -0.0341 7.0978 1.5712
v -0.0347 7.141 1.5487
v -0.0643 7.1268 1.5321
v -0.063 7.0869 1.556
v -0.1819 7.1079 1.4383
v -0.1678 7.083 1.4551
v 0 7.1046 1.583
v 0 7.1485 1.5617
v -0.1645 6.8614 1.4846
v -0.2505 7.1026 1.4335
v -0.1922 7.1282 1.4315
v -0.1969 7.1465 1.4224
v -0.2546 7.1251 1.4238
v 0 7.7191 1.5139
v -0.0601 7.7176 1.5103
v -0.1581 7.7103 1.4952
v -0.2584 7.695 1.4579
v -0.3541 7.668 1.4028
v -0.1222 6.7908 1.5171
v -0.1857 6.8348 1.4708
v -0.164 6.8001 1.4923
v -0.0589 6.9167 1.6614
v -0.2499 6.7048 1.4565
v -0.2012 7.2507 1.3821
v -0.1937 7.2438 1.3837
v -0.1856 7.2391 1.3849
v -0.1764 7.2308 1.3853
v -0.1493 7.2102 1.4061
v -0.1632 7.2214 1.3891
v -0.4513 7.6307 1.3389
v -0.2012 6.8982 1.4623
v -0.327 7.0815 1.42
v -0.1823 7.1928 1.21
v -0.1859 7.1983 1.1882
v -0.1958 7.2083 1.1595
v -0.5313 7.5811 1.262
v -0.0584 6.3945 1.4866
v 0 6.3877 1.4983
v -0.3236 7.1121 1.4116
v -0.1418 6.9154 1.5735
v -0.6545 7.2113 1.045
v -0.6383 7.2218 1.0939
v -0.1309 6.4115 1.4639
v -0.2282 6.8445 1.4587
v -0.1941 6.4353 1.4294
v -0.2483 6.463 1.4034
v -0.2912 6.4928 1.3829
v -0.1712 6.9974 1.4719
v -0.2034 6.9603 1.4628
v -0.3194 6.522 1.3701
v -0.3301 6.5598 1.3716
v -0.3328 6.599 1.3782
v -0.3221 6.6394 1.3931
v -0.3005 6.6785 1.4164
v -0.2657 6.7257 1.4455
v -0.309 6.805 1.4232
v -0.3392 6.7543 1.4028
v -0.2948 6.7418 1.4282
v -0.2605 6.7911 1.4444
v -0.5861 7.5163 1.1785
v -0.6221 7.4458 1.0994
v -0.6451 7.3655 1.0419
v -0.6617 7.2822 1.0035
v -0.6238 6.9059 1.0719
v -0.6306 6.8612 1.0068
v -0.5974 6.7871 1.0551
v -0.5905 6.8425 1.1234
v -0.6684 7.2016 0.9904
v -0.6664 7.1234 0.9892
v -0.6539 7.1417 1.0447
v -0.6606 7.048 1.0028
v -0.6486 7.0748 1.0587
v -0.6478 6.9751 1.0308
v -0.6369 7.0106 1.0872
v -0.6157 6.9493 1.1288
v -0.5819 6.8923 1.1801
v -0.4451 6.482 1.1575
v -0.0721 6.2773 1.4686
v 0 6.2711 1.4828
v 0 6.3268 1.499
v -0.0676 6.3331 1.4894
v -0.3827 6.6489 1.3511
v -0.3877 6.5884 1.3243
v -0.3607 6.5936 1.3544
v -0.35 6.6443 1.3741
v -0.0942 7.1055 1.5132
v -0.1467 6.2933 1.4487
v -0.1512 6.2503 1.4211
v -0.0759 6.2327 1.4424
v -0.3779 6.5276 1.3063
v -0.3541 6.5439 1.3431
v -0.3184 6.4208 1.3262
v -0.3314 6.3918 1.2939
v -0.2806 6.3387 1.3327
v -0.2703 6.3698 1.3583
v -0.21 6.3279 1.4032
v -0.2198 6.2877 1.3779
v -0.3546 6.4719 1.3073
v -0.4012 6.5127 1.2651
v -0.3717 6.4489 1.269
v -0.0717 6.2082 1.4229
v 0 6.2006 1.4344
v 0 6.2267 1.4548
v -0.1506 6.2287 1.3991
v -0.2197 6.265 1.3568
v -0.5673 6.9391 1.2261
v -0.6047 6.9888 1.1778
v -0.6586 6.9395 0.9698
v -0.6255 7.0434 1.1377
v -0.6351 7.1014 1.1077
v -0.1227 7.0806 1.4911
v -0.1531 7.0535 1.47
v -0.6387 7.1609 1.0956
v -0.6788 7.105 0.9307
v -0.6824 7.1932 0.9359
v -0.6905 7.187 0.8833
v -0.6879 7.089 0.8745
v -0.6757 7.2836 0.9518
v -0.6829 7.2872 0.903
v -0.6232 7.2322 1.1362
v -0.6248 7.1799 1.1372
v -0.6221 7.1277 1.15
v -0.6094 7.0755 1.1765
v -0.5853 7.0256 1.2159
v -0.5497 6.9821 1.2637
v -0.6718 7.0209 0.9421
v -0.6796 6.9961 0.8807
v -0.0605 7.7675 1.4941
v 0 7.7705 1.4976
v -0.16 7.7672 1.4763
v -0.3674 7.722 1.387
v -0.2608 7.7507 1.4389
v -0.4688 7.6793 1.3165
v -0.6595 7.3793 0.9949
v -0.6675 7.3927 0.9465
v -0.6371 7.4697 1.0536
v -0.6613 6.9044 0.9022
v -0.632 6.8146 0.9334
v -0.6007 6.7262 0.9796
v -0.5558 6.7241 1.1216
v -0.5503 6.7903 1.1837
v -0.4203 6.6518 1.3134
v -0.4183 6.5831 1.2828
v -0.1362 6.3502 1.4619
v -0.3074 6.4555 1.3526
v -0.258 6.4162 1.3825
v -0.199 6.3798 1.4203
v -0.3371 6.497 1.3416
v -0.2822 6.316 1.3088
v -0.1908 7.023 1.4578
v -0.2384 6.9838 1.455
v -0.3489 6.9519 1.4254
v -0.3851 6.8959 1.3979
v -0.3253 6.6909 1.3973
v -0.3642 6.702 1.3771
v -0.342 6.3682 1.2606
v -0.388 6.4286 1.2295
v -0.4247 6.4983 1.2166
v 0 6.1769 1.403
v -0.4555 6.5769 1.2187
v -0.4984 6.5782 1.1305
v -0.5552 6.651 1.0493
v -0.5396 6.8469 1.2375
v -0.1416 7.0264 1.4881
v -0.1171 7.0511 1.514
v -0.0919 7.0715 1.5384
v -0.2297 6.7759 1.4643
v 0 6.8981 -0.2041
v 0 6.8467 -0.1843
v -0.0601 6.8474 -0.1831
v -0.1566 6.7957 -0.1603
v -0.1596 6.8457 -0.1787
v -0.2663 6.8354 -0.1629
v -0.3646 6.9074 -0.1303
v -0.3585 6.8314 -0.1106
v -0.4432 6.9044 -0.0508
v -0.4374 6.8259 -0.0366
v -0.4987 6.9081 0.0566
v -0.491 6.8269 0.0789
v -0.5392 6.9134 0.174
v -0.5313 6.837 0.2001
v -0.5565 6.8685 0.2919
v -0.5715 6.8531 0.3925
v -0.5737 6.9028 0.3597
v -0.4105 6.7113 1.3456
v -0.3904 6.768 1.3746
v -0.4396 6.7861 1.339
v -0.4561 6.726 1.3001
v -0.3629 6.8226 1.4008
v -0.4627 6.6568 1.2581
v -0.5038 6.7494 1.2464
v -0.4929 6.8105 1.2936
v -0.4415 6.9187 1.3619
v -0.4001 6.9741 1.3914
v -0.4689 6.9935 1.3472
v -0.4973 6.9449 1.317
v -0.5072 6.6769 1.1904
v -0.4303 7.0406 1.3772
v -0.411 7.0777 1.387
v -0.3942 7.1108 1.3816
v -0.38 7.1439 1.379
v -0.3698 7.1722 1.3779
v -0.3642 7.1937 1.3842
v -0.3597 7.2113 1.3915
v -0.3536 7.2243 1.3969
v -0.3522 7.235 1.4001
v -0.3477 7.1495 1.1659
v -0.3526 7.1395 1.1909
v -0.3563 7.1342 1.2152
v -0.3592 7.1327 1.2419
v -0.3611 7.1375 1.2768
v -0.3603 7.156 1.3217
v -0.3555 7.1918 1.3629
v -0.3528 7.2468 1.3554
v -0.3497 7.2428 1.3877
v -0.3519 7.2408 1.3967
v -0.3519 7.2406 1.4016
v -0.5174 6.8972 1.2747
v -0.4158 6.8411 1.3714
v -0.4691 6.8653 1.3304
v -0.2121 6.752 1.4771
v -0.2083 6.7215 1.483
v -0.2087 6.6897 1.4875
v -0.1018 6.7424 1.5479
v -0.1678 6.7546 1.5023
v -0.156 6.6146 1.5163
v -0.1437 6.6183 1.4834
v -0.1291 6.7639 1.5213
v -0.1419 6.629 1.4737
v -0.1293 6.6608 1.4602
v -0.1253 6.7047 1.4592
v -0.1234 6.7486 1.4534
v -0.122 6.8004 1.4259
v -0.1317 6.8717 1.3506
v -0.1498 6.9338 1.2219
v -0.1889 6.9669 1.0251
v -0.1814 6.9308 0.8245
v -0.7194 7.341 0.3701
v -0.7131 7.6112 0.7985
v -0.6951 7.5771 0.8545
v -0.7274 7.6428 0.7364
v -0.7399 7.6635 0.661
v -0.749 7.6713 0.5736
v -0.74 7.5479 0.5746
v -0.7343 7.5406 0.6403
v -0.7095 7.4826 0.7575
v -0.6984 7.4427 0.807
v -0.7213 7.5164 0.7061
v -0.7322 7.4481 0.577
v -0.7281 7.4384 0.6269
v -0.7108 7.3681 0.7193
v -0.7048 7.2982 0.7574
v -0.7192 7.4112 0.6785
v -0.6042 6.8973 0.439
v -0.6108 6.9378 0.4058
v -0.6216 6.9859 0.3787
v -0.6328 7.036 0.3577
v -0.6226 6.8372 0.5262
v -0.6058 6.8684 0.4731
v -0.7429 7.5394 0.5052
v -0.7342 7.442 0.5247
v -0.7521 7.655 0.4809
v -0.7037 7.1669 0.7447
v -0.7325 7.3479 0.4668
v -0.7374 7.3125 0.4435
v -0.7054 7.1693 0.3865
v -0.682 7.1006 0.3947
v -0.697 6.9594 0.6723
v -0.7036 7.05 0.6915
v -0.7964 7.2514 0.3992
v -0.8566 7.2535 0.3663
v -0.8565 7.2842 0.3853
v -0.8046 7.2823 0.4097
v -0.6952 6.8252 0.5854
v -0.6904 6.8783 0.6416
v -0.6511 6.9297 0.4734
v -0.6538 6.894 0.4989
v -0.7115 7.1913 0.6809
v -0.7141 7.1672 0.6576
v -0.7123 7.1093 0.654
v -0.7098 7.1212 0.6763
v -0.6993 6.9424 0.482
v -0.7495 6.9175 0.4435
v -0.7617 6.9666 0.4108
v -0.7104 6.9839 0.4567
v -0.7185 7.3321 0.6586
v -0.7263 7.359 0.6186
v -0.7078 7.14 0.7061
v -0.7407 7.3221 0.544
v -0.7852 7.3438 0.5481
v -0.7514 7.3221 0.5774
v -0.7335 7.3259 0.5839
v -0.7278 6.8229 0.5791
v -0.7442 6.8525 0.5724
v -0.7492 6.8572 0.5198
v -0.7137 6.8396 0.52
v -0.7275 7.2882 0.6077
v -0.7279 7.3134 0.6133
v -0.6718 7.052 0.4073
v -0.7432 6.8798 0.486
v -0.7058 6.8698 0.4887
v -0.7148 7.2444 0.6682
v -0.7169 7.2151 0.6499
v -0.7847 7.2124 0.3902
v -0.8531 7.216 0.354
v -0.738 7.2867 0.4201
v -0.7008 6.9657 0.6492
v -0.7084 6.9745 0.6333
v -0.7204 6.9045 0.6128
v -0.7122 6.8928 0.6269
v -0.7175 7.0272 0.4364
v -0.7722 7.006 0.3907
v -0.7827 7.0454 0.3707
v -0.7294 7.055 0.421
v -0.7397 7.2332 0.6156
v -0.7227 7.2537 0.6335
v -0.7562 7.2641 0.602
v -0.7381 6.8988 0.567
v -0.726 6.9307 0.5986
v -0.7296 7.0492 0.6189
v -0.7092 7.0446 0.6429
v -0.7199 7.1027 0.6275
v -0.7671 6.9346 0.4569
v -0.7891 6.9884 0.4143
v -0.7783 7.3061 0.5789
v -0.7316 6.9908 0.617
v -0.8725 7.2053 0.3646
v -0.8793 7.2405 0.3754
v -0.7512 6.8967 0.529
v -0.7281 7.1954 0.6272
v -0.7213 7.1519 0.6305
v -0.8719 7.3089 0.421
v -0.8506 7.3134 0.4059
v -0.8789 7.2699 0.3923
v -0.8535 7.157 0.3544
v -0.8355 7.1602 0.3442
v -0.8109 7.102 0.3558
v -0.8334 7.1048 0.36
v -0.814 7.0583 0.3729
v -0.7565 6.9091 0.4903
v -0.805 7.3232 0.5506
v -0.8015 7.0233 0.3936
v -0.842 7.3293 0.483
v -0.8224 7.3475 0.4834
v -0.8089 7.3035 0.5521
v -0.7818 7.2788 0.5755
v -0.8062 7.0324 0.4077
v -0.8208 7.0695 0.3863
v -0.8365 7.3162 0.4832
v -0.8666 7.2959 0.431
v -0.729 7.141 0.6129
v -0.728 7.0973 0.609
v -0.7732 6.955 0.4626
v -0.7591 6.9293 0.4949
v -0.7484 7.2172 0.606
v -0.7606 7.2472 0.5938
v -0.7385 6.927 0.56
v -0.7284 6.9529 0.5871
v -0.7468 7.0476 0.6024
v -0.7939 7.0035 0.4252
v -0.741 7.0062 0.5986
v -0.8637 7.1937 0.3785
v -0.8691 7.23 0.3885
v -0.7477 6.9204 0.5276
v -0.7368 7.181 0.6126
v -0.8744 7.2613 0.4019
v -0.8577 7.1536 0.3749
v -0.8401 7.0993 0.3735
v -0.7413 7.1706 0.6022
v -0.742 7.1631 0.5938
v -0.736 7.1289 0.5941
v -0.7345 7.1335 0.6016
v -0.7473 6.9465 0.5254
v -0.7472 6.9595 0.5255
v -0.7587 6.9684 0.4991
v -0.7588 6.9551 0.4975
v -0.8609 7.222 0.3992
v -0.8403 7.2183 0.4067
v -0.8597 7.2517 0.4219
v -0.8652 7.2552 0.4143
v -0.7161 7.0153 0.5872
v -0.6989 7.0263 0.5791
v -0.6874 6.9946 0.5713
v -0.7133 6.9817 0.5758
v -0.7742 7.2938 0.5415
v -0.7712 7.285 0.5345
v -0.7557 7.2667 0.5525
v -0.7596 7.276 0.5591
v -0.8004 7.0469 0.4232
v -0.7945 7.0498 0.4254
v -0.8042 7.0771 0.4098
v -0.8118 7.0747 0.4087
v -0.7257 7.0947 0.5897
v -0.7306 7.0954 0.5963
v -0.7717 6.9758 0.4699
v -0.7709 6.9832 0.4736
v -0.7851 7.0278 0.4405
v -0.7895 7.0232 0.4372
v -0.7466 7.2256 0.5753
v -0.7519 7.2345 0.5848
v -0.8433 7.1895 0.3933
v -0.8415 7.1845 0.4009
v -0.739 6.9485 0.5557
v -0.7386 6.9659 0.5504
v -0.6985 7.0682 0.5785
v -0.7178 7.0609 0.582
v -0.7193 7.0959 0.5843
v -0.6822 7.04 0.5712
v -0.8182 7.2694 0.4517
v -0.8234 7.279 0.444
v -0.837 7.2465 0.4321
v -0.8303 7.1344 0.407
v -0.8285 7.141 0.3996
v -0.8178 7.0964 0.4059
v -0.8174 7.0973 0.4123
v -0.8103 7.0789 0.4162
v -0.816 7.2763 0.4878
v -0.8126 7.2892 0.4833
v -0.7714 6.9922 0.4746
v -0.7613 6.9782 0.4998
v -0.7383 7.1872 0.5782
v -0.7425 7.1956 0.5865
v -0.744 7.2174 0.5684
v -0.7364 6.9848 0.5463
v -0.6819 7.015 0.5616
v -0.7053 7.0541 0.5089
v -0.722 7.0694 0.5021
v -0.7326 7.0623 0.4924
v -0.7142 7.0478 0.4924
v -0.7399 7.1341 0.5631
v -0.7439 7.1263 0.5534
v -0.7333 7.1101 0.5545
v -0.7314 7.1159 0.5646
v -0.783 7.1805 0.4906
v -0.8083 7.1983 0.4896
v -0.8162 7.191 0.4765
v -0.7939 7.1753 0.4822
v -0.696 7.0637 0.5226
v -0.7139 7.0774 0.5125
v -0.78 7.0944 0.4614
v -0.7909 7.0833 0.4564
v -0.7757 7.0653 0.4637
v -0.7712 7.0785 0.4675
v -0.823 7.1639 0.4564
v -0.8051 7.1597 0.4673
v -0.8014 7.1683 0.4744
v -0.8215 7.1807 0.4659
v -0.7896 7.1251 0.4553
v -0.8087 7.1191 0.4487
v -0.7995 7.1019 0.45
v -0.7819 7.1107 0.455
v -0.7427 7.0597 0.4824
v -0.74 7.044 0.4857
v -0.7059 7.0852 0.5203
v -0.6922 7.0764 0.5351
v -0.6926 7.0893 0.5454
v -0.7018 7.0924 0.5258
v -0.7989 7.138 0.4584
v -0.8152 7.136 0.449
v -0.7807 7.2063 0.5254
v -0.7541 7.1791 0.5197
v -0.7394 7.1695 0.5242
v -0.7563 7.1975 0.5378
v -0.8154 7.1153 0.4351
v -0.8096 7.0946 0.4406
v -0.8254 7.1361 0.4361
v -0.8197 7.2219 0.481
v -0.8301 7.2119 0.4665
v -0.7398 7.1428 0.5717
v -0.7324 7.1199 0.5738
v -0.7344 7.1664 0.5626
v -0.7334 7.1519 0.553
v -0.7013 7.0358 0.5178
v -0.7256 7.026 0.5066
v -0.8358 7.1702 0.443
v -0.8354 7.1962 0.4529
v -0.6811 7.0668 0.5501
v -0.6865 7.0837 0.5632
v -0.7414 7.2236 0.5432
v -0.7332 7.1734 0.5431
v -0.7406 7.1965 0.5554
v -0.7794 7.0301 0.4828
v -0.7651 7.0497 0.4784
v -0.7899 7.0508 0.4655
v -0.7109 7.1001 0.5688
v -0.7093 7.1014 0.5558
v -0.6872 7.052 0.5323
v -0.7676 7.022 0.4964
v -0.7986 7.2026 0.5045
v -0.7933 7.2306 0.4978
v -0.8001 7.0729 0.4509
v -0.7588 7.2327 0.5225
v -0.7474 7.205 0.5964
v -0.7427 7.0565 0.586
v -0.7203 7.2832 0.6455
v -0.7744 7.0025 0.4791
v -0.7903 7.0381 0.4579
v -0.789 7.0343 0.4442
v -0.7556 7.257 0.548
v -0.7544 7.2478 0.5444
v -0.7417 7.208 0.562
v -0.8409 7.1817 0.4106
v -0.8434 7.1786 0.4207
v -0.8396 7.2103 0.4326
v -0.8378 7.2173 0.4164
v -0.717 7.0067 0.5361
v -0.7491 6.9949 0.5247
v -0.7481 6.9746 0.5258
v -0.7412 7.1567 0.5865
v -0.7401 7.1504 0.5795
v -0.7334 7.1229 0.5816
v -0.735 7.1256 0.5878
v -0.7661 6.9928 0.5012
v -0.8316 7.2376 0.4478
v -0.675 7.0536 0.5631
v -0.6816 7.0303 0.5493
v -0.7663 7.2745 0.5292
v -0.7695 7.2617 0.5278
v -0.7983 7.0515 0.4313
v -0.8016 7.0631 0.4412
v -0.8114 7.0876 0.423
v -0.7137 7.0979 0.5786
v -0.7356 7.1785 0.5709
v -0.8216 7.0956 0.403
v -0.7262 7.1511 0.5303
v -0.7088 7.1018 0.5407
v -0.7729 7.1837 0.5007
v -0.8356 7.1406 0.3948
v -0.856 7.2816 0.4393
v -0.8104 7.3009 0.4833
v -0.7593 7.0655 0.4756
v -0.7325 7.1375 0.5427
v -0.7266 7.1375 0.5211
v -0.7495 7.1281 0.533
v -0.7513 7.1202 0.5429
v -0.7374 7.107 0.541
v -0.7249 7.0971 0.53
v -0.7277 7.0927 0.5246
v -0.7343 7.0882 0.5182
v -0.7402 7.0839 0.5095
v -0.7471 7.079 0.5007
v -0.752 7.0737 0.4916
v -0.7548 7.0697 0.4849
v -0.7615 7.0775 0.4786
v -0.7665 7.0903 0.4715
v -0.7673 7.1052 0.4653
v -0.7651 7.1198 0.4601
v -0.7698 7.1323 0.4606
v -0.7784 7.1425 0.4633
v -0.78 7.1548 0.4689
v -0.7749 7.1598 0.4762
v -0.7687 7.1637 0.4845
v -0.7625 7.1666 0.4938
v -0.7553 7.1694 0.5018
v -0.7427 7.1649 0.5116
v -0.7341 7.1541 0.5151
v -0.7561 7.1087 0.4697
v -0.7523 7.1206 0.4674
v -0.733 7.1458 0.5048
v -0.7297 7.1302 0.5112
v -0.8125 7.2614 0.4902
v -0.7656 7.0978 0.4803
v -0.761 7.085 0.4854
v -0.7521 7.1233 0.5227
v -0.7314 7.1254 0.4987
v -0.752 7.1175 0.5074
v -0.7422 7.1413 0.4856
v -0.7355 7.1225 0.4871
v -0.7361 7.1424 0.4947
v -0.7523 7.1114 0.5282
v -0.7572 7.1056 0.5133
v -0.7457 7.0973 0.5259
v -0.7512 7.0941 0.5161
v -0.7549 7.092 0.5051
v -0.7509 7.1136 0.4958
v -0.7599 7.1024 0.5012
v -0.7504 7.1108 0.4803
v -0.7635 7.1013 0.4907
v -0.7432 7.1213 0.4749
v -0.7484 7.1405 0.4764
v -0.7572 7.1378 0.4682
v -0.7581 7.0895 0.4944
v -0.6851 7.0758 0.5748
v -0.8259 7.2495 0.4673
v -0.8243 7.1357 0.4157
v -0.8172 7.1095 0.4185
v -0.7739 7.3232 0.4868
v -0.7966 7.3072 0.4397
v -0.7603 7.165 0.3903
v -0.7466 7.0992 0.4005
v -0.7065 7.0453 0.6631
v -0.7361 7.2546 0.4039
v -0.7081 7.2287 0.7093
v -0.6578 6.9691 0.448
v -0.7309 7.3662 0.5311
v -0.731 7.3694 0.5817
v -0.6691 6.8585 0.5442
v -0.7128 7.2911 0.6885
v -0.7239 7.2201 0.3929
v -0.6668 7.0124 0.4247
v -1.925 -7.8557 1.5609
v -1.9139 -7.8357 1.4811
v -1.9709 -7.8625 1.486
v -2.0059 -7.921 1.4962
v -1.7996 -8.0861 1.3967
v -1.7866 -8.0869 1.3521
v -1.7541 -8.0015 1.3613
v -1.7769 -8.0143 1.4217
v -2.007 -7.8841 1.4561
v -1.969 -7.8433 1.4363
v -1.8403 -8.1247 1.3959
v -1.8229 -8.1316 1.344
v -1.9691 -8.0889 1.4763
v -1.983 -8.1209 1.4388
v -1.9503 -8.1462 1.402
v -1.935 -8.1288 1.4534
v -2.014 -8.0439 1.5
v -2.0085 -8.0331 1.4808
v -1.7824 -7.9251 1.4333
v -1.7637 -7.9086 1.3743
v -1.8188 -7.8379 1.4052
v -1.8277 -7.8671 1.4594
v -1.7649 -8.0786 1.2728
v -1.8032 -8.1355 1.2769
v -2.0086 -8.1281 1.4133
v -1.9998 -8.1676 1.3656
v -2.0143 -8.0281 1.4528
v -1.7588 -7.886 1.3069
v -1.8121 -7.8173 1.3286
v -1.7399 -7.9842 1.2814
v -2.0283 -7.8823 1.4121
v -1.9928 -7.8182 1.341
v -2.2048 -8.0626 1.6037
v -2.2021 -8.061 1.5832
v -2.1656 -8.0865 1.5703
v -2.1644 -8.085 1.5836
v -2.0945 -7.9293 1.6678
v -2.0853 -7.923 1.6374
v -2.1052 -7.8865 1.658
v -2.1191 -7.8974 1.6869
v -2.0906 -8.0578 1.6113
v -2.0918 -8.0578 1.5834
v -2.0712 -7.9943 1.6003
v -2.0748 -7.9976 1.6356
v -2.0494 -7.6515 -0.376
v -2.0447 -7.7755 -0.42
v -2.2036 -7.7878 -0.4863
v -2.0606 -7.9029 -0.4716
v -2.1957 -7.9034 -0.5165
v -2.0935 -7.903 1.5524
v -2.1173 -7.8755 1.5493
v -2.1062 -7.8665 1.6015
v -2.0855 -7.9165 1.5976
v -2.0867 -8.0619 1.5475
v -2.0729 -7.9749 1.5579
v -2.0726 -7.9829 1.5792
v -2.0905 -8.0574 1.5628
v -2.1219 -8.0883 1.5507
v -2.118 -8.0918 1.5396
v -2.1923 -8.0622 1.5358
v -2.1598 -8.0909 1.534
v -2.1626 -8.087 1.5497
v -2.1986 -8.0594 1.5601
v -2.2273 -8.0101 1.5772
v -2.2166 -8.0082 1.5509
v -2.2251 -7.9429 1.6008
v -2.2038 -7.8816 1.5988
v -2.1881 -7.8864 1.55
v -2.2098 -7.9373 1.5481
v -2.2306 -8.0155 1.6027
v -2.124 -8.0867 1.5705
v -2.0677 -7.9988 -0.4523
v -2.1875 -7.997 -0.4949
v -2.0787 -8.0794 -0.4088
v -2.1933 -8.0729 -0.4506
v -2.2264 -7.9526 1.6349
v -2.2007 -7.8958 1.6539
v -2.2902 -8.0592 -0.4482
v -2.2986 -7.9875 -0.4888
v -2.3137 -7.8973 -0.4901
v -2.2292 -8.0195 1.6243
v -2.2234 -7.9565 1.6563
v -2.1843 -7.9067 1.6834
v -2.1249 -8.0855 1.5847
v -1.8861 -7.5209 0.32
v -1.9101 -7.4356 0.3229
v -1.9487 -7.4536 0.51
v -1.9266 -7.5299 0.5006
v -2.1969 -7.9265 1.4656
v -2.1996 -7.9344 1.4881
v -2.1769 -7.8856 1.4792
v -2.1786 -7.8788 1.4426
v -2.0581 -8.1125 1.4666
v -2.0672 -8.1008 1.4877
v -2.1034 -8.1125 1.4778
v -2.0968 -8.1299 1.4434
v -2.1928 -8.0846 1.4788
v -2.183 -8.0966 1.4526
v -2.1544 -8.1289 1.4341
v -2.153 -8.115 1.4678
v -2.2099 -8.0159 1.4984
v -2.2084 -8.0204 1.4816
v -2.0907 -7.8838 1.4846
v -2.0835 -7.8777 1.4533
v -2.11 -7.8677 1.4379
v -2.1125 -7.8735 1.476
v -2.063 -7.5271 -0.3315
v -2.0484 -7.9844 1.5023
v -2.0563 -7.9759 1.5166
v -2.2108 -7.8973 1.4083
v -2.1944 -7.8554 1.3518
v -2.0339 -8.1232 1.4135
v -2.0613 -8.1565 1.3788
v -2.3309 -7.7878 -0.4649
v -1.9185 -7.7264 -0.084
v -1.9094 -7.6757 0.119
v -2.2013 -8.0729 1.4257
v -2.1724 -8.1109 1.3724
v -2.2064 -8.002 1.4559
v -2.0537 -7.8863 1.4184
v -2.0838 -7.8435 1.3603
v -2.0342 -7.9984 1.4653
v -2.3865 -7.998 1.6921
v -2.3833 -7.9969 1.7138
v -2.3463 -7.9411 1.7116
v -2.3479 -7.9372 1.6989
v -2.2713 -7.9919 1.7985
v -2.2663 -8.03 1.7877
v -2.2573 -8.0122 1.7766
v -2.2658 -7.9834 1.7881
v -2.371 -7.9778 1.7391
v -2.3635 -7.9769 1.7488
v -2.3382 -7.9653 1.7401
v -2.3415 -7.95 1.7312
v -2.2532 -8.0606 1.7545
v -2.2468 -8.0843 1.6943
v -2.2385 -8.0541 1.6926
v -2.2435 -8.0451 1.7519
v -2.3871 -7.9958 1.6702
v -2.3523 -7.9367 1.6754
v -2.3687 -8.0556 1.7548
v -2.37 -8.0844 1.6895
v -2.3436 -8.1178 1.6934
v -2.3433 -8.0744 1.7722
v -2.3545 -7.9855 1.8034
v -2.3557 -8.0212 1.7915
v -2.3376 -8.0304 1.8076
v -2.3323 -7.9946 1.8201
v -2.3565 -7.9735 1.7501
v -2.3379 -7.9689 1.7436
v -2.3429 -7.974 1.7981
v -2.3464 -7.9737 1.7873
v -2.3614 -7.9789 1.789
v -2.2812 -7.9776 1.7983
v -2.2788 -7.9746 1.7898
v -2.2533 -8.088 1.6512
v -2.2438 -8.0538 1.6628
v -2.3696 -8.0835 1.6366
v -2.3428 -8.1186 1.6323
v -2.284 -7.9387 1.6962
v -2.2832 -7.9443 1.7079
v -2.2493 -7.9818 1.7187
v -2.2461 -7.9959 1.692
v -2.2855 -7.9592 1.7267
v -2.2929 -7.9624 1.738
v -2.271 -7.9729 1.741
v -2.259 -7.9792 1.7303
v -2.2863 -7.9327 1.6752
v -2.2488 -7.9953 1.6732
v -2.2967 -7.9667 1.742
v -2.2793 -7.9695 1.749
v -2.2908 -7.9989 1.8159
v -2.2909 -8.036 1.8061
v -2.2792 -8.0775 1.7719
v -2.2774 -8.1157 1.6976
v -2.3804 -8.0427 1.7424
v -2.3845 -8.0564 1.6882
v -2.3671 -8.0049 1.772
v -2.3332 -7.9817 1.8134
v -2.2915 -7.9819 1.813
v -2.2832 -8.1196 1.6409
v -2.3826 -8.0513 1.6482
v -2.3684 -8.0741 1.5769
v -2.3695 -8.0732 1.5551
v -2.3341 -8.095 1.5468
v -2.3322 -8.0989 1.5599
v -2.2503 -7.9753 1.6172
v -2.2497 -7.9626 1.5953
v -2.2764 -7.9022 1.6089
v -2.2877 -7.9143 1.6339
v -2.2586 -8.0704 1.5771
v -2.2572 -8.0654 1.5604
v -2.2467 -8.0255 1.5783
v -2.2484 -8.0338 1.6029
v -2.2537 -7.9529 1.5271
v -2.2878 -7.8959 1.5198
v -2.2753 -7.8955 1.5595
v -2.2504 -7.9542 1.5646
v -2.2548 -8.062 1.535
v -2.2503 -8.0219 1.5336
v -2.2473 -8.0226 1.5565
v -2.2556 -8.0617 1.5464
v -2.2876 -8.0906 1.5383
v -2.2876 -8.0873 1.5281
v -2.3673 -8.0737 1.517
v -2.3308 -8.0904 1.5199
v -2.3328 -8.0916 1.5325
v -2.3689 -8.0719 1.5369
v -2.3854 -8.0151 1.542
v -2.3835 -8.0138 1.5179
v -2.3852 -7.9547 1.5619
v -2.3671 -7.9148 1.5549
v -2.352 -7.904 1.5196
v -2.379 -7.9508 1.5216
v -2.3837 -8.0219 1.5673
v -2.2877 -8.0941 1.5512
v -2.3846 -7.9635 1.5924
v -2.3684 -7.9136 1.6045
v -2.3812 -8.029 1.5871
v -2.3828 -7.9723 1.6111
v -2.355 -7.9238 1.6323
v -2.2887 -8.0982 1.5638
v -2.3607 -7.9432 1.4113
v -2.362 -7.9452 1.4358
v -2.3409 -7.9093 1.429
v -2.3366 -7.9042 1.399
v -2.2525 -8.0829 1.4725
v -2.2502 -8.0757 1.4921
v -2.2851 -8.1114 1.4618
v -2.2791 -8.1273 1.4296
v -2.3557 -8.0888 1.4514
v -2.3613 -8.0844 1.4127
v -2.3252 -8.1249 1.4075
v -2.323 -8.1063 1.4572
v -2.3741 -8.0246 1.4467
v -2.3786 -8.0269 1.4303
v -2.2509 -7.9446 1.4639
v -2.2498 -7.9349 1.4449
v -2.2771 -7.8893 1.4083
v -2.2778 -7.8984 1.439
v -2.2403 -8.0223 1.476
v -2.2456 -8.0254 1.4928
v -2.3672 -7.9235 1.3563
v -2.3361 -7.8887 1.3289
v -2.2422 -8.0739 1.4243
v -2.253 -8.1466 1.3738
v -2.3688 -8.0892 1.3714
v -2.334 -8.1461 1.327
v -2.3764 -8.0122 1.4007
v -2.2421 -7.9063 1.4014
v -2.2625 -7.8681 1.3395
v -2.2313 -8.0018 1.4542
v -2.5228 -7.9954 1.5709
v -2.5157 -7.9933 1.5888
v -2.4891 -7.9653 1.5882
v -2.4917 -7.9619 1.5768
v -2.4183 -7.9987 1.6589
v -2.4119 -8.0183 1.658
v -2.4074 -8.0093 1.6399
v -2.4138 -7.9914 1.6441
v -2.4992 -7.98 1.6111
v -2.4934 -7.9824 1.6165
v -2.4809 -7.9782 1.6104
v -2.4818 -7.9696 1.6053
v -2.4049 -8.0684 1.6322
v -2.3965 -8.0851 1.5602
v -2.3901 -8.0435 1.5731
v -2.3905 -8.0437 1.6067
v -2.5217 -7.9955 1.552
v -2.4945 -7.9568 1.5635
v -2.5247 -8.0461 1.623
v -2.5202 -8.0781 1.5607
v -2.4972 -8.1198 1.5586
v -2.4995 -8.0832 1.6382
v -2.4971 -7.9985 1.6524
v -2.5027 -8.0094 1.6498
v -2.4914 -8.0275 1.6645
v -2.4833 -8.0057 1.6661
v -2.4877 -7.9839 1.6269
v -2.4771 -7.9784 1.6167
v -2.4914 -7.9891 1.6509
v -2.4906 -7.9874 1.636
v -2.4994 -7.9876 1.6351
v -2.4221 -7.9908 1.656
v -2.4209 -7.9888 1.6436
v -2.4088 -8.0964 1.5163
v -2.3937 -8.0454 1.5442
v -2.5197 -8.0802 1.5191
v -2.4981 -8.1113 1.5017
v -2.4199 -7.9631 1.5777
v -2.4218 -7.9648 1.588
v -2.3928 -7.9973 1.5932
v -2.3948 -7.9932 1.5786
v -2.4268 -7.9705 1.6041
v -2.4292 -7.978 1.6093
v -2.4161 -7.9854 1.6162
v -2.4082 -7.9902 1.6099
v -2.4196 -7.9598 1.5631
v -2.3974 -7.9904 1.5648
v -2.4309 -7.9813 1.616
v -2.4221 -7.9857 1.6243
v -2.4311 -8.0056 1.6684
v -2.4256 -8.0244 1.6694
v -2.4306 -8.0903 1.646
v -2.4221 -8.1298 1.5549
v -2.5253 -8.0211 1.6036
v -2.5255 -8.0399 1.5631
v -2.5061 -7.9954 1.6315
v -2.4754 -7.9936 1.6608
v -2.4387 -7.9955 1.6623
v -2.429 -8.1216 1.5029
v -2.5224 -8.0443 1.5335
v -2.518 -8.0726 1.4845
v -2.5212 -8.0611 1.4428
v -2.4941 -8.1003 1.4317
v -2.4955 -8.1077 1.4743
v -2.4038 -7.9763 1.5138
v -2.4028 -7.9685 1.4709
v -2.4166 -7.9267 1.4825
v -2.4252 -7.9382 1.5105
v -2.4114 -8.0983 1.4715
v -2.406 -8.0821 1.4402
v -2.3926 -8.0352 1.455
v -2.3999 -8.0437 1.4921
v -2.4054 -7.9558 1.4249
v -2.4271 -7.9174 1.4164
v -2.4156 -7.9101 1.4477
v -2.4018 -7.9697 1.443
v -2.4059 -8.0904 1.4176
v -2.3948 -8.0354 1.4274
v -2.3934 -8.0355 1.4412
v -2.4042 -8.079 1.4305
v -2.436 -8.11 1.4261
v -2.4365 -8.1119 1.4162
v -2.5256 -8.0559 1.4086
v -2.4912 -8.1043 1.4119
v -2.4956 -8.0991 1.4221
v -2.5258 -8.0554 1.4195
v -2.5307 -8.0182 1.4296
v -2.5351 -8.0185 1.4086
v -2.5193 -7.9641 1.4433
v -2.5062 -7.9223 1.45
v -2.4951 -7.9255 1.4127
v -2.5136 -7.9594 1.4128
v -2.5268 -8.0269 1.4549
v -2.4335 -8.107 1.4375
v -2.5174 -7.9718 1.4759
v -2.5047 -7.9332 1.4794
v -2.519 -8.0359 1.4962
v -2.5123 -7.9771 1.5158
v -2.4938 -7.9441 1.5111
v -2.4329 -8.1139 1.4725
v -2.5179 -7.9753 1.3174
v -2.5156 -7.973 1.3455
v -2.4951 -7.9343 1.3433
v -2.4961 -7.9368 1.31
v -2.4054 -8.1083 1.3703
v -2.407 -8.1044 1.3824
v -2.4304 -8.1233 1.3758
v -2.4256 -8.1367 1.3459
v -2.5169 -8.0802 1.3574
v -2.5106 -8.102 1.3261
v -2.4887 -8.1296 1.3297
v -2.4889 -8.1149 1.3593
v -2.531 -8.0201 1.3557
v -2.5282 -8.0272 1.3347
v -2.4019 -7.9466 1.3798
v -2.4022 -7.9481 1.3638
v -2.4298 -7.9046 1.3222
v -2.4301 -7.9122 1.3539
v -2.3964 -8.0448 1.3928
v -2.3974 -8.0383 1.4029
v -2.5193 -7.9376 1.2699
v -2.4902 -7.8953 1.2537
v -2.3831 -8.0863 1.3564
v -2.3935 -8.1519 1.3071
v -2.5125 -8.1201 1.2832
v -2.4912 -8.1388 1.2557
v -2.5263 -8.0292 1.3086
v -2.3997 -7.9234 1.3378
v -2.4167 -7.8985 1.2728
v -2.3855 -8.0195 1.3897
v -2.6371 -7.936 1.2726
v -2.6487 -7.9324 1.2321
v -2.6719 -7.9823 1.2221
v -2.6632 -7.9821 1.2654
v -2.6622 -7.929 1.1625
v -2.6942 -7.9876 1.1593
v -2.157 -7.9661 1.8237
v -2.1566 -7.9599 1.816
v -2.6138 -7.895 1.1723
v -2.6168 -7.8838 1.0781
v -2.6648 -7.925 1.0739
v -2.5882 -8.1288 1.2522
v -2.6069 -8.1139 1.2748
v -2.66 -8.083 1.2684
v -2.6507 -8.1085 1.2323
v -2.5398 -8.0381 1.3111
v -2.549 -8.0411 1.3279
v -2.5698 -8.1061 1.2988
v -2.5571 -8.1138 1.2819
v -2.6729 -8.0398 1.266
v -2.6815 -8.0544 1.2223
v -2.5486 -7.9746 1.2986
v -2.5526 -7.977 1.3181
v -2.5342 -8.0291 1.3057
v -2.541 -8.1232 1.2705
v -2.6921 -8.0598 1.1552
v -2.637 -8.125 1.1728
v -2.5436 -7.9373 1.2584
v -2.15 -8.1214 1.7437
v -2.1509 -8.098 1.8696
v -2.1515 -7.8902 1.686
v -2.1519 -7.9278 1.756
v -2.462 -7.9033 1.4501
v -2.4589 -7.9156 1.4841
v -2.1578 -7.9733 1.8395
v -2.1576 -7.983 1.8765
v -2.153 -7.8749 1.6594
v -2.3164 -7.8841 1.5183
v -2.3173 -7.8842 1.5569
v -2.3124 -7.9639 1.7367
v -2.3124 -7.9546 1.7291
v -2.144 -7.8698 1.4725
v -2.1412 -7.8619 1.427
v -2.1542 -7.9406 1.7803
v -2.1353 -7.8316 1.3227
v -2.1567 -8.0412 1.9045
v -2.1574 -8.0182 1.9082
v -2.3108 -8.0946 1.549
v -2.3105 -8.0986 1.5618
v -2.1515 -7.8671 1.547
v -2.1538 -7.9478 1.7953
v -1.9555 -7.761 -0.2856
v -1.9439 -7.8783 -0.3204
v -2.3119 -7.9362 1.6976
v -2.3165 -7.924 1.6776
v -2.4218 -7.8918 -0.4499
v -2.4361 -7.7869 -0.4128
v -2.367 -7.4987 0.5968
v -2.3644 -7.3667 0.4543
v -2.4283 -7.378 0.386
v -2.4118 -7.5178 0.5467
v -2.5023 -7.3706 -0.165
v -2.5904 -7.3748 -0.0626
v -2.4539 -7.5548 0.4858
v -2.1877 -7.4618 0.6804
v -2.1722 -7.3249 0.5414
v -2.2233 -7.3437 0.5359
v -2.2374 -7.4818 0.6718
v -2.5041 -7.8889 -0.3597
v -2.511 -7.7885 -0.3331
v -2.2825 -7.4874 0.655
v -2.2743 -7.3491 0.5263
v -2.3219 -7.3537 0.5078
v -2.3261 -7.4927 0.6317
v -2.2077 -7.2221 0.4576
v -2.2627 -7.2304 0.443
v -2.3145 -7.2321 0.4271
v -2.1539 -7.2058 0.4559
v -2.4887 -7.5865 -0.2348
v -2.5032 -7.4794 -0.1823
v -2.4349 -7.468 -0.2905
v -2.4482 -7.5746 -0.3398
v -2.4336 -7.2468 0.3079
v -1.9763 -7.3804 0.507
v -2.0128 -7.4539 0.6909
v -1.9725 -7.4927 0.6889
v -2.3725 -7.2379 0.3729
v -1.8883 -7.7763 0.4387
v -1.8499 -7.8111 0.6092
v -1.8901 -7.8879 0.5799
v -1.9092 -7.8741 0.4052
v -1.8732 -7.7062 0.4626
v -1.8528 -7.719 0.6368
v -2.5992 -7.4858 -0.0776
v -2.6124 -7.8594 0.6745
v -2.6491 -7.9615 0.6614
v -2.6974 -8.0369 0.9389
v -2.691 -7.9688 0.9493
v -2.5567 -7.7889 0.6867
v -2.6459 -7.8729 0.9421
v -2.6076 -7.8495 0.37
v -2.5891 -7.7808 0.1434
v -2.5915 -7.8717 0.1143
v -2.6217 -7.9306 0.3453
v -1.8966 -8.0236 0.7608
v -1.9389 -7.9603 0.5498
v -1.8521 -7.9689 0.7973
v -1.9933 -8.0353 0.7656
v -2.0166 -8.0057 0.5314
v -2.0759 -8.0642 0.7627
v -2.0967 -8.0447 0.5098
v -2.1653 -8.0657 0.7546
v -2.1754 -8.0662 0.4857
v -2.2357 -8.075 0.7315
v -2.2541 -8.0853 0.4465
v -2.309 -8.088 0.709
v -2.3235 -8.1082 0.4136
v -2.5789 -8.0266 0.0796
v -2.6012 -8.0771 0.3081
v -2.6112 -8.0032 0.3266
v -2.59 -7.9501 0.094
v -2.543 -8.096 0.0752
v -2.5208 -8.1197 0.3412
v -2.5917 -7.8229 0.957
v -2.5376 -7.7422 0.7135
v -2.5268 -7.8049 0.9716
v -2.4858 -7.6828 0.741
v -2.4652 -7.7856 0.9829
v -2.4353 -7.6648 0.7669
v -2.3709 -8.1007 0.6852
v -2.3882 -8.12 0.385
v -2.4301 -8.1051 0.6657
v -2.4514 -8.1287 0.3615
v -2.1389 -8.0913 1.5366
v -2.1423 -8.0877 1.5499
v -2.1282 -8.1138 1.4725
v -2.1262 -8.1295 1.4378
v -1.9904 -7.5123 -0.2032
v -1.9708 -7.6357 -0.2429
v -2.386 -7.654 0.7908
v -2.4164 -7.7802 0.9912
v -2.4929 -8.1099 0.6523
v -2.5627 -8.1179 0.6495
v -2.6129 -8.0878 0.6517
v -2.5275 -8.0539 -0.2621
v -2.5582 -7.9834 -0.2611
v -2.4889 -7.9808 -0.389
v -2.4641 -8.0505 -0.3825
v -2.6501 -8.0419 0.6536
v -2.3654 -7.7764 1.0148
v -2.332 -7.6517 0.8189
v -2.2892 -7.6402 0.8387
v -2.3186 -7.7698 1.0319
v -2.2704 -7.7485 1.036
v -2.2515 -7.6294 0.8484
v -2.2032 -7.6099 0.8578
v -2.2239 -7.7375 1.0445
v -2.168 -7.709 1.0565
v -2.154 -7.5918 0.8632
v -2.0962 -7.5719 0.8701
v -2.1139 -7.6891 1.0604
v -2.0563 -7.6767 1.0593
v -2.0354 -7.5607 0.8911
v -2.4043 -7.9819 -0.4683
v -2.3836 -8.0513 -0.4319
v -2.5391 -7.5928 -0.0989
v -2.4433 -7.6832 -0.3842
v -1.9502 -7.9997 -0.3539
v -1.9808 -7.573 0.9008
v -1.9908 -7.6341 1.0591
v -1.9189 -7.6667 1.0476
v -1.9267 -7.6257 0.8945
v -1.9739 -8.0805 -0.313
v -1.8579 -7.746 1.0164
v -1.8737 -7.7002 0.8652
v -2.014 -7.0442 0.3148
v -2.0674 -7.0476 0.3513
v -2.1047 -7.189 0.4233
v -2.0481 -7.1735 0.3843
v -1.9103 -7.808 0.2691
v -1.8933 -7.7231 0.2867
v -1.9269 -7.5515 0.6788
v -1.8746 -7.6327 0.662
v -1.9006 -7.6121 0.4843
v -1.9485 -7.028 0.2028
v -2.1891 -7.4056 -0.3927
v -2.3374 -7.4353 -0.3925
v -2.3325 -7.3341 -0.3762
v -2.1922 -7.306 -0.3807
v -1.8887 -7.6171 0.3073
v -2.5053 -7.6895 -0.2909
v -1.9658 -7.1425 0.2441
v -1.952 -7.2575 0.2902
v -1.9959 -7.3878 -0.1731
v -2.0706 -7.3977 -0.2948
v -2.0711 -7.2895 -0.2771
v -1.9877 -7.275 -0.159
v -2.1683 -7.0942 -0.3555
v -2.3137 -7.1118 -0.3552
v -1.9714 -7.0507 -0.1632
v -2.0413 -7.0639 -0.2657
v -1.8947 -6.8827 -0.0561
v -1.8008 -6.4175 -0.1152
v -1.7926 -6.4147 0.0067
v -1.9085 -6.8714 0.058
v -2.5857 -7.7831 -0.0298
v -2.5645 -7.7829 -0.1896
v -2.5714 -7.8883 -0.2315
v -2.6058 -7.8795 -0.0741
v -2.6025 -7.9679 -0.1017
v -2.5757 -8.0415 -0.1078
v -2.395 -7.1079 -0.2711
v -2.4236 -7.2451 -0.2631
v -2.3342 -7.2291 -0.3599
v -2.4271 -7.3595 -0.2668
v -2.1963 -7.2069 -0.3705
v -1.9908 -7.1635 -0.1574
v -2.0707 -7.1818 -0.2692
v -2.5548 -7.6962 0.0137
v -2.5418 -7.6897 -0.1359
v -2.5788 -7.7661 0.401
v -2.1596 -7.9932 1.8956
v -1.9215 -7.9097 0.2462
v -2.5476 -7.7052 0.4285
v -1.9333 -7.3514 0.3141
v -1.8947 -7.3513 0.1555
v -1.9129 -7.2489 0.1469
v -1.9308 -7.1384 0.1236
v -0.0917 -0.4048 0.4388
v 0 -0.4194 0.426
v -0.1519 -0.4101 0.4262
v -1.9325 -7.0309 0.0941
v -2.5614 -7.7007 0.179
v -1.8138 -7.8303 0.9971
v -1.8363 -7.7787 0.8455
v -2.517 -8.1002 -0.0961
v -2.4784 -8.105 -0.2436
v -2.4419 -8.0954 -0.3583
v -2.5011 -7.6293 0.452
v -1.8228 -7.8871 0.8146
v -1.802 -7.9369 0.9843
v -2.5699 -7.9185 1.2738
v -2.5766 -7.9234 1.298
v -2.5655 -7.9097 1.2172
v -2.6094 -7.9083 1.2833
v -2.6105 -7.9069 1.2482
v -2.4598 -8.0306 1.6667
v -2.4581 -8.0068 1.6674
v -2.4532 -7.9818 1.63
v -2.4536 -7.986 1.6422
v -2.1528 -8.1004 1.6737
v -1.814 -8.0417 0.9861
v -1.865 -8.0852 1.0063
v -1.9462 -8.1227 1.0238
v -2.0359 -8.1458 1.0385
v -2.1564 -7.9545 1.8106
v -2.4636 -8.1164 1.5023
v -2.4626 -8.1236 1.4694
v -2.4653 -8.131 0.0925
v -1.922 -7.3675 -0.0066
v -1.9079 -7.2543 -0.002
v -1.9246 -7.145 -0.0136
v -1.9223 -7.0391 -0.0336
v -2.1174 -8.1391 1.0458
v -2.1953 -8.1292 1.0381
v -2.2902 -8.1194 1.0259
v -2.3521 -8.117 1.0069
v -1.9501 -7.9637 0.3678
v -2.025 -8.015 0.342
v -2.0934 -8.0619 0.2962
v -2.164 -8.0925 0.258
v -2.3227 -8.1316 0.1586
v -2.397 -8.1436 0.1142
v -2.2297 -8.1184 0.2186
v -2.2151 -8.1331 -0.3749
v -2.0912 -8.1399 -0.331
v -1.9565 -7.9946 0.224
v -1.9812 -8.0285 0.0901
v -2.3786 -8.1085 -0.3861
v -2.2993 -8.1216 -0.3936
v -2.0131 -8.1329 -0.2076
v -2.4518 -8.1235 -0.0791
v -2.4132 -8.1207 -0.2442
v -2.3318 -8.1436 -0.2224
v -2.3811 -8.146 -0.0614
v -2.2021 -8.1445 0.0189
v -2.1579 -8.1568 -0.1565
v -2.0731 -8.1499 -0.1003
v -2.1278 -8.1241 0.0696
v -2.3017 -8.1526 -0.0305
v -2.0545 -8.0743 0.1272
v -2.2611 -8.1528 -0.2022
v -2.0137 -8.0294 0.2256
v -1.9715 -8.0913 -0.0706
v -2.4116 -8.1184 0.9853
v -2.4672 -8.1236 0.966
v -2.4575 -8.1146 1.3679
v -2.4557 -8.1438 1.337
v -1.9625 -8.023 1.9074
v -1.9615 -8.007 1.8995
v -1.9625 -8.0646 1.8934
v -1.9091 -7.7643 1.2985
v -1.9079 -7.8146 1.4226
v -1.9271 -7.8655 1.5926
v -1.9272 -7.8717 1.6184
v -1.9394 -7.9067 1.7037
v -1.9421 -7.922 1.7268
v -1.9423 -7.9339 1.734
v -1.9445 -7.9459 1.7464
v -1.9527 -7.959 1.7952
v -1.9569 -7.9943 1.8855
v -1.9557 -7.9816 1.8747
v -1.8876 -8.1268 1.4231
v -1.905 -8.1254 1.5533
v -1.9407 -8.144 1.773
v -1.9553 -8.1305 1.836
v -1.9015 -8.1516 1.3181
v -1.8866 -8.1389 1.3696
v -1.9107 -8.1389 1.58
v -1.9141 -8.1535 1.609
v -1.9227 -8.1516 1.6508
v -2.1298 -8.1638 1.3089
v -2.1448 -8.0866 1.5704
v -2.1446 -8.0853 1.5841
v -2.1587 -8.008 1.899
v -2.1548 -7.8597 1.5994
v -2.5257 -8.133 0.9543
v -2.5952 -8.1444 0.9429
v -2.6677 -8.1053 0.9392
v -2.299 -7.8725 1.3077
v -2.3092 -7.8859 1.3916
v -2.3109 -7.8877 1.4238
v -2.3175 -7.8957 1.6087
v -2.318 -7.9072 1.6361
v -2.3112 -7.9414 1.7099
v -2.3124 -7.9676 1.7413
v -2.3145 -7.9723 1.7565
v -2.3146 -7.9755 1.7958
v -2.3145 -7.9738 1.7861
v -2.3126 -7.982 1.8145
v -2.3142 -7.9996 1.8208
v -2.3155 -8.035 1.8142
v -2.313 -8.119 1.6366
v -2.3092 -8.0889 1.5241
v -2.3041 -8.1089 1.4596
v -2.4516 -7.882 1.2367
v -2.4625 -7.9015 1.3054
v -2.4671 -7.911 1.3444
v -2.4628 -8.1185 1.4157
v -2.4626 -7.9058 1.4155
v -2.4557 -7.9311 1.5145
v -2.4571 -7.9421 1.5667
v -2.4558 -7.9486 1.5802
v -2.4554 -7.9543 1.5904
v -2.4543 -7.9628 1.6062
v -2.4551 -7.9694 1.6139
v -2.4544 -7.978 1.6175
v -2.4549 -7.9897 1.6529
v -2.4571 -7.9945 1.6616
v -2.4631 -8.0932 1.6484
v -2.4597 -8.1248 1.5568
v -2.4634 -8.1164 1.4368
v -2.4617 -8.118 1.4242
v -2.4417 -8.1579 1.251
v -2.3115 -8.0837 1.7813
v -2.3105 -8.1168 1.6955
v -2.3102 -8.0911 1.5354
v -2.3021 -8.1261 1.4186
v -2.2834 -8.1538 1.3117
v -1.6831 -5.9454 -0.1735
v -1.5572 -5.6068 -0.2137
v -1.5914 -5.6141 -0.05
v -1.6845 -5.955 -0.0308
v -1.4566 -5.3254 -0.0501
v -1.4301 -5.3073 -0.2399
v -1.3629 -5.045 -0.0476
v -1.3518 -5.0145 -0.248
v -1.3098 -4.7818 -0.032
v -1.3088 -4.7483 -0.2231
v -1.2733 -4.5399 0.0002
v -1.2815 -4.5122 -0.1776
v -1.2673 -4.276 -0.136
v -1.2384 -4.3043 0.0277
v -1.1811 -4.0969 0.0579
v -1.2125 -4.0695 -0.0987
v -1.1692 -3.8847 -0.0577
v -1.1217 -3.9127 0.0953
v -1.1328 -3.7241 -0.029
v -1.0652 -3.7499 0.1086
v -1.0967 -3.5806 -0.0189
v -1.029 -3.6003 0.1237
v -1.0667 -3.4382 -0.0142
v -0.9987 -3.4515 0.1338
v -1.0272 -3.2777 -0.024
v -0.9738 -3.2873 0.147
v -0.9568 -3.029 -0.0328
v -0.9125 -3.0386 0.1426
v -0.8486 -2.6456 -0.0612
v -0.8182 -2.6617 0.1191
v -1.8854 -1.3846 0.0284
v -1.8541 -0.9818 0.0022
v -1.9393 -1.3871 0.2742
v -1.9151 -1.7857 0.0559
v -1.9536 -1.7895 0.2751
v -1.9793 -1.3764 0.5141
v -1.9638 -0.9856 0.5272
v -1.9241 -0.9852 0.268
v -1.9684 -1.3794 0.7593
v -1.9391 -1.0044 0.7807
v -0.4243 -1.0969 0.102
v -0.4913 -1.2768 0.091
v -0.5625 -1.2251 -0.1217
v -0.499 -1.0502 -0.1165
v -0.3623 -0.9398 0.1184
v -0.4363 -0.9008 -0.1081
v -0.3719 -0.7644 -0.0962
v -0.3099 -0.7885 0.139
v -0.2951 -0.6398 -0.0722
v -0.2585 -0.6475 0.1661
v -0.2136 -0.5381 -0.0316
v -0.2086 -0.5197 0.2131
v -0.1605 -0.4327 0.235
v -0.1409 -0.446 0.0331
v -0.082 -0.4225 0.2465
v -0.0697 -0.4474 0.0615
v 0 -0.42 0.0856
v 0 -0.413 0.2482
v -2.5771 -8.1036 1.3378
v -2.5813 -8.1052 1.306
v -2.5562 -8.0757 1.3469
v -2.6027 -8.1081 1.3371
v -2.6009 -8.107 1.2975
v -1.771 -7.9606 1.1328
v -1.7847 -7.8622 1.1556
v -2.7033 -7.9826 1.0673
v -1.8274 -7.7807 1.1683
v -1.9109 -7.7124 1.1982
v -1.9927 -7.7394 1.1981
v -2.0687 -7.7674 1.2135
v -2.127 -7.7746 1.2097
v -2.1779 -7.79 1.2119
v -2.2385 -7.8122 1.1982
v -2.287 -7.833 1.1769
v -2.3333 -7.8516 1.166
v -2.3938 -7.8432 1.1448
v -2.4381 -7.8353 1.1243
v -2.4845 -7.8592 1.113
v -2.6489 -8.1132 1.0778
v -2.7019 -8.0513 1.0654
v -1.7894 -8.0602 1.1295
v -1.8341 -8.1104 1.1416
v -1.9239 -8.1372 1.1709
v -2.0179 -8.1567 1.1988
v -2.092 -8.1476 1.2141
v -2.5088 -8.1355 1.1151
v -2.5739 -8.1374 1.0933
v -2.459 -8.1263 1.1318
v -2.3945 -8.1491 1.1624
v -2.3466 -8.128 1.1764
v -2.2794 -8.1297 1.1992
v -2.1534 -8.1571 1.1999
v -2.6515 -8.0031 1.4579
v -2.6495 -8.0091 1.4722
v -2.6286 -7.9871 1.4665
v -2.632 -7.9827 1.4599
v -2.5635 -8.019 1.5388
v -2.5559 -8.0294 1.5399
v -2.5515 -8.0207 1.5206
v -2.5597 -8.0149 1.5237
v -2.6378 -8.0016 1.4894
v -2.6308 -8.0032 1.4932
v -2.6223 -8.0002 1.4755
v -2.6261 -7.9991 1.4708
v -2.5481 -8.0704 1.5098
v -2.5395 -8.0794 1.4459
v -2.528 -8.046 1.4643
v -2.5378 -8.0525 1.5
v -2.6537 -8.0019 1.4461
v -2.6342 -7.9771 1.4526
v -2.6568 -8.0596 1.4915
v -2.6662 -8.0723 1.4488
v -2.6471 -8.1 1.4425
v -2.6422 -8.0822 1.5038
v -2.6356 -8.0131 1.5277
v -2.6424 -8.0242 1.5257
v -2.6255 -8.0378 1.5473
v -2.6217 -8.0241 1.5482
v -2.6255 -8.0031 1.499
v -2.6182 -8.0022 1.4801
v -2.6247 -8.0124 1.5265
v -2.6276 -8.0068 1.513
v -2.6354 -8.0065 1.5125
v -2.5703 -8.0125 1.536
v -2.5653 -8.0091 1.5255
v -2.5405 -8.0833 1.4377
v -2.532 -8.0423 1.4433
v -2.6666 -8.0711 1.4341
v -2.6488 -8.0993 1.4318
v -2.564 -7.983 1.4653
v -2.5651 -7.9874 1.4728
v -2.5436 -8.013 1.4829
v -2.5339 -8.0092 1.462
v -2.5635 -8.0029 1.4768
v -2.5665 -8.0042 1.4805
v -2.5602 -8.0095 1.501
v -2.5556 -8.0123 1.4978
v -2.5654 -7.9726 1.4561
v -2.5345 -8.0057 1.4521
v -2.5681 -8.0059 1.484
v -2.567 -8.0054 1.504
v -2.5784 -8.0245 1.5524
v -2.5726 -8.0369 1.5564
v -2.5737 -8.0938 1.5174
v -2.5684 -8.1196 1.4378
v -2.6549 -8.0326 1.479
v -2.6623 -8.0341 1.4552
v -2.6423 -8.0125 1.5084
v -2.6167 -8.0157 1.5383
v -2.58 -8.0158 1.5448
v -2.5713 -8.1219 1.4277
v -2.6643 -8.0367 1.4417
v -2.6683 -8.0663 1.4249
v -2.6747 -8.0518 1.3984
v -2.6426 -8.0926 1.3852
v -2.6503 -8.097 1.4215
v -2.5378 -7.9993 1.4346
v -2.5443 -7.9852 1.4109
v -2.5703 -7.9475 1.4221
v -2.5657 -7.9621 1.4419
v -2.5432 -8.0867 1.4251
v -2.546 -8.0789 1.3943
v -2.5393 -8.0328 1.4037
v -2.5356 -8.041 1.4293
v -2.5498 -7.974 1.3701
v -2.5689 -7.9347 1.3692
v -2.5655 -7.9378 1.4011
v -2.5477 -7.9821 1.3865
v -2.5524 -8.0738 1.3585
v -2.5447 -8.0319 1.3695
v -2.5433 -8.0314 1.3788
v -2.5495 -8.073 1.3686
v -2.5706 -8.1134 1.3554
v -2.5739 -8.1106 1.3482
v -2.6774 -8.0502 1.3656
v -2.6395 -8.0839 1.3443
v -2.6403 -8.085 1.3554
v -2.6765 -8.0491 1.3726
v -2.6735 -8.011 1.3858
v -2.6781 -8.0132 1.3696
v -2.6564 -7.975 1.3995
v -2.6426 -7.9426 1.4085
v -2.6445 -7.9415 1.376
v -2.6592 -7.9668 1.376
v -2.6684 -8.0225 1.4059
v -2.5705 -8.1234 1.3879
v -2.652 -7.9802 1.4177
v -2.6316 -7.957 1.4241
v -2.6632 -8.032 1.4307
v -2.6523 -7.9905 1.4338
v -2.6323 -7.964 1.4395
v -2.5732 -8.123 1.4177
v -2.6041 -7.9426 1.4045
v -2.5992 -7.9466 1.4267
v -2.5977 -8.0437 1.5615
v -2.5981 -8.0276 1.5533
v -2.5914 -8.0033 1.5038
v -2.5953 -8.0065 1.5192
v -2.6381 -7.9291 1.3444
v -2.661 -7.964 1.3443
v -2.6043 -8.1285 1.4221
v -2.6056 -8.1306 1.4123
v -2.6759 -8.0126 1.3433
v -2.6785 -8.0483 1.3471
v -2.6405 -8.082 1.3373
v -2.6062 -8.1093 1.3438
v -2.5465 -8.0329 1.3582
v -2.607 -7.9312 1.3711
v -2.5975 -7.9626 1.4401
v -2.5937 -7.9726 1.4529
v -2.5917 -7.9707 1.4618
v -2.5905 -7.9776 1.4678
v -2.5903 -8.0009 1.4714
v -2.5916 -8.0024 1.4766
v -2.5919 -8.0034 1.4814
v -2.5956 -8.0096 1.5312
v -2.5961 -8.0172 1.5434
v -2.6013 -8.093 1.5165
v -2.604 -8.1267 1.4291
v -2.6129 -8.1213 1.386
v -2.6066 -8.1128 1.3538
v -2.5501 -7.9746 1.3539
v -2.5779 -7.931 1.3389
v -2.6093 -7.9204 1.3412
v -2.5581 -7.8638 1.0969
v -2.5622 -8.1408 1.2005
v -2.03 -8.1131 -0.0239
v -1.8622 -1.4079 0.9667
v -1.9731 -1.7686 0.7212
v -1.8786 -1.7897 0.9277
v -1.6858 -1.4594 1.1147
v -1.6335 -1.1094 1.1095
v -1.8252 -1.0478 0.9875
v -1.3632 -1.1919 1.1233
v -1.4136 -1.5387 1.1274
v -1.708 -1.8419 1.0726
v -1.4661 -1.9048 1.1089
v -1.2206 -1.9966 1.0671
v -0.5626 -1.5721 0.3026
v -0.5803 -1.5459 0.5356
v -1.9714 -1.7816 0.4872
v -1.8216 -1.7866 -0.1849
v -1.2213 -1.9908 -0.4501
v -1.0409 -2.0913 -0.381
v -0.8882 -2.1847 -0.2482
v -0.7768 -2.2501 -0.084
v -0.9826 -2.0962 0.9566
v 0.3473 7.3383 1.4077
v 0.3096 7.3374 1.4127
v 0.311 7.3315 1.4107
v 0.3492 7.3299 1.4076
v 0.3487 7.3574 1.4039
v 0.308 7.3566 1.4103
v 0.3095 7.3456 1.4117
v 0.3481 7.3465 1.4062
v 0.3824 7.3332 1.4005
v 0.3849 7.3413 1.3972
v 0.3886 7.3508 1.393
v 0.4154 7.331 1.385
v 0.423 7.339 1.3777
v 0.4103 7.3242 1.3889
v 0.4363 7.3188 1.3727
v 0.4462 7.3246 1.365
v 0.4295 7.3143 1.3781
v 0.4473 7.3085 1.3624
v 0.4582 7.3114 1.3514
v 0.4392 7.305 1.369
v 0.4521 7.2991 1.3548
v 0.4638 7.3001 1.342
v 0.4438 7.2978 1.3612
v 0.4531 7.2897 1.3462
v 0.4645 7.2899 1.3358
v 0.4448 7.2899 1.355
v 0.4513 7.281 1.3462
v 0.4631 7.2784 1.3355
v 0.4428 7.2826 1.3539
v 0.4463 7.2714 1.3465
v 0.4584 7.2665 1.3339
v 0.4388 7.2753 1.3548
v 0.4406 7.2629 1.3495
v 0.4518 7.2551 1.3376
v 0.4331 7.2685 1.3583
v 0.3927 7.2332 1.3822
v 0.3976 7.2201 1.3774
v 0.4237 7.2315 1.363
v 0.4142 7.2427 1.3697
v 0.3905 7.2421 1.3858
v 0.4106 7.2512 1.3741
v 0.2738 7.2367 1.3983
v 0.2696 7.224 1.3978
v 0.3097 7.2215 1.3981
v 0.3109 7.2338 1.4028
v 0.2708 7.2133 1.3995
v 0.3161 7.2096 1.4009
v 0.2382 7.2423 1.392
v 0.2332 7.2327 1.3932
v 0.2322 7.2216 1.3934
v 0.2179 7.2467 1.3863
v 0.212 7.2385 1.3875
v 0.2067 7.2296 1.3879
v 0.2701 7.3295 1.4076
v 0.2725 7.3227 1.4055
v 0.2655 7.3477 1.408
v 0.2682 7.3372 1.4082
v 0.2265 7.3319 1.4044
v 0.2303 7.3232 1.4012
v 0.2333 7.3164 1.3977
v 0.2353 7.3097 1.3949
v 0.1964 7.3135 1.402
v 0.2016 7.3061 1.3992
v 0.2067 7.3004 1.3967
v 0.2093 7.2945 1.3918
v 0.1788 7.2987 1.4006
v 0.185 7.2941 1.3984
v 0.1899 7.29 1.3965
v 0.1952 7.2848 1.3878
v 0.1612 7.2762 1.3998
v 0.1676 7.2761 1.3942
v 0.174 7.284 1.3989
v 0.1678 7.2859 1.4006
v 0.1717 7.2759 1.3885
v 0.1752 7.2736 1.3807
v 0.1817 7.2799 1.3835
v 0.1789 7.2826 1.3975
v 0.1583 7.2656 1.3982
v 0.1651 7.2673 1.3918
v 0.1704 7.2676 1.3822
v 0.1757 7.2671 1.3781
v 0.1602 7.2545 1.3936
v 0.1675 7.2576 1.3887
v 0.1756 7.2598 1.3816
v 0.1846 7.2588 1.3761
v 0.4037 7.2032 1.3657
v 0.433 7.217 1.3521
v 0.1971 7.218 1.3871
v 0.2245 7.2075 1.3934
v 0.2672 7.1966 1.398
v 0.2625 7.176 1.3983
v 0.3179 7.1697 1.3913
v 0.3178 7.192 1.3967
v 0.4639 7.2475 1.3245
v 0.4701 7.2621 1.3223
v 0.4741 7.2764 1.3251
v 0.4747 7.2892 1.3264
v 0.4733 7.3013 1.3316
v 0.4678 7.3139 1.3414
v 0.4544 7.3279 1.3543
v 0.4284 7.3444 1.3712
v 0.3916 7.358 1.3859
v 0.3499 7.3652 1.402
v 0.3073 7.3643 1.4084
v 0.2627 7.3555 1.4077
v 0.2217 7.3393 1.4072
v 0.1902 7.319 1.4045
v 0.4636 7.3308 1.3402
v 0.4351 7.3502 1.3646
v 0.1606 7.2896 1.404
v 0.1542 7.2773 1.4045
v 0.152 7.2646 1.4022
v 0.1553 7.2505 1.3949
v 0.1718 7.3036 1.4033
v 0.1603 7.3103 1.4108
v 0.1484 7.2937 1.4117
v 0.1821 7.3289 1.4127
v 0.1424 7.3165 1.4256
v 0.1293 7.2967 1.4247
v 0.123 7.2788 1.4229
v 0.1422 7.2787 1.4114
v 0.1225 7.2601 1.4202
v 0.1409 7.2631 1.4091
v 0.1299 7.2378 1.416
v 0.1454 7.2447 1.3996
v 0.0925 7.3326 1.4701
v 0.0812 7.3069 1.47
v 0.1055 7.3001 1.4449
v 0.1185 7.3232 1.4463
v 0.0757 7.2801 1.4686
v 0.078 7.2537 1.4677
v 0.1003 7.2567 1.4412
v 0.0994 7.2784 1.4428
v 0.0886 7.2217 1.4606
v 0.1089 7.23 1.4365
v 0.0635 7.3397 1.4918
v 0.055 7.312 1.491
v 0.0515 7.2837 1.4905
v 0.0546 7.2526 1.4908
v 0.0666 7.2112 1.4883
v 0.0325 7.3464 1.5046
v 0.0285 7.3178 1.5032
v 0.0645 7.1705 1.5077
v 0.032 7.227 1.5145
v 0.0332 7.1876 1.5278
v 0.0271 7.2876 1.5044
v 0.0286 7.2574 1.5094
v 0.2588 7.1514 1.4109
v 0.3206 7.1429 1.401
v 0.2058 7.1688 1.4096
v 0.2145 7.1901 1.3934
v 0.1743 7.1878 1.407
v 0.1851 7.2042 1.3889
v 0.4293 7.1566 1.3512
v 0.4629 7.1764 1.3244
v 0.4442 7.1992 1.3345
v 0.4129 7.1829 1.3539
v 0.5057 7.2873 1.2995
v 0.5023 7.3029 1.3045
v 0.4841 7.3014 1.3195
v 0.4865 7.2885 1.3154
v 0.5048 7.2491 1.2949
v 0.5062 7.2697 1.2954
v 0.4867 7.2742 1.3131
v 0.4841 7.2563 1.3099
v 0.4933 7.3189 1.3127
v 0.4784 7.3149 1.3273
v 0.4751 7.3375 1.3299
v 0.4443 7.3569 1.3554
v 0.4008 7.3749 1.382
v 0.395 7.3657 1.3825
v 0.2503 7.3772 1.4203
v 0.2023 7.359 1.4248
v 0.2157 7.3477 1.412
v 0.2593 7.3638 1.4106
v 0.3519 7.3856 1.4022
v 0.3502 7.3738 1.3999
v 0.3021 7.3866 1.413
v 0.3059 7.3734 1.4073
v 0.1654 7.338 1.4262
v 0.1407 7.3489 1.446
v 0.1115 7.3603 1.47
v 0.078 7.3703 1.4932
v 0.0382 7.3767 1.5049
v 0.2048 7.4222 1.4612
v 0.1485 7.3935 1.4693
v 0.1783 7.3762 1.4482
v 0.2324 7.3982 1.4402
v 0.2774 7.4333 1.4379
v 0.2928 7.409 1.4238
v 0.4139 7.4161 1.3779
v 0.35 7.4301 1.4111
v 0.3522 7.4063 1.4055
v 0.4086 7.3923 1.3801
v 0.4688 7.3916 1.3399
v 0.4578 7.3693 1.3463
v 0.5579 7.2557 1.2486
v 0.5543 7.2842 1.2539
v 0.5289 7.2854 1.2797
v 0.5301 7.2637 1.2749
v 0.5485 7.3092 1.2618
v 0.5241 7.3044 1.2854
v 0.5538 7.2253 1.2462
v 0.5283 7.2387 1.2727
v 0.5349 7.3362 1.2779
v 0.514 7.3239 1.2961
v 0.5087 7.3639 1.3054
v 0.4922 7.3462 1.3167
v 0.4771 7.4194 1.3337
v 0.4149 7.4468 1.3788
v 0.5244 7.3859 1.2923
v 0.2558 7.4685 1.4553
v 0.1615 7.4572 1.4891
v 0.1063 7.41 1.4934
v 0.5823 7.2474 1.217
v 0.5758 7.2838 1.2229
v 0.5678 7.3179 1.2363
v 0.5814 7.2108 1.2177
v 0.5501 7.3521 1.2581
v 0.34 7.4636 1.4197
v 0.5763 7.1741 1.225
v 0.5467 7.1934 1.252
v 0.0493 7.4194 1.5109
v 0.4833 7.4515 1.3256
v 0.4188 7.4819 1.3766
v 0.3373 7.5016 1.4232
v 0.2494 7.5124 1.4654
v 0.1537 7.5145 1.5027
v 0.0669 7.5153 1.5215
v 0.0682 7.4647 1.5153
v 0.3382 7.5411 1.4241
v 0.247 7.5533 1.4692
v 0.4918 7.4836 1.3153
v 0.423 7.5184 1.3726
v 0.1475 7.558 1.5072
v 0.0636 7.5578 1.5258
v 0.5977 7.7181 1.1338
v 0.513 7.7996 1.2336
v 0.4891 7.7355 1.2824
v 0.5776 7.6691 1.1867
v 0.3979 7.8535 1.3143
v 0.3787 7.7833 1.3533
v 0.2794 7.8928 1.3867
v 0.2693 7.8177 1.4145
v 0.6041 7.1961 1.1802
v 0.6036 7.2411 1.1786
v 0.5999 7.2851 1.1877
v 0.5859 7.3265 1.2062
v 0.5645 7.371 1.2353
v 0.534 7.4121 1.2771
v 0.6007 7.1524 1.1912
v 0.5766 7.3882 1.2082
v 0.5411 7.4381 1.2573
v 0.6 7.3369 1.1691
v 0.6163 7.2857 1.1434
v 0.6637 7.519 0.9597
v 0.6439 7.6209 1.0421
v 0.6246 7.5836 1.0922
v 0.6492 7.4938 1.0074
v 0.6671 7.665 0.9799
v 0.6219 7.7734 1.0755
v 0.5518 7.6212 1.2279
v 0.6063 7.5489 1.1373
v 0.6759 7.4083 0.8958
v 0.6848 7.4204 0.8579
v 0.6802 7.5466 0.9105
v 0.5444 8.2459 0.343
v 0.4362 8.3577 0.3138
v 0.4128 8.3912 0.6644
v 0.5333 8.2829 0.6464
v 0.0348 6.9707 1.6595
v 0.0374 7.0011 1.6434
v 0.1224 6.9827 1.5822
v 0.115 7.0033 1.5569
v 0.0938 7.016 1.5862
v 0.0945 6.9913 1.6037
v 0.1419 6.9689 1.5522
v 0.1397 6.9866 1.5353
v 0.0897 7.041 1.5597
v 0.1146 7.0251 1.5359
v 0.1362 7.004 1.5085
v 0.0664 7.0244 1.6078
v 0.0369 7.03 1.6221
v 0.0674 6.9975 1.628
v 0.0367 7.0608 1.5991
v 0.0637 7.0525 1.5817
v 0.0674 6.9707 1.6438
v 0.1577 6.9774 1.4854
v 0.1592 6.9636 1.5117
v 0.171 6.9319 1.4881
v 0.1811 6.9431 1.4736
v 0.0872 6.8778 1.6197
v 0.0788 6.8862 1.6365
v 0.0543 6.8607 1.6252
v 0.0645 6.861 1.616
v 0.1584 6.8999 1.5424
v 0.1545 6.8867 1.5472
v 0.1582 6.8652 1.5081
v 0.1687 6.881 1.5072
v 0.052 6.8851 1.6553
v 0.0267 6.8828 1.6633
v 0.0198 6.8565 1.6344
v 0.038 6.86 1.6294
v 0.0429 6.8396 1.6025
v 0.0524 6.8462 1.5955
v 0.0151 6.8304 1.6038
v 0.0289 6.8351 1.6014
v 0.0429 6.8234 1.577
v 0.052 6.831 1.5753
v 0.0125 6.811 1.574
v 0.0266 6.8159 1.5762
v 0.0534 6.8064 1.5529
v 0.0577 6.8206 1.5522
v 0.1147 6.8247 1.5118
v 0.0806 6.813 1.5317
v 0.0824 6.8 1.5334
v 0.1191 6.808 1.5131
v 0.1394 6.8387 1.5004
v 0.13 6.8468 1.5104
v 0.1137 6.836 1.5145
v 0.0983 6.8722 1.6011
v 0.1012 6.883 1.6111
v 0.0878 6.8705 1.6079
v 0.1383 6.8643 1.5579
v 0.1458 6.8725 1.5537
v 0.1292 6.8845 1.5809
v 0.1217 6.8712 1.5804
v 0.1395 6.8588 1.5234
v 0.1512 6.8558 1.5226
v 0.0701 6.8608 1.6082
v 0.0557 6.8528 1.5889
v 0.0575 6.8394 1.5716
v 0.0629 6.8328 1.551
v 0.0816 6.8281 1.5333
v 0.136 6.8975 1.5808
v 0.0295 6.9138 1.674
v 0.0334 6.9424 1.6716
v 0.1078 6.8985 1.6121
v 0.0959 6.9671 1.6192
v 0.1226 6.9613 1.5938
v 0.1446 6.9513 1.5632
v 0.1606 6.9375 1.5347
v 0.159 6.9502 1.5261
v 0.1694 6.9232 1.5139
v 0.1705 6.9265 1.5018
v 0.1509 6.8366 1.4881
v 0.2374 6.9129 1.4551
v 0.2744 6.858 1.4431
v 0.3255 6.8759 1.4218
v 0.2881 6.9327 1.4479
v 0.0139 6.7923 1.5677
v 0.0306 6.7987 1.5627
v 0.1263 6.8633 1.5292
v 0.1227 6.8527 1.5189
v 0.1095 6.8441 1.5203
v 0.0665 6.8417 1.5483
v 0.0575 6.8521 1.5634
v 0.0719 6.8678 1.5885
v 0.0834 6.8718 1.5892
v 0.1265 6.8671 1.5518
v 0.0601 6.8636 1.5793
v 0.0972 6.87 1.5868
v 0.0818 6.8383 1.535
v 0.1105 6.8754 1.565
v 0.0185 6.7749 1.565
v 0.2454 6.6823 1.4611
v 0.2427 6.6597 1.4614
v 0.2662 6.6353 1.4323
v 0.2731 6.6485 1.4294
v 0.228 6.5663 1.4363
v 0.1865 6.5429 1.4728
v 0.1889 6.5242 1.465
v 0.2293 6.5555 1.4342
v 0.2484 6.5809 1.4202
v 0.2515 6.573 1.4189
v 0.0224 6.6983 1.5975
v 0.0177 6.7243 1.5742
v 0.0185 6.7535 1.5689
v 0.0881 6.851 1.5367
v 0.0794 6.8554 1.545
v 0.1139 6.8699 1.5486
v 0.118 6.8663 1.536
v 0.1014 6.8563 1.5318
v 0.1123 6.8622 1.5318
v 0.0805 6.8718 1.5752
v 0.0863 6.8735 1.5791
v 0.0729 6.8685 1.5694
v 0.0945 6.8736 1.5739
v 0.1041 6.8724 1.5641
v 0.0718 6.8621 1.5571
v 0.0892 6.8736 1.5666
v 0.097 6.8722 1.5567
v 0.105 6.8686 1.5441
v 0.082 6.8713 1.5625
v 0.0856 6.8685 1.5537
v 0.093 6.8636 1.5421
v 0.2348 6.5269 1.4279
v 0.2605 6.5474 1.4121
v 0.1917 6.504 1.4544
v 0.2391 6.6458 1.4619
v 0.2599 6.6281 1.4354
v 0.0409 6.7588 1.5645
v 0.0374 6.7794 1.5593
v 0.2108 6.667 1.4958
v 0.2069 6.6549 1.4962
v 0.2343 6.6355 1.4617
v 0.2025 6.6447 1.4964
v 0.2296 6.6289 1.4632
v 0.2243 6.6214 1.4612
v 0.196 6.6324 1.4904
v 0.1906 6.6245 1.4879
v 0.2209 6.6155 1.4585
v 0.1846 6.6147 1.4854
v 0.2117 6.6149 1.4488
v 0.1728 6.6165 1.4685
v 0.2073 6.6171 1.4402
v 0.2528 6.6087 1.4196
v 0.2528 6.6048 1.4139
v 0.2565 6.6022 1.4118
v 0.2589 6.6096 1.4172
v 0.2494 6.6089 1.4192
v 0.249 6.6067 1.4168
v 0.2428 6.6108 1.4115
v 0.2439 6.6095 1.4072
v 0.2464 6.6078 1.4142
v 0.2463 6.6094 1.4174
v 0.2409 6.6143 1.399
v 0.2441 6.612 1.3935
v 0.2197 6.5879 1.444
v 0.224 6.5787 1.4421
v 0.2426 6.5891 1.423
v 0.2379 6.5951 1.4249
v 0.2174 6.6082 1.4041
v 0.2107 6.6062 1.4261
v 0.2294 6.6068 1.4117
v 0.2313 6.6077 1.3948
v 0.2538 6.6208 1.4374
v 0.2466 6.6167 1.4373
v 0.2391 6.6143 1.4354
v 0.2273 6.6132 1.4314
v 0.2335 6.6131 1.4352
v 0.2221 6.6167 1.4227
v 0.2745 6.6089 1.4133
v 0.2668 6.6089 1.4153
v 0.264 6.5973 1.4128
v 0.2714 6.5934 1.4105
v 0.2148 6.5957 1.4419
v 0.2339 6.6002 1.4251
v 0.2117 6.6017 1.437
v 0.2312 6.6041 1.4211
v 0.0459 6.7328 1.5767
v 0.0515 6.7093 1.5955
v 0.0799 6.7186 1.5853
v 0.0719 6.7401 1.5606
v 0.1453 6.6894 1.5479
v 0.1424 6.6786 1.5485
v 0.1755 6.6645 1.5267
v 0.1782 6.6749 1.5289
v 0.1381 6.6581 1.5424
v 0.134 6.6383 1.5383
v 0.1626 6.6307 1.5184
v 0.168 6.647 1.5218
v 0.0667 6.7636 1.553
v 0.095 6.7665 1.538
v 0.0889 6.7863 1.5351
v 0.0604 6.7836 1.5474
v 0.1358 6.734 1.528
v 0.1438 6.7052 1.5442
v 0.1787 6.687 1.5235
v 0.1731 6.7153 1.5094
v 0.0785 6.666 1.5776
v 0.077 6.6413 1.5657
v 0.1045 6.6418 1.5566
v 0.1061 6.6645 1.5641
v 0.0806 6.7047 1.588
v 0.0803 6.6946 1.5905
v 0.1088 6.6885 1.5729
v 0.1105 6.701 1.5703
v 0.0515 6.6581 1.5828
v 0.05 6.6352 1.5722
v 0.0532 6.6957 1.5957
v 0.0533 6.684 1.5955
v 0.0214 6.6509 1.586
v 0.0198 6.6295 1.5775
v 0.023 6.6839 1.5992
v 0.0233 6.6742 1.5981
v 0.1288 6.6148 1.5361
v 0.1014 6.6133 1.5452
v 0.0761 6.6127 1.5452
v 0.0466 6.6114 1.5488
v 0.0215 6.6095 1.5497
v 0.1091 6.7162 1.5654
v 0.1824 6.5773 1.4785
v 0.1837 6.5617 1.4765
v 0.1638 6.6063 1.4586
v 0.1724 6.5999 1.4789
v 0.1786 6.5903 1.4819
v 0.1296 6.5135 1.5116
v 0.1277 6.5406 1.5168
v 0.1234 6.5648 1.5253
v 0.1196 6.5797 1.5248
v 0.1151 6.5928 1.5173
v 0.1107 6.6043 1.517
v 0.0517 6.571 1.5529
v 0.0528 6.5544 1.5535
v 0.0544 6.5296 1.5489
v 0.0536 6.4841 1.5131
v 0.0534 6.4615 1.5001
v 0.1297 6.475 1.4831
v 0.1311 6.4969 1.4946
v 0.0571 6.4953 1.5417
v 0.0508 6.6011 1.5345
v 0.0511 6.5899 1.5419
v 0.1587 6.6097 1.443
v 0.1044 6.607 1.5077
v 0.0508 6.6061 1.5312
v 0.0734 6.6198 1.5117
v 0.0949 6.6198 1.5073
v 0.0423 6.6183 1.508
v 0.1094 6.6193 1.5003
v 0.18 6.6042 1.4117
v 0.096 6.6069 1.492
v 0.019 6.6182 1.5076
v 0.2419 6.6201 1.3812
v 0.2496 6.615 1.3739
v 0.206 6.6242 1.4296
v 0.2188 6.6233 1.4103
v 0.0726 6.6296 1.5043
v 0.0932 6.6295 1.4988
v 0.2395 6.606 1.3714
v 0.2122 6.6045 1.388
v 0.1714 6.5851 1.3907
v 0.1087 6.5914 1.4663
v 0.0181 6.6293 1.5068
v 0.0432 6.629 1.5065
v 0.0552 6.6022 1.5105
v 0.1085 6.629 1.4911
v 0.1667 6.6268 1.4544
v 0.0386 6.661 1.5013
v 0.0641 6.6646 1.4964
v 0.0156 6.6555 1.5042
v 0.0638 6.5879 1.4881
v 0.0863 6.6632 1.4847
v 0.1004 6.6617 1.4764
v 0.2293 6.59 1.3595
v 0.2008 6.5821 1.3712
v 0.1935 6.6473 1.4142
v 0.2095 6.6433 1.3952
v 0.1564 6.653 1.4395
v 0.1658 6.5508 1.3916
v 0.1158 6.5529 1.4541
v 0.2469 6.6278 1.3634
v 0.256 6.6169 1.3576
v 0.1979 6.5513 1.3674
v 0.2483 6.6469 1.3563
v 0.2608 6.6206 1.3457
v 0.0153 6.7031 1.5052
v 0.037 6.7051 1.5031
v 0.0613 6.7079 1.4968
v 0.0618 6.5454 1.4851
v 0.0826 6.7088 1.4842
v 0.0963 6.7072 1.4758
v 0.2287 6.5644 1.3518
v 0.1866 6.6875 1.4128
v 0.2064 6.6797 1.3937
v 0.1537 6.6972 1.4363
v 0.1605 6.521 1.3876
v 0.1181 6.5138 1.4418
v 0.1598 6.4756 1.3583
v 0.1245 6.4617 1.3916
v 0.195 6.5272 1.3617
v 0.2529 6.6678 1.3467
v 0.2661 6.6258 1.334
v 0.015 6.747 1.4997
v 0.0355 6.7511 1.4972
v 0.0583 6.7531 1.4915
v 0.0588 6.5076 1.4783
v 0.0785 6.7523 1.4802
v 0.0922 6.7507 1.4718
v 0.2283 6.5462 1.3437
v 0.1817 6.7275 1.4092
v 0.2044 6.7166 1.3895
v 0.1462 6.736 1.4338
v 0.0824 6.238 0.6836
v 0.0649 6.3166 0.6148
v 0.182 6.7751 1.3917
v 0.2082 6.7604 1.373
v 0.1482 6.79 1.4128
v 0.0741 6.4084 1.021
v 0.0576 6.8087 1.4671
v 0.0787 6.8088 1.4566
v 0.1707 6.4336 1.2949
v 0.1239 6.4239 1.3224
v 0.1967 6.4905 1.3374
v 0.0629 6.395 1.1847
v 0.265 6.694 1.3273
v 0.2779 6.6315 1.3127
v 0.0139 6.7987 1.473
v 0.0609 6.4006 1.3471
v 0.0325 6.8049 1.4722
v 0.0453 6.4514 1.4311
v 0.0928 6.8064 1.4486
v 0.2324 6.5199 1.32
v 0.0117 6.8728 1.3849
v 0.0341 6.8815 1.3839
v 0.0589 6.8865 1.3799
v 0.0864 6.8853 1.3723
v 0.1008 6.8816 1.3669
v 0.2526 6.499 1.2673
v 0.211 6.4574 1.2795
v 0.1958 6.8384 1.3303
v 0.2273 6.8172 1.3175
v 0.1605 6.8586 1.3405
v 0.1914 6.4407 1.1698
v 0.1384 6.4141 1.1784
v 0.2915 6.7249 1.2797
v 0.3041 6.6441 1.2665
v 0.2319 6.4651 1.1622
v 0.3168 6.7538 1.1754
v 0.3265 6.659 1.1653
v 0.0131 6.9423 1.24
v 0.0399 6.954 1.2373
v 0.067 6.9602 1.2344
v 0.0955 6.9582 1.2311
v 0.1108 6.9531 1.2282
v 0.2722 6.4891 1.1623
v 0.2107 6.8989 1.2153
v 0.2453 6.8739 1.2113
v 0.1826 6.9165 1.2171
v 0.2122 6.4361 1.009
v 0.1495 6.4225 1.0159
v 0.1707 6.2753 0.7114
v 0.2452 6.3224 0.7469
v 0.2528 6.4658 1.0062
v 0.3579 6.7824 1.0112
v 0.3636 6.6746 1.0023
v 0.0145 6.9713 1.038
v 0.0501 6.9853 1.0334
v 0.0861 6.9937 1.0308
v 0.1223 6.9938 1.0301
v 0.1556 6.9802 1.0279
v 0.2959 6.489 1.0158
v 0.2536 6.9334 1.0263
v 0.2892 6.9064 1.0237
v 0.2237 6.9525 1.0268
v 0.016 6.9401 0.8449
v 0.0501 6.95 0.8341
v 0.0834 6.9559 0.8306
v 0.1179 6.9555 0.8294
v 0.148 6.941 0.8298
v 0.298 6.4903 0.8227
v 0.2775 6.3915 0.8046
v 0.2481 6.8989 0.8262
v 0.2866 6.8691 0.823
v 0.2153 6.9194 0.8276
v 0.1129 6.3387 0.6082
v 0.1663 6.3775 0.61
v 0.3602 6.7525 0.8097
v 0.3507 6.6645 0.8067
v 0.2162 6.8013 0.656
v 0.2557 6.7802 0.6489
v 0.1812 6.8158 0.661
v 0.0687 6.8409 0.6685
v 0.0933 6.8406 0.6676
v 0.2076 6.4366 0.603
v 0.3223 6.7 0.633
v 0.3085 6.644 0.6113
v 0.0169 6.8296 0.6777
v 0.0378 6.8363 0.6715
v 0.1199 6.8306 0.6701
v 0.215 6.5227 0.6022
v 0.1665 6.5672 0.5695
v 0.1497 6.5491 0.5734
v 0.0824 6.5298 0.5788
v 0.1233 6.5326 0.5696
v 0.0445 6.5182 0.5744
v 0.1512 6.6758 0.5712
v 0.1668 6.6692 0.5692
v 0.1411 6.6967 0.5686
v 0.146 6.8211 0.6726
v 0.1141 6.7036 0.5674
v 0.2283 6.6487 0.5602
v 0.212 6.6136 0.5639
v 0.0174 6.684 0.5875
v 0.0315 6.701 0.5711
v 0.0521 6.7037 0.5692
v 0.0733 6.6881 0.5722
v 0.0904 6.688 0.5716
v 0.1569 7.9109 1.429
v 0.1623 7.8373 1.4528
v 0.0537 6.4311 1.4834
v 0.1292 6.4472 1.4675
v 0.3065 6.6044 1.397
v 0.288 6.6087 1.4086
v 0.2886 6.5836 1.4023
v 0.3026 6.5761 1.3928
v 0.2374 6.5013 1.4219
v 0.2693 6.5259 1.4039
v 0.1923 6.4724 1.4401
v 0.0638 6.168 1.341
v 0.059 6.1675 1.2867
v 0.1377 6.1857 1.2578
v 0.1443 6.1869 1.3181
v 0.4745 6.4321 0.9384
v 0.5123 6.4917 0.8663
v 0.5378 6.5262 0.9089
v 0.5005 6.4694 0.9891
v 0.4489 6.4929 0.5913
v 0.4674 6.5281 0.5065
v 0.5059 6.6051 0.5364
v 0.4884 6.5532 0.6252
v 0.4069 6.3838 0.5431
v 0.4411 6.4271 0.4679
v 0.4071 6.248 0.4841
v 0.4329 6.2985 0.4171
v 0.4192 6.0961 0.412
v 0.4327 6.1222 0.3386
v 0.4582 5.9302 0.3306
v 0.4828 5.9669 0.2557
v 0.5318 5.7939 0.2605
v 0.5447 5.8062 0.1857
v 0.3857 6.3902 0.7128
v 0.4192 6.434 0.6585
v 0.4631 6.4903 0.7063
v 0.431 6.433 0.7762
v 0.3416 6.3137 0.6373
v 0.3742 6.3577 0.586
v 0.3353 6.1829 0.5737
v 0.3792 6.2132 0.5413
v 0.3704 6.0409 0.5352
v 0.3945 6.0668 0.4781
v 0.4082 5.894 0.4662
v 0.4395 5.9111 0.4017
v 0.4802 5.7613 0.3913
v 0.5021 5.773 0.3338
v 0.5527 6.5791 0.7813
v 0.5796 6.6127 0.8261
v 0.131 6.1866 1.1871
v 0.055 6.166 1.2186
v 0.0562 6.1744 1.1324
v 0.1238 6.1969 1.0977
v 0.052 6.1791 1.011
v 0.1103 6.1937 0.9846
v 0.0378 6.1645 0.8488
v 0.0815 6.1726 0.8335
v 0.0286 6.0729 0.7447
v 0.0653 6.0764 0.7335
v 0.1589 5.9601 0.6541
v 0.1529 6.0866 0.7036
v 0.1098 6.0787 0.7234
v 0.1142 5.9453 0.6813
v 0.0918 5.7879 0.6854
v 0.1375 5.8042 0.6658
v 0.0733 5.9356 0.699
v 0.0339 5.9333 0.7084
v 0.0466 5.7833 0.6895
v 0.1924 5.8107 0.657
v 0.0575 5.631 0.6954
v 0.1157 5.6458 0.6922
v 0.1924 6.1019 0.6761
v 0.2164 6.2046 0.7584
v 0.1765 6.1908 0.7831
v 0.2462 5.6667 0.6785
v 0.1805 5.6504 0.7008
v 0.3735 5.8714 0.5245
v 0.4484 5.735 0.4631
v 0.3305 6.0164 0.5724
v 0.2934 6.156 0.5989
v 0.4429 6.388 1.0012
v 0.4581 6.4145 1.0499
v 0.5406 7.8719 1.1777
v 0.4675 6.478 0.3607
v 0.4881 6.5739 0.3906
v 0.5744 5.8344 0.1046
v 0.4962 6.0001 0.178
v 0.4482 6.1629 0.2527
v 0.4483 6.3518 0.3248
v 0.4668 6.5086 0.234
v 0.4861 6.6045 0.2563
v 0.5903 5.8862 0.0187
v 0.4985 6.0347 0.0924
v 0.4445 6.3874 0.2129
v 0.4614 6.211 0.1545
v 0.4501 6.529 0.1027
v 0.4612 6.6199 0.1174
v 0.566 5.9191 -0.0638
v 0.4897 6.0744 -0.0012
v 0.4497 6.413 0.084
v 0.459 6.2487 0.0492
v 0.4218 6.5468 -0.0134
v 0.4265 6.63 -0.0071
v 0.5111 5.9424 -0.1489
v 0.446 6.103 -0.0847
v 0.4175 6.4332 -0.0252
v 0.4217 6.2819 -0.0458
v 0.3475 6.5616 -0.085
v 0.3563 6.6424 -0.0856
v 0.4087 5.9524 -0.207
v 0.3453 6.106 -0.1438
v 0.3433 6.448 -0.0888
v 0.3438 6.2916 -0.1052
v 0.2393 6.5778 -0.1141
v 0.2494 6.6588 -0.1257
v 0.3024 5.9559 -0.2392
v 0.2494 6.1072 -0.168
v 0.2339 6.4691 -0.1099
v 0.2362 6.3079 -0.1234
v 0.054 6.685 -0.1354
v 0.049 6.6005 -0.1164
v 0.0683 6.112 -0.1649
v 0.09 5.9493 -0.2313
v 0.0461 6.4865 -0.0951
v 0.0475 6.3253 -0.1061
v 0.4048 8.011 -0.2012
v 0.279 8.0499 -0.2402
v 0.3043 8.2673 -0.0299
v 0.4443 8.2145 0.0034
v 0.1497 8.0686 -0.2535
v 0.1696 8.2975 -0.045
v 0.5987 7.847 -0.0197
v 0.5124 7.9446 -0.1382
v 0.5408 8.1168 0.0604
v 0.6387 7.9999 0.1434
v 0.7314 7.5409 0.2698
v 0.7087 7.6416 0.1815
v 0.7313 7.7319 0.2937
v 0.7466 7.6047 0.3576
v 0.6615 7.7449 0.0846
v 0.6888 7.8574 0.2221
v 0.6944 7.0747 0.831
v 0.6982 7.0655 0.7778
v 0.7011 7.1751 0.793
v 0.6963 7.1793 0.8429
v 0.6964 7.2945 0.8158
v 0.6875 7.2891 0.8658
v 0.7073 7.9778 0.5941
v 0.7407 7.8148 0.5784
v 0.7443 7.7993 0.4428
v 0.7067 7.9505 0.4073
v 0.6824 6.973 0.8292
v 0.6871 6.9589 0.7678
v 0.5529 7.0052 0.1373
v 0.5109 6.9987 0.0314
v 0.5306 7.1107 0.0056
v 0.5724 7.1039 0.1115
v 0.6385 8.1058 0.3765
v 0.6326 8.142 0.6218
v 0.4538 7.0034 -0.073
v 0.4702 7.121 -0.101
v 0.5537 6.5792 0.9688
v 0.5981 6.6629 0.8951
v 0.5103 6.6522 0.4254
v 0.5104 6.698 0.2849
v 0.4767 6.6956 0.1223
v 0.4283 6.6982 -0.0024
v 0.35 6.7098 -0.0919
v 0.2538 6.7217 -0.133
v 0.5278 7.0229 1.2994
v 0.563 7.0636 1.2505
v 0.5352 7.0969 1.2808
v 0.4954 7.0618 1.3262
v 0.4784 7.2394 1.3125
v 0.4995 7.2271 1.2985
v 0.4495 7.126 1.3467
v 0.486 7.1506 1.3137
v 0.5223 7.2117 1.2758
v 0.4867 7.2021 1.3059
v 0.5093 7.1826 1.2903
v 0.4706 7.0947 1.3384
v 0.508 7.1263 1.3006
v 0.6072 6.7005 0.6967
v 0.6364 6.7219 0.7674
v 0.6339 6.7604 0.8453
v 0.1472 6.1926 1.3453
v 0.0649 6.1747 1.3653
v 0.2231 6.2312 1.3031
v 0.2224 6.2224 1.2696
v 0.2946 6.2688 1.2118
v 0.2907 6.2829 1.2487
v 0.292 6.2577 1.1631
v 0.2158 6.2152 1.217
v 0.3553 6.3161 1.156
v 0.3521 6.3342 1.1948
v 0.3558 6.2998 1.1108
v 0.3135 6.2867 0.9835
v 0.2619 6.2578 1.0239
v 0.2275 6.2524 0.9168
v 0.2707 6.2766 0.8815
v 0.1323 6.1799 0.8137
v 0.2482 5.8235 0.637
v 0.3113 5.674 0.6503
v 0.2048 5.9697 0.636
v 0.1967 6.2261 1.0632
v 0.172 6.2211 0.9528
v 0.2808 6.2539 1.1008
v 0.2054 6.2166 1.1502
v 0.339 6.2914 1.0529
v 0.4562 6.4483 1.1001
v 0.5091 6.5107 1.0424
v 0.3297 6.3282 0.8026
v 0.3554 6.3525 0.7607
v 0.4001 6.3906 0.8362
v 0.3749 6.3561 0.8903
v 0.2637 6.1397 0.6201
v 0.2936 5.9969 0.5964
v 0.3469 5.8516 0.5834
v 0.4031 5.7128 0.5228
v 0.4398 6.4127 0.8904
v 0.4738 6.464 0.8222
v 0.5394 6.6144 0.6584
v 0.5406 6.6689 0.5704
v 0.4087 6.371 0.9502
v 0.5099 6.5342 0.7426
v 0.5362 6.7157 0.4753
v 0.729 7.4505 0.3421
v 0.7402 7.5018 0.4165
v 0.7278 7.3739 0.3993
v 0.7329 7.4072 0.4543
v 0.6924 6.9527 0.7108
v 0.702 7.0583 0.7287
v 0.6705 6.8377 0.6827
v 0.6663 6.8461 0.7629
v 0.5283 7.5315 -0.1531
v 0.4468 7.5647 -0.2584
v 0.4796 7.7443 -0.2261
v 0.5616 7.6829 -0.1067
v 0.5402 6.7637 0.3836
v 0.0579 6.8029 -0.1661
v 0.0559 6.7532 -0.1475
v 0.1627 6.9047 -0.2003
v 0.064 6.9013 -0.2039
v 0.0762 6.991 -0.2536
v 0.1794 6.9939 -0.2456
v 0.2706 6.9041 -0.1804
v 0.2851 6.9941 -0.2139
v 0.3541 6.768 -0.0985
v 0.2592 6.7787 -0.1467
v 0.4363 6.7613 -0.0135
v 0.4852 6.7613 0.1028
v 0.519 6.7708 0.2394
v 0.1479 6.6761 -0.1324
v 0.1519 6.7401 -0.1436
v 0.491 7.2498 -0.1348
v 0.5546 7.2321 -0.0295
v 0.102 7.1154 -0.3205
v 0.1159 7.2609 -0.3713
v 0.6032 7.2125 0.0747
v 0.3952 7.1288 -0.1905
v 0.3079 7.1256 -0.2593
v 0.3265 7.2684 -0.3031
v 0.4148 7.2647 -0.2306
v 0.6092 7.0964 0.197
v 0.6409 7.1844 0.1729
v 0.6705 7.3175 0.1632
v 0.6288 7.3377 0.0561
v 0.6513 7.4431 0.0729
v 0.692 7.4 0.1884
v 0.5082 7.3928 -0.1662
v 0.4284 7.4129 -0.2642
v 0.5759 7.3667 -0.0559
v 0.5991 7.4904 -0.0452
v 0.1142 7.4354 -0.3882
v 0.126 7.6282 -0.3872
v 0.336 7.4254 -0.3279
v 0.3544 7.5913 -0.3295
v 0.379 7.7872 -0.2993
v 0.7104 7.472 0.2224
v 0.6808 7.5439 0.1073
v 0.6301 7.6164 0.0013
v 0.1389 7.8254 -0.3578
v 0.1196 8.3974 0.9698
v 0.1519 8.4771 0.6926
v 0.5129 8.2441 0.8799
v 0.3856 8.3294 0.924
v 0.5609 7.9428 1.1079
v 0.4425 8.0225 1.195
v 0.4233 7.9395 1.2634
v 0.6467 7.8305 1.0103
v 0.6872 7.7052 0.9211
v 0.2708 8.4542 0.6879
v 0.3019 8.4243 0.3057
v 0.3779 7.0057 -0.157
v 0.0627 7.9172 1.4416
v 0.0614 7.8478 1.4683
v 0.3127 8.0778 1.265
v 0.297 7.9828 1.3317
v 0.6613 7.8798 0.9444
v 0.5759 8.0001 1.0417
v 0.7051 7.7485 0.8607
v 0.209 7.1192 -0.305
v 0.7306 7.8074 0.6939
v 0.692 7.9616 0.7468
v 0.6182 8.1187 0.8167
v 0.4583 8.0922 1.1298
v 0.5729 6.7387 0.6068
v 0.5636 6.7716 0.5163
v 0.5637 6.8145 0.4445
v 0.5466 6.8114 0.3331
v 0.6253 7.0908 0.2769
v 0.6503 7.1656 0.2646
v 0.6826 7.2912 0.2601
v 0.7026 7.3519 0.2862
v 0.7175 7.408 0.3081
v 0.5975 8.0607 0.9572
v 0.6769 7.9237 0.864
v 0.7222 7.7849 0.7886
v 0.4851 8.1678 1.0415
v 0.0796 8.2067 1.2477
v 0.0651 8.1239 1.3146
v 0.1372 6.477 -0.1098
v 0.1387 6.3132 -0.1207
v 0.1747 8.4575 0.3073
v 0.5698 6.9348 0.2576
v 0.5853 7.0074 0.2297
v 0.6041 7.0198 0.3002
v 0.5867 6.9589 0.3259
v 0.2386 8.3787 0.9608
v 0.2057 8.2615 1.147
v 0.3535 8.2339 1.102
v 0.0616 8.0101 1.3911
v 0.2265 7.2627 -0.3541
v 0.1409 6.5933 -0.118
v 0.2621 7.813 -0.3436
v 0.0941 8.2749 1.1621
v 0.1587 6.1154 -0.1927
v 0.191 5.9516 -0.233
v 0.2278 7.4298 -0.3715
v 0.2429 7.6127 -0.3705
v 0.3301 8.1536 1.1938
v 0.0584 6.3945 1.4866
v 0.1618 7.1705 1.4211
v 0.1339 7.1981 1.4261
v 0.1176 7.185 1.4415
v 0.1505 7.1544 1.4326
v 0.3489 6.3506 1.2285
v 0.2882 6.2966 1.276
v 0.2223 6.2432 1.3276
v 0.1479 6.2047 1.3714
v 0.0671 6.186 1.3931
v 0.2751 6.2464 0.6972
v 0.3058 6.271 0.6628
v 0.666 7.1544 0.332
v 0.6488 7.0933 0.34
v 0.6917 7.2526 0.3318
v 0.7068 7.3033 0.3482
v 0.1595 7.9979 1.3813
v 0.1703 8.1089 1.3046
v 0.1848 8.1866 1.2343
v 0.349 7.3309 1.3983
v 0.3112 7.3315 1.404
v 0.3114 7.3316 1.3973
v 0.3487 7.3318 1.389
v 0.4343 7.3011 1.3614
v 0.4385 7.293 1.3556
v 0.4385 7.2937 1.3653
v 0.4337 7.3008 1.3734
v 0.4287 7.3075 1.3664
v 0.4279 7.3066 1.3788
v 0.4104 7.3179 1.3778
v 0.4099 7.3169 1.3895
v 0.3833 7.325 1.39
v 0.3835 7.3242 1.4009
v 0.2723 7.3235 1.4007
v 0.197 7.2598 1.3673
v 0.1851 7.2669 1.3746
v 0.2018 7.2875 1.3795
v 0.1934 7.2802 1.3747
v 0.2087 7.2812 1.3697
v 0.2139 7.2883 1.3724
v 0.1847 7.274 1.3768
v 0.2244 7.2529 1.3785
v 0.2123 7.256 1.3723
v 0.21 7.2549 1.3795
v 0.2218 7.252 1.3842
v 0.276 7.2434 1.3936
v 0.2424 7.2487 1.3858
v 0.241 7.2478 1.3915
v 0.276 7.2434 1.3986
v 0.2116 7.2952 1.3827
v 0.3114 7.2398 1.3999
v 0.3109 7.2395 1.4046
v 0.2353 7.3097 1.3898
v 0.4071 7.2569 1.3739
v 0.3848 7.2478 1.3835
v 0.3865 7.2481 1.3873
v 0.4086 7.257 1.3768
v 0.4296 7.2711 1.3557
v 0.4248 7.2676 1.3613
v 0.4249 7.2677 1.3656
v 0.4295 7.2712 1.3613
v 0.4377 7.2824 1.3492
v 0.4342 7.275 1.3509
v 0.4336 7.2755 1.3562
v 0.4367 7.2823 1.355
v 0.4394 7.2875 1.3509
v 0.4394 7.2874 1.358
v 0.3103 7.2467 1.3611
v 0.2774 7.2487 1.3573
v 0.276 7.2442 1.3879
v 0.3109 7.2415 1.3928
v 0.4017 7.2566 1.3362
v 0.3807 7.2519 1.3462
v 0.3807 7.2493 1.3752
v 0.4009 7.2578 1.3647
v 0.4322 7.2943 1.3154
v 0.4335 7.2877 1.3109
v 0.435 7.2875 1.3389
v 0.434 7.2931 1.3409
v 0.3508 7.3255 1.3617
v 0.3846 7.3209 1.3522
v 0.3806 7.3248 1.376
v 0.2178 7.2988 1.348
v 0.2354 7.3088 1.3574
v 0.2353 7.3097 1.3848
v 0.2194 7.2952 1.3751
v 0.2404 7.2546 1.3471
v 0.2438 7.2496 1.38
v 0.4338 7.2816 1.3081
v 0.4342 7.283 1.3386
v 0.4066 7.317 1.3399
v 0.4067 7.3159 1.3602
v 0.2096 7.2827 1.3462
v 0.2146 7.2904 1.3461
v 0.2293 7.256 1.3435
v 0.2222 7.2575 1.3421
v 0.2178 7.2571 1.3676
v 0.227 7.2537 1.3727
v 0.4347 7.2768 1.3077
v 0.4316 7.275 1.3412
v 0.4217 7.3084 1.3277
v 0.4238 7.3088 1.3476
v 0.2048 7.2754 1.3457
v 0.203 7.2751 1.369
v 0.43 7.2715 1.3132
v 0.4254 7.2662 1.3187
v 0.4202 7.2676 1.3512
v 0.4267 7.2712 1.3461
v 0.428 7.3019 1.3218
v 0.4297 7.3006 1.3437
v 0.2036 7.2715 1.3456
v 0.203 7.2683 1.3675
v 0.2706 7.3184 1.3657
v 0.3141 7.325 1.368
v 0.272 7.3243 1.396
v 0.2081 7.265 1.3445
v 0.2108 7.2625 1.366
v 0.2253 7.3443 1.362
v 0.2632 7.364 1.3704
v 0.3018 7.1882 1.3688
v 0.2597 7.1949 1.3643
v 0.42 7.222 1.337
v 0.3939 7.205 1.3506
v 0.4476 7.3071 1.3146
v 0.4513 7.2931 1.3105
v 0.3512 7.3748 1.3641
v 0.3865 7.3654 1.3528
v 0.2005 7.3228 1.3508
v 0.2294 7.2057 1.3554
v 0.4524 7.2794 1.3089
v 0.4121 7.3522 1.3403
v 0.1794 7.2874 1.3326
v 0.1867 7.3036 1.3411
v 0.2123 7.2149 1.3478
v 0.1983 7.2262 1.3405
v 0.451 7.2665 1.31
v 0.4298 7.3367 1.329
v 0.1765 7.2731 1.3271
v 0.4466 7.2544 1.3149
v 0.4383 7.2406 1.3229
v 0.4407 7.3218 1.3209
v 0.1776 7.2597 1.3273
v 0.3087 7.3751 1.371
v 0.1838 7.2438 1.3313
v 0.1645 7.254 1.3036
v 0.1625 7.2735 1.3056
v 0.2545 7.4005 1.3335
v 0.3044 7.4128 1.3329
v 0.4504 7.337 1.2885
v 0.4582 7.3174 1.2822
v 0.3512 7.4102 1.3266
v 0.1717 7.2316 1.3033
v 0.2124 7.375 1.3279
v 0.3007 7.1498 1.3276
v 0.2524 7.16 1.3247
v 0.4325 7.2013 1.2981
v 0.4042 7.1763 1.31
v 0.4623 7.2984 1.278
v 0.3895 7.3968 1.3171
v 0.1849 7.3449 1.3192
v 0.2209 7.1755 1.3185
v 0.4634 7.2793 1.2764
v 0.418 7.378 1.3066
v 0.164 7.2937 1.3074
v 0.1703 7.3172 1.3112
v 0.2021 7.1897 1.3131
v 0.1864 7.2069 1.3081
v 0.4617 7.2611 1.2775
v 0.4377 7.3573 1.2966
v 0.4576 7.2448 1.281
v 0.4495 7.2261 1.2875
v 0.3484 7.4299 1.2864
v 0.3879 7.4151 1.2797
v 0.1768 7.3603 1.2838
v 0.206 7.3944 1.2887
v 0.2495 7.1417 1.2827
v 0.2176 7.159 1.2801
v 0.466 7.3021 1.2474
v 0.4672 7.2793 1.2456
v 0.4177 7.3942 1.2718
v 0.1547 7.2993 1.2757
v 0.1612 7.3275 1.2792
v 0.198 7.1752 1.2775
v 0.1809 7.1953 1.2753
v 0.4652 7.2575 1.2459
v 0.4388 7.371 1.2639
v 0.1536 7.2749 1.2735
v 0.4608 7.2386 1.248
v 0.4528 7.2176 1.252
v 0.4527 7.3476 1.257
v 0.1564 7.2515 1.2725
v 0.2496 7.4215 1.2916
v 0.3004 7.4336 1.2908
v 0.4614 7.3248 1.2513
v 0.1647 7.2245 1.2732
v 0.2991 7.1301 1.2827
v 0.436 7.19 1.259
v 0.4069 7.1613 1.2678
v 0.2975 7.4404 1.2575
v 0.3444 7.437 1.2547
v 0.1627 7.2217 1.2492
v 0.1536 7.2511 1.2495
v 0.2055 7.4024 1.2571
v 0.2482 7.4286 1.2583
v 0.2976 7.125 1.2478
v 0.2489 7.1364 1.2502
v 0.434 7.1866 1.2293
v 0.405 7.1572 1.2352
v 0.4598 7.329 1.2278
v 0.4648 7.3044 1.2243
v 0.3837 7.4225 1.25
v 0.1758 7.3684 1.2551
v 0.2176 7.1535 1.2503
v 0.466 7.2795 1.2223
v 0.4139 7.4016 1.2443
v 0.1518 7.3037 1.2515
v 0.1591 7.3342 1.2531
v 0.198 7.1698 1.2499
v 0.1801 7.1906 1.2494
v 0.4637 7.2561 1.2219
v 0.4357 7.3779 1.2382
v 0.1505 7.2769 1.2503
v 0.459 7.2362 1.2229
v 0.4508 7.2147 1.2251
v 0.4505 7.3534 1.2326
v 0.4312 7.3809 1.2183
v 0.4465 7.3563 1.214
v 0.4563 7.3314 1.2101
v 0.4616 7.3061 1.2068
v 0.4628 7.2804 1.2047
v 0.4603 7.2565 1.2039
v 0.1629 7.2219 1.23
v 0.1536 7.2523 1.2311
v 0.4555 7.2365 1.204
v 0.4472 7.2153 1.2048
v 0.4305 7.1877 1.2068
v 0.4017 7.1585 1.2103
v 0.2959 7.1263 1.2212
v 0.2484 7.1373 1.2256
v 0.3403 7.4379 1.23
v 0.3788 7.4244 1.2269
v 0.218 7.1537 1.2277
v 0.2073 7.4045 1.2328
v 0.2481 7.4292 1.2327
v 0.1505 7.2794 1.2317
v 0.1524 7.3074 1.2321
v 0.1605 7.3385 1.2324
v 0.1987 7.1696 1.2286
v 0.1807 7.1903 1.2291
v 0.1779 7.3721 1.2326
v 0.2951 7.4406 1.2319
v 0.409 7.4043 1.2228
v 0.403 7.4044 1.2029
v 0.4254 7.3817 1.1998
v 0.1552 7.3105 1.2136
v 0.1642 7.3413 1.2128
v 0.1819 7.3733 1.212
v 0.2186 7.1574 1.2067
v 0.1999 7.1726 1.2087
v 0.294 7.1317 1.1969
v 0.248 7.1419 1.2028
v 0.2102 7.4033 1.211
v 0.2488 7.4262 1.2097
v 0.4579 7.2821 1.1881
v 0.4554 7.2583 1.187
v 0.3362 7.4354 1.2077
v 0.3733 7.4232 1.2057
v 0.4505 7.2388 1.1864
v 0.4411 7.3577 1.1967
v 0.2931 7.4373 1.2087
v 0.1553 7.2548 1.2134
v 0.1527 7.2822 1.214
v 0.4256 7.1916 1.186
v 0.3971 7.1631 1.1875
v 0.4511 7.3332 1.1935
v 0.1645 7.2244 1.2117
v 0.4566 7.3079 1.1905
v 0.4422 7.2184 1.186
v 0.4472 7.2614 1.1679
v 0.4425 7.243 1.1669
v 0.4173 7.3801 1.1792
v 0.433 7.3573 1.1774
v 0.2148 7.3988 1.188
v 0.2506 7.4194 1.1859
v 0.1688 7.2291 1.1905
v 0.1599 7.2586 1.1929
v 0.1578 7.2851 1.1935
v 0.4178 7.1986 1.1637
v 0.3899 7.1715 1.1637
v 0.443 7.3341 1.1749
v 0.2919 7.4299 1.1848
v 0.332 7.429 1.1846
v 0.1611 7.3126 1.1924
v 0.2488 7.1508 1.1782
v 0.2207 7.1648 1.1835
v 0.4483 7.3098 1.1717
v 0.1708 7.3423 1.191
v 0.1883 7.372 1.1898
v 0.4343 7.2238 1.1654
v 0.4495 7.2845 1.1691
v 0.3666 7.4185 1.1834
v 0.395 7.4014 1.1813
v 0.2028 7.1788 1.1864
v 0.2927 7.1419 1.1714
v 0.1715 7.2638 1.1649
v 0.1699 7.288 1.1655
v 0.4041 7.2103 1.1382
v 0.3784 7.1864 1.1373
v 0.4192 7.3533 1.1525
v 0.4284 7.3326 1.1505
v 0.2925 7.4158 1.1569
v 0.3278 7.4157 1.1573
v 0.174 7.3133 1.1641
v 0.2537 7.1668 1.1491
v 0.2277 7.1783 1.1548
v 0.4329 7.3104 1.1473
v 0.184 7.3404 1.1626
v 0.2004 7.3665 1.1618
v 0.4199 7.2324 1.1408
v 0.4339 7.287 1.1448
v 0.358 7.4072 1.1566
v 0.3834 7.3924 1.1548
v 0.2241 7.3892 1.1601
v 0.2112 7.1904 1.158
v 0.2931 7.1602 1.1428
v 0.432 7.2658 1.1438
v 0.4042 7.3734 1.1534
v 0.2558 7.4065 1.1577
v 0.4278 7.2493 1.1429
v 0.1799 7.2367 1.162
v 0.3434 7.2524 1.0903
v 0.3378 7.2421 1.0915
v 0.379 7.2281 1.1108
v 0.3918 7.2447 1.1125
v 0.3983 7.2578 1.1136
v 0.4014 7.2713 1.1138
v 0.3452 7.2735 1.088
v 0.3455 7.2619 1.0892
v 0.2454 7.3704 1.1258
v 0.2269 7.3536 1.1259
v 0.2757 7.3384 1.0971
v 0.2835 7.3492 1.1001
v 0.3352 7.3399 1.0963
v 0.3403 7.3284 1.0933
v 0.3917 7.3422 1.1205
v 0.3796 7.358 1.1216
v 0.2971 7.19 1.1141
v 0.3329 7.1955 1.1119
v 0.3237 7.2209 1.0968
v 0.3037 7.2178 1.0975
v 0.3634 7.3726 1.1231
v 0.3289 7.35 1.0997
v 0.2947 7.2247 1.0952
v 0.2679 7.1944 1.117
v 0.3306 7.2311 1.0938
v 0.3595 7.2101 1.1106
v 0.2934 7.3575 1.1028
v 0.3025 7.3647 1.1062
v 0.2965 7.3902 1.1257
v 0.2694 7.3828 1.1252
v 0.3431 7.3156 1.0906
v 0.3989 7.3257 1.1187
v 0.3174 7.3651 1.1066
v 0.3228 7.3581 1.103
v 0.3447 7.384 1.1251
v 0.3232 7.3906 1.1264
v 0.2758 7.2491 1.0906
v 0.2684 7.2645 1.0897
v 0.2091 7.2488 1.1234
v 0.2221 7.2258 1.1221
v 0.2869 7.2318 1.0935
v 0.2475 7.2023 1.12
v 0.2638 7.2802 1.0899
v 0.2016 7.2709 1.1257
v 0.402 7.3077 1.1162
v 0.3441 7.3018 1.0885
v 0.2816 7.2391 1.092
v 0.2344 7.2114 1.1216
v 0.3446 7.2873 1.0876
v 0.4026 7.2886 1.1143
v 0.263 7.2951 1.0906
v 0.2005 7.2908 1.1264
v 0.2137 7.3333 1.1254
v 0.2047 7.3115 1.1257
v 0.2654 7.3101 1.0918
v 0.2699 7.325 1.0941
v 0.3412 7.1672 1.1387
v 0.5599 7.1351 1.2453
v 0.5864 7.1073 1.2137
v 0.6656 6.8737 0.831
v 0.6525 6.8231 0.5952
v 0.5333 7.1598 1.2713
v 0.4668 7.2202 1.3182
v 0.4529 7.2326 1.3344
v 0.4422 7.2435 1.3469
v 0.4313 7.2544 1.3572
v 0.425 7.2618 1.3647
v 1.1458 5.6281 0.3861
v 1.1027 5.5862 0.5304
v 1.4147 5.629 0.5973
v 1.4854 5.7009 0.4304
v 1.7436 5.5803 0.6205
v 1.8279 5.6297 0.4514
v 1.9357 5.4027 0.6075
v 2.0454 5.433 0.4469
v 2.0698 5.2479 0.557
v 2.1812 5.2854 0.4275
v 2.17 5.1371 0.5338
v 2.2697 5.1741 0.4077
v 2.3195 5.075 0.3912
v 2.2211 5.0421 0.5104
v 2.2644 4.965 0.4923
v 2.3698 4.9951 0.3797
v 2.3071 4.882 0.4863
v 2.4234 4.9079 0.3752
v 2.3714 4.7905 0.4964
v 2.4919 4.8083 0.3771
v 2.4517 4.663 0.5009
v 2.556 4.6816 0.3791
v 1.0353 5.5373 0.6586
v 1.3198 5.5422 0.7237
v 1.5842 5.4897 0.7269
v 1.769 5.3543 0.6999
v 1.899 5.2051 0.6451
v 1.9938 5.0928 0.6025
v 2.0541 5.0016 0.5718
v 2.1009 4.9212 0.554
v 2.1469 4.8432 0.5486
v 2.2096 4.7442 0.5574
v 2.2896 4.6217 0.5677
v 1.0064 5.3488 0.8939
v 0.7773 5.238 0.9696
v 1.0963 5.201 0.9542
v 1.2589 5.3046 0.8893
v 1.3256 5.1312 0.9088
v 1.4565 5.2245 0.8566
v 1.4686 5.0218 0.8345
v 1.5915 5.108 0.7934
v 1.5712 4.9218 0.7413
v 1.6844 4.998 0.7181
v 1.7362 4.9045 0.64
v 1.6193 4.8439 0.6373
v 1.6511 4.7806 0.5225
v 1.7773 4.8405 0.5673
v 1.6775 4.7051 0.3767
v 1.8164 4.7817 0.503
v 1.7643 4.645 0.3247
v 1.8841 4.6915 0.4761
v 1.8854 4.5041 0.3204
v 2.007 4.5364 0.4691
v 0.4788 5.1876 0.9899
v 0.2484 5.153 0.9901
v 0.2531 5.047 1.0353
v 0.4828 5.0633 1.0449
v 0.7189 5.0995 1.041
v 0.9875 5.0879 1.0141
v 1.2232 5.023 0.9587
v 1.3826 4.9169 0.8732
v 1.4871 4.8248 0.7661
v 1.5277 4.759 0.645
v 1.5485 4.7022 0.5106
v 1.5653 4.6433 0.3581
v 1.5733 4.5736 0.1894
v 1.6444 4.6032 0.1899
v 1.7209 4.5712 0.1721
v 1.8107 4.473 0.1606
v 0.1109 5.0309 1.0294
v 0.1115 5.1356 0.9866
v 0.6663 4.9882 1.1028
v 0.9082 4.9832 1.0748
v 1.1491 4.9221 1.0159
v 1.3219 4.8229 0.9211
v 1.4185 4.7358 0.8037
v 1.4534 4.6688 0.6712
v 1.4739 4.6145 0.5249
v 1.4966 4.5695 0.3649
v 1.6472 4.5226 0.0345
v 1.7195 4.4917 0.034
v 0.6162 4.8702 1.1542
v 0.8448 4.875 1.1423
v 1.0991 4.8164 1.0883
v 1.2747 4.7176 0.985
v 1.3588 4.635 0.8591
v 1.3884 4.5668 0.7181
v 1.4139 4.5084 0.5613
v 1.4473 4.4697 0.391
v 1.4857 4.4293 0.2095
v 1.5235 4.5165 0.1942
v 0.5856 4.7668 1.2001
v 0.8051 4.7557 1.1984
v 1.0615 4.6927 1.155
v 1.233 4.5923 1.0586
v 1.2994 4.5138 0.9343
v 1.321 4.4491 0.7876
v 1.3505 4.3776 0.6172
v 1.4014 4.3359 0.4345
v 1.4538 4.3057 0.2336
v 0.1128 4.6322 1.193
v 0.116 4.763 1.1401
v 0.5546 4.6146 1.2645
v 0.7666 4.6146 1.2622
v 1.0233 4.5577 1.2219
v 1.1837 4.4574 1.1453
v 1.2372 4.3582 1.0374
v 1.2541 4.2976 0.8895
v 1.272 4.2084 0.6892
v 1.3602 4.1518 0.4899
v 1.4227 4.1293 0.2658
v 0.0706 4.3967 1.2853
v 0.1134 4.9256 1.0677
v 0.5396 5.5856 0.5004
v 0.6061 5.6219 0.4273
v 1.1767 5.6457 0.2522
v 1.5132 5.7281 0.2635
v 1.8529 5.6398 0.268
v 2.0885 5.4436 0.2634
v 2.2172 5.2975 0.2559
v 2.2975 5.1891 0.249
v 2.3535 5.0911 0.2441
v 2.4127 5.0065 0.2413
v 2.4795 4.9137 0.2457
v 2.531 4.802 0.2457
v 2.5988 4.6789 0.2344
v 0.2474 4.9388 1.0714
v 0.1826 4.4623 1.2714
v 0.2101 4.6719 1.1882
v 0.6124 5.3568 0.9182
v 0.4149 5.2997 0.9379
v 0.2327 4.8001 1.1346
v 0.2466 5.2731 0.9528
v 0.7813 5.4113 0.842
v 0.2468 5.5158 0.7787
v 0.3326 5.5361 0.7395
v 0.1607 5.5059 0.7896
v 0.403 5.5425 0.6597
v 0.8818 5.6041 0.3556
v 0.8221 5.5537 0.4624
v 0.6542 5.6516 0.3435
v 0.6953 5.6802 0.2801
v 0.7177 5.8268 -0.1401
v 0.6346 5.8452 -0.2243
v 0.237 5.8399 -0.3157
v 0.111 5.8324 -0.2981
v 0.7589 5.796 -0.056
v 0.3671 5.8427 -0.3271
v 0.7739 5.7679 0.0286
v 0.7422 5.7199 0.2011
v 0.769 5.7526 0.1148
v 0.494 5.8395 -0.2996
v 0.9908 5.7049 0.0565
v 0.9847 5.7208 -0.0378
v 0.5931 5.7292 -0.3708
v 0.4364 5.7266 -0.3964
v 0.9687 5.6796 0.1573
v 0.7619 5.748 -0.2953
v 0.8746 5.7291 -0.21
v 0.9389 5.7177 -0.1257
v 0.2863 5.7218 -0.3921
v 0.1355 5.7087 -0.3601
v 1.0063 5.6557 -0.2786
v 0.8818 5.6505 -0.3534
v 0.7001 5.622 -0.4171
v 0.5183 5.6104 -0.4509
v 1.22 5.6942 0.1311
v 1.2191 5.6938 0.0097
v 0.3405 5.5998 -0.4633
v 1.1898 5.6969 -0.1029
v 0.1611 5.5818 -0.4221
v 1.1125 5.676 -0.1988
v 0.7488 5.5173 0.5396
v 0.3389 5.4135 0.8763
v 0.4531 5.4333 0.8199
v 0.2185 5.3934 0.8915
v 0.5484 5.4443 0.7189
v 0.9323 5.6513 0.2561
v 0.0565 5.4729 0.7621
v 0.1013 5.3707 0.8769
v 0.1165 5.2563 0.951
v 0.436 4.8493 1.138
v 0.4604 4.9573 1.0859
v 0.4027 4.7315 1.1882
v 0.3661 4.5748 1.2496
v 0.1787 5.4486 -0.4669
v 1.5026 5.7251 -0.0418
v 1.4178 5.6691 -0.1728
v 0.592 5.4919 -0.483
v 0.386 5.4722 -0.4981
v 1.2859 5.6211 -0.2744
v 1.1301 5.5738 -0.345
v 0.9587 5.5415 -0.4032
v 0.779 5.5129 -0.4524
v 1.5373 5.7422 0.1086
v 1.2508 5.4769 -0.408
v 1.0261 5.4289 -0.4565
v 0.8225 5.3933 -0.4954
v 0.6334 5.3698 -0.5117
v 1.8793 5.6465 0.0882
v 1.8305 5.6384 -0.091
v 0.1739 5.3164 -0.4908
v 1.664 5.5891 -0.2357
v 0.3976 5.34 -0.5186
v 1.47 5.5413 -0.3424
v 1.0679 5.2956 -0.5041
v 1.3763 5.3371 -0.4563
v 1.2765 5.1646 -0.5047
v 1.0407 5.1416 -0.5437
v 0.8634 4.3925 -0.481
v 1.0652 4.3834 -0.4859
v 1.004 4.2307 -0.3931
v 0.8253 4.2431 -0.4214
v 1.2074 5.0053 -0.5246
v 1.0054 4.9858 -0.5789
v 0.9248 4.6727 -0.554
v 1.1313 4.6825 -0.5223
v 1.1094 4.5175 -0.5471
v 0.8885 4.5322 -0.5183
v 0.8298 5.2565 -0.5311
v 0.8141 5.1099 -0.559
v 0.6752 4.4088 -0.4445
v 0.6586 4.2518 -0.4221
v 0.7949 4.9624 -0.6077
v 0.7247 4.6808 -0.5247
v 0.692 4.5468 -0.4575
v 0.6079 5.2198 -0.4923
v 0.5833 5.0748 -0.4695
v 0.5189 4.4109 -0.4689
v 0.5093 4.256 -0.4451
v 0.569 4.9335 -0.4852
v 0.5397 4.675 -0.4943
v 0.5283 4.5484 -0.4855
v 0.3955 5.2006 -0.53
v 0.3904 5.0515 -0.5217
v 0.3615 4.4116 -0.4727
v 0.3604 4.258 -0.4467
v 0.3834 4.9118 -0.5292
v 0.3685 4.6679 -0.508
v 0.363 4.5457 -0.4886
v 0.1915 5.1794 -0.511
v 0.1977 5.034 -0.52
v 0.2015 4.4259 -0.4626
v 0.2023 4.2552 -0.4384
v 0.1974 4.8893 -0.5167
v 0.1936 4.6654 -0.4941
v 0.1956 4.5517 -0.4791
v 2.093 5.4451 0.0744
v 2.0026 5.4596 -0.1072
v 1.8645 5.4557 -0.2671
v 1.6517 5.4272 -0.3794
v 1.8196 4.8598 -0.3706
v 1.8869 4.7752 -0.3516
v 1.7898 4.7234 -0.3372
v 1.7219 4.7859 -0.3647
v 2.226 5.3077 0.0707
v 2.1405 5.3193 -0.1101
v 1.2743 4.5153 -0.4221
v 1.4297 4.4891 -0.2976
v 1.3746 4.3408 -0.2607
v 1.2313 4.371 -0.3779
v 2.0139 5.3247 -0.2654
v 1.3233 4.1986 -0.2172
v 1.1808 4.2193 -0.3204
v 1.8285 5.3127 -0.3728
v 1.733 4.9766 -0.3954
v 1.6251 4.8963 -0.3983
v 1.5241 4.5352 -0.2525
v 1.5535 4.4525 -0.1285
v 1.5072 4.3858 -0.1377
v 1.4279 4.6732 -0.3794
v 1.525 4.6616 -0.3302
v 2.3047 5.2036 0.0746
v 2.2433 5.2067 -0.1072
v 1.461 4.2828 -0.1194
v 2.1079 5.2094 -0.2471
v 1.41 4.1578 -0.0897
v 1.9453 5.1969 -0.3468
v 1.7718 5.155 -0.4035
v 1.6225 5.2535 -0.4347
v 1.6269 5.0723 -0.429
v 1.4798 5.1383 -0.4667
v 1.6067 4.629 -0.295
v 1.5913 4.5406 -0.2233
v 1.5972 4.4851 -0.1144
v 2.3646 5.1093 0.0798
v 2.2995 5.1128 -0.0915
v 2.1763 5.1094 -0.2341
v 2.0219 5.086 -0.3197
v 1.8681 5.045 -0.3725
v 2.0049 4.8236 -0.3405
v 1.9438 4.9283 -0.349
v 1.6862 4.5839 -0.2698
v 1.6628 4.5143 -0.2018
v 1.6559 4.4797 -0.0995
v 2.4832 4.9195 0.0795
v 2.4009 4.9096 -0.0764
v 2.3498 5.0166 -0.0808
v 2.4186 5.0169 0.0819
v 1.5484 4.465 0.0266
v 1.5894 4.5102 0.0293
v 2.285 4.8919 -0.2028
v 2.2289 5.0065 -0.2159
v 2.1444 4.8641 -0.2903
v 2.0849 4.9743 -0.2983
v 2.0921 4.6936 -0.3058
v 1.9823 4.665 -0.3168
v 1.777 4.5144 -0.2492
v 1.7491 4.4567 -0.1841
v 1.7344 4.4361 -0.0815
v 2.5287 4.8019 0.0791
v 2.464 4.7949 -0.0837
v 2.3477 4.768 -0.2036
v 2.2172 4.7289 -0.274
v 2.3085 4.5791 -0.2659
v 2.1981 4.5377 -0.2997
v 2.101 4.5088 -0.2902
v 1.8804 4.4118 -0.2272
v 1.848 4.3637 -0.1583
v 1.8222 4.3406 -0.0774
v 2.5914 4.675 0.0791
v 2.5332 4.6615 -0.0789
v 1.8088 4.4177 0.0459
v 2.4268 4.6222 -0.1961
v 1.4804 4.2827 0.0406
v 1.5175 4.3895 0.0272
v 1.5226 4.9591 -0.4327
v 1.8911 4.6298 -0.2964
v 2.0166 4.4814 -0.2831
v 1.2956 4.6823 -0.4514
v 1.4402 4.1375 0.0608
v 1.3846 4.999 -0.4763
v 1.9805 4.2287 -0.1447
v 1.9625 4.2193 -0.0583
v 2.6857 4.5356 0.0864
v 2.6344 4.5162 -0.0674
v 2.5525 4.505 0.5128
v 2.6528 4.5329 0.3895
v 1.9497 4.2525 0.0498
v 2.1516 4.2989 -0.2804
v 2.2336 4.3326 -0.2861
v 2.5314 4.4748 -0.1864
v 2.4257 4.4518 0.5692
v 2.424 4.4194 -0.2524
v 2.6938 4.5419 0.2334
v 2.3225 4.3691 -0.2932
v 2.038 4.3124 0.3484
v 2.1552 4.3393 0.4783
v 2.0258 4.2562 -0.1957
v 1.9799 4.2816 0.1825
v 2.1342 4.0421 -0.1334
v 2.1194 4.0436 -0.0508
v 2.797 4.3884 0.103
v 2.7537 4.3634 -0.0522
v 2.552 4.2606 0.5713
v 2.6692 4.3438 0.5238
v 2.1145 4.0411 0.0465
v 2.6624 4.3134 -0.1726
v 2.1586 4.072 0.184
v 2.5586 4.2543 -0.2484
v 2.7976 4.3978 0.2588
v 2.4646 4.2026 -0.2896
v 2.2313 4.1119 0.355
v 2.3068 4.1609 0.4845
v 2.2969 4.1189 -0.2741
v 2.3802 4.1608 -0.2826
v 2.1768 4.0648 -0.1827
v 2.7627 4.3855 0.4209
v 2.2809 3.8824 -0.0387
v 2.2737 3.8736 0.0611
v 2.8793 4.2161 -0.0235
v 2.7891 4.1676 -0.1473
v 2.3086 3.9066 0.2036
v 2.7035 4.108 -0.2271
v 2.9053 4.2671 0.2902
v 2.9129 4.2469 0.1399
v 2.6144 4.0493 -0.2715
v 2.368 3.9489 0.3558
v 2.4605 3.9737 0.4817
v 2.4553 3.9675 -0.2589
v 2.5365 4.0109 -0.2669
v 2.3353 3.9127 -0.1707
v 2.3019 3.8933 -0.1119
v 2.8751 4.247 0.4415
v 2.7831 4.1759 0.5425
v 2.6851 4.0824 0.5857
v 2.3945 3.7273 0.0682
v 2.4385 3.7492 0.2136
v 2.9157 4.0381 -0.1031
v 2.8469 3.9781 -0.1875
v 3.0057 4.1445 0.3208
v 3.0151 4.1221 0.179
v 2.7683 3.9226 -0.2378
v 2.5092 3.7759 0.3592
v 2.5871 3.8162 0.4856
v 2.6047 3.8381 -0.2357
v 2.6935 3.8775 -0.244
v 2.4623 3.7745 -0.1589
v 2.4293 3.7523 -0.107
v 2.9627 4.1214 0.4593
v 2.8676 4.0442 0.5584
v 2.407 3.7387 -0.038
v 2.9934 4.0928 0.0283
v 2.7749 3.966 0.5855
v 0.7908 3.7674 1.5937
v 0.7804 3.7486 1.5931
v 0.8008 3.7433 1.5887
v 0.8026 3.7643 1.5911
v 0.8271 3.8125 1.5792
v 0.8433 3.8263 1.5708
v 0.827 3.8384 1.5723
v 0.8177 3.8196 1.5803
v 0.8213 3.7456 1.5839
v 0.8146 3.7656 1.5883
v 0.8061 3.8227 1.5818
v 0.807 3.8437 1.5752
v 0.8392 3.7552 1.5787
v 0.825 3.7712 1.5849
v 0.7866 3.8414 1.5795
v 0.7943 3.8213 1.5846
v 0.8514 3.7707 1.5748
v 0.832 3.7802 1.5823
v 0.7733 3.7958 1.5928
v 0.7505 3.7974 1.593
v 0.7531 3.7779 1.5956
v 0.7748 3.7844 1.5941
v 0.7687 3.8317 1.584
v 0.7839 3.8157 1.5876
v 0.8565 3.7896 1.5721
v 0.8349 3.7912 1.5803
v 0.7636 3.7608 1.5958
v 0.7809 3.7744 1.5944
v 0.7765 3.8068 1.5905
v 0.756 3.8163 1.5895
v 0.8538 3.8091 1.5706
v 0.8332 3.8026 1.5793
v 0.7548 3.7097 1.5901
v 0.7961 3.6988 1.5802
v 0.8834 3.8678 1.5477
v 0.8501 3.8926 1.5505
v 0.8375 3.7036 1.5681
v 0.8094 3.9034 1.5558
v 0.8743 3.7232 1.5573
v 0.7678 3.8986 1.5644
v 0.8999 3.7546 1.5533
v 0.6943 3.8091 1.5927
v 0.6996 3.7693 1.5976
v 0.7312 3.879 1.5742
v 0.9102 3.7932 1.5494
v 0.7207 3.7344 1.5974
v 0.7054 3.8476 1.5843
v 0.9047 3.8329 1.5474
v 0.8785 4.0163 1.4926
v 0.794 4.0375 1.5046
v 0.8558 3.6552 1.5367
v 0.9266 3.695 1.5083
v 0.7068 4.029 1.5204
v 0.9837 3.752 1.4911
v 0.5543 3.8587 1.5741
v 0.5665 3.7826 1.5883
v 0.6303 3.992 1.5386
v 1.004 3.8256 1.4839
v 0.6116 3.7156 1.5933
v 0.5765 3.9322 1.5535
v 0.9919 3.9017 1.4766
v 0.6838 3.6679 1.5862
v 0.9483 3.9686 1.4874
v 0.7689 3.6466 1.5583
v 0.9839 4.0437 1.4404
v 1.0195 4.1189 1.3918
v 0.909 4.2166 1.4042
v 0.8935 4.1059 1.4513
v 0.751 3.6144 1.5416
v 0.7253 3.5847 1.5201
v 0.8685 3.5972 1.4613
v 0.8634 3.6235 1.5069
v 0.7822 4.1335 1.4622
v 0.7709 4.2531 1.405
v 0.9984 3.6495 1.3857
v 0.9608 3.6709 1.4533
v 0.6264 4.25 1.4163
v 0.6677 4.1224 1.4785
v 1.086 3.752 1.3436
v 1.0256 3.75 1.4332
v 0.4689 3.9006 1.5475
v 0.3627 3.942 1.5098
v 0.3826 3.8197 1.5371
v 0.4851 3.8016 1.5709
v 0.488 4.183 1.4381
v 0.5676 4.0743 1.4993
v 1.1016 3.8896 1.3314
v 1.0528 3.8576 1.4125
v 0.4471 3.7122 1.5576
v 0.545 3.7143 1.5826
v 0.498 3.9964 1.5211
v 0.39 4.0705 1.471
v 1.0865 4.0115 1.3543
v 1.0392 3.9566 1.4127
v 0.5588 3.6201 1.5524
v 0.6255 3.6471 1.5768
v 0.9386 4.323 1.347
v 0.7553 4.3683 1.3505
v 0.8853 3.5564 1.4131
v 1.0231 3.6217 1.317
v 0.5829 4.354 1.3652
v 1.137 3.7494 1.2261
v 0.2371 3.9891 1.4534
v 0.2661 3.8271 1.4963
v 0.425 4.2847 1.3812
v 1.1453 3.9257 1.2267
v 0.3671 3.6843 1.5355
v 0.2845 4.1454 1.4131
v 1.1559 4.122 1.2462
v 0.4972 3.5885 1.5389
v 1.0689 4.2357 1.3128
v 0.7051 3.5378 1.4892
v 1.1355 4.3458 1.2382
v 0.9902 4.4403 1.2882
v 0.6946 3.4638 1.4852
v 0.9274 3.4748 1.3416
v 0.7429 4.5114 1.3011
v 1.0618 3.5846 1.2004
v 0.5626 4.4938 1.3123
v 1.1215 3.7589 1.0853
v 0.1233 4.022 1.4235
v 0.1476 3.8174 1.4848
v 0.3838 4.4071 1.3224
v 1.1658 3.9736 1.1083
v 0.2724 3.6315 1.5367
v 0.1703 4.2239 1.3608
v 1.1947 4.2089 1.1406
v 0.4507 3.5262 1.5437
v 0.0662 4.2142 1.359
v 0.0609 4.0123 1.4244
v 0.0885 3.803 1.4908
v 0.1421 3.621 1.5438
v 1.2272 4.1127 0.9289
v 1.2784 4.03 0.7541
v 4.5195 1.95 2.9073
v 4.5557 1.9592 2.8993
v 4.5551 1.9733 2.8727
v 4.516 1.9666 2.8845
v 4.6124 1.8692 2.8165
v 4.5952 1.8428 2.7999
v 4.5956 1.855 2.7847
v 4.6123 1.8871 2.8022
v 4.601 1.9381 2.8708
v 4.6241 1.8994 2.8404
v 4.6165 1.9215 2.8228
v 4.6014 1.9569 2.8486
v 4.5762 2.0198 2.7337
v 4.5906 1.9833 2.6977
v 4.5888 2.0018 2.6731
v 4.5745 2.0353 2.7086
v 4.5019 2.0421 2.7663
v 4.5419 2.0376 2.759
v 4.54 2.054 2.7338
v 4.5025 2.0565 2.745
v 4.5878 1.9507 2.6775
v 4.5701 1.9204 2.6615
v 4.5626 1.9102 2.6325
v 4.5796 1.9571 2.6384
v 4.5087 1.8274 3.0339
v 4.5496 1.832 3.0277
v 4.555 1.8778 2.9757
v 4.511 1.8758 2.9815
v 4.5996 1.7572 2.9659
v 4.5807 1.7323 2.9503
v 4.579 1.7736 2.8901
v 4.5986 1.7957 2.9125
v 4.5861 1.8189 3.0136
v 4.6025 1.7902 2.9902
v 4.6047 1.8276 2.9362
v 4.5907 1.863 2.961
v 4.449 1.8797 2.9141
v 4.4462 1.8318 2.9552
v 4.4646 1.8516 2.9726
v 4.4646 1.8938 2.9296
v 4.5964 1.9702 2.8264
v 4.6054 1.9362 2.7977
v 4.4481 1.9324 2.8552
v 4.4503 1.9235 2.87
v 4.4677 1.9447 2.8794
v 4.4661 1.9566 2.8632
v 4.4166 1.991 2.7381
v 4.4232 1.9751 2.7659
v 4.4414 1.9985 2.7835
v 4.4336 2.0131 2.7588
v 4.5521 1.8813 2.7141
v 4.5471 1.901 2.6738
v 4.5762 1.9178 2.6807
v 4.5848 1.9029 2.7176
v 4.5496 1.7147 2.9435
v 4.5521 1.7581 2.8771
v 4.5399 1.9068 2.6522
v 4.5352 1.8945 2.6121
v 4.5563 1.8211 2.7918
v 4.5572 1.8311 2.7748
v 4.4866 1.8664 2.9792
v 4.484 1.9027 2.9408
v 4.4692 2.0157 2.7915
v 4.4633 2.0315 2.7688
v 4.4781 1.9964 2.8216
v 4.4545 1.9812 2.8169
v 4.513 1.9784 2.8638
v 4.551 1.9846 2.8523
v 4.606 1.9071 2.7794
v 4.5935 1.8744 2.7595
v 4.598 1.7062 3.0293
v 4.6004 1.7403 3.0524
v 4.5992 1.7229 3.0682
v 4.5983 1.6829 3.0522
v 4.5863 1.7693 3.0723
v 4.5484 1.7821 3.088
v 4.55 1.7676 3.1006
v 4.5846 1.7541 3.0844
v 4.4768 1.6518 3.1709
v 4.4838 1.6914 3.156
v 4.4715 1.7199 3.1134
v 4.4654 1.6981 3.1188
v 4.4982 1.7752 3.0889
v 4.4785 1.7595 3.0881
v 4.4806 1.7369 3.1118
v 4.5022 1.758 3.1093
v 4.5123 1.7444 3.1277
v 4.4927 1.7156 3.1436
v 4.5074 1.6923 3.174
v 4.5229 1.7287 3.1452
v 4.5186 1.6502 3.2063
v 4.5182 1.6845 3.1803
v 4.5043 1.6539 3.1995
v 4.5749 1.6034 3.1006
v 4.5886 1.6336 3.0824
v 4.5962 1.6295 3.1179
v 4.593 1.5986 3.1435
v 4.5209 1.6317 3.2147
v 4.5064 1.6322 3.2063
v 4.6009 1.6704 3.0814
v 4.5974 1.7113 3.0848
v 4.5938 1.7028 3.0944
v 4.5974 1.6638 3.0993
v 4.5728 1.5883 3.1821
v 4.5514 1.5996 3.2023
v 4.5384 1.5908 3.1998
v 4.5693 1.5798 3.1768
v 4.5814 1.741 3.0979
v 4.5516 1.753 3.1133
v 4.5497 1.7374 3.1249
v 4.5766 1.7278 3.1094
v 4.5712 1.7175 3.1134
v 4.5864 1.6907 3.101
v 4.5437 1.7234 3.1312
v 4.5021 1.794 2.832
v 4.497 1.7528 2.8811
v 4.4583 1.7771 2.8974
v 4.4614 1.8119 2.8523
v 4.4929 1.8396 2.7711
v 4.5021 1.8313 2.7926
v 4.4663 1.8487 2.8186
v 4.4603 1.8552 2.7991
v 4.479 1.9121 2.6572
v 4.4779 1.8945 2.6849
v 4.4397 1.9078 2.7054
v 4.4393 1.9227 2.6818
v 4.4963 1.5881 3.1677
v 4.5406 1.5743 3.1412
v 4.5895 1.6587 3.1111
v 4.5921 1.6293 3.1321
v 4.5932 1.6002 3.1572
v 4.5276 1.7102 3.1519
v 4.5124 1.594 3.0952
v 4.4761 1.6096 3.123
v 4.4706 1.6551 3.0631
v 4.5025 1.6377 3.0426
v 4.4676 1.7428 3.0882
v 4.4593 1.7216 3.0866
v 4.5607 1.6263 3.0564
v 4.5834 1.6518 3.0488
v 4.599 1.7206 3.0102
v 4.6016 1.7537 3.0389
v 4.5867 1.7813 3.0596
v 4.5487 1.7949 3.0741
v 4.4981 1.6777 2.9967
v 4.4699 1.6959 3.0141
v 4.4718 1.7158 2.9937
v 4.5005 1.698 2.9764
v 4.5816 2.008 2.7568
v 4.5873 1.9925 2.7876
v 4.5961 1.9579 2.76
v 4.5935 1.9748 2.7207
v 4.4352 1.9554 2.8062
v 4.5585 1.8475 2.751
v 4.4885 1.9683 2.8648
v 4.5022 2.025 2.7913
v 4.5068 2.0051 2.8179
v 4.5433 2.0077 2.8086
v 4.5425 2.023 2.7828
v 4.5916 1.9514 2.7015
v 4.596 1.9329 2.7397
v 4.488 1.8676 2.7274
v 4.4486 1.8849 2.7521
v 4.598 1.8946 2.9256
v 4.6141 1.8587 2.8891
v 4.6216 1.8792 2.8635
v 4.5999 1.9169 2.8951
v 4.5506 1.6794 2.9878
v 4.5764 1.6959 2.9931
v 4.5773 1.6717 3.0195
v 4.5531 1.6522 3.0185
v 4.6064 1.8321 2.8587
v 4.5897 1.8115 2.8391
v 4.5928 1.8279 2.8169
v 4.6101 1.8493 2.8365
v 4.4577 1.752 3.0486
v 4.4665 1.767 3.059
v 4.4686 1.7837 3.0439
v 4.4595 1.769 3.0327
v 4.4696 1.7942 3.0338
v 4.4812 1.7941 3.0511
v 4.484 1.8056 3.0407
v 4.4496 1.9109 2.8855
v 4.4497 1.8983 2.8988
v 4.4666 1.9136 2.9119
v 4.4664 1.9273 2.8966
v 4.5051 1.8231 2.8056
v 4.5023 1.8089 2.8186
v 4.4625 1.8253 2.8404
v 4.4639 1.8388 2.8304
v 4.558 1.9117 2.9449
v 4.5583 1.9357 2.9213
v 4.5137 1.9114 2.9483
v 4.5175 1.934 2.927
v 4.5516 1.7922 2.8271
v 4.5536 1.809 2.8064
v 4.489 1.9253 2.9198
v 4.4921 1.9407 2.9035
v 4.4971 1.7922 3.0694
v 4.4788 1.7807 3.064
v 4.5021 1.7094 2.9646
v 4.4743 1.7267 2.9812
v 4.4602 1.7798 3.0228
v 4.4914 1.9562 2.8828
v 4.5032 1.8146 3.0471
v 4.5496 1.8175 3.0476
v 4.6004 1.7445 2.9815
v 4.5796 1.72 2.9642
v 4.5871 1.8026 3.034
v 4.603 1.7773 3.0116
v 4.5504 1.7065 2.9553
v 4.4697 1.8057 3.0222
v 4.4855 1.8185 3.028
v 4.4994 1.7158 2.9497
v 4.4717 1.7343 2.9672
v 4.4588 1.7916 3.0118
v 4.4993 1.8029 3.059
v 4.5496 1.8063 3.0628
v 4.5996 1.7328 2.9948
v 4.5771 1.7099 2.9776
v 4.5874 1.7926 3.0483
v 4.6042 1.7656 3.0263
v 4.549 1.6978 2.968
v 4.442 1.8022 2.9244
v 4.4405 1.8446 2.8878
v 4.4463 1.888 2.8484
v 4.4405 1.8944 2.8321
v 4.4195 1.9389 2.741
v 4.4158 1.9545 2.7088
v 4.4798 1.6221 3.1775
v 4.4618 1.6496 3.1257
v 4.5289 1.6199 3.2146
v 4.5176 1.6136 3.2088
v 4.457 1.6828 3.0753
v 4.4288 1.9238 2.7862
v 4.4573 1.7147 3.0307
v 4.4583 1.7381 3.0131
v 4.443 1.8627 2.873
v 4.446 1.8771 2.8619
v 4.4597 1.7523 3.0004
v 4.4556 1.7605 2.986
v 4.525 1.8707 2.7159
v 4.5285 1.8433 2.7581
v 4.5082 1.9027 2.648
v 4.5132 1.8952 2.6726
v 4.5236 1.7038 2.9568
v 4.5235 1.695 2.9685
v 4.5826 1.5815 3.1623
v 4.5631 1.5829 3.1185
v 4.5307 1.828 2.7808
v 4.5295 1.8202 2.7971
v 4.5244 1.7527 2.8727
v 4.5226 1.71 2.9432
v 4.5391 1.6088 3.0699
v 4.5237 1.6389 3.0297
v 4.5287 1.7927 2.8291
v 4.5295 1.8073 2.81
v 4.5853 1.5897 3.1655
v 4.5221 1.6766 2.9866
v 4.5762 1.5988 3.1808
v 4.5568 1.609 3.2023
v 4.5623 1.7127 3.111
v 4.579 1.6872 3.1031
v 4.5364 1.6252 3.2074
v 4.5836 1.6557 3.112
v 4.5254 1.6452 3.2017
v 4.5213 1.6737 3.1776
v 4.5829 1.6272 3.1375
v 4.5834 1.6035 3.1613
v 4.5823 1.5981 3.1691
v 4.528 1.7041 3.1516
v 4.5307 1.6351 3.2083
v 4.5434 1.7148 3.1296
v 4.5615 1.6277 3.1898
v 4.5577 1.6177 3.1926
v 4.5653 1.6535 3.1685
v 4.5668 1.6735 3.1502
v 4.7147 1.7238 2.7735
v 4.7401 1.7265 2.7681
v 4.7401 1.754 2.751
v 4.7105 1.7483 2.7573
v 4.7977 1.6706 2.6759
v 4.7749 1.6412 2.6498
v 4.7705 1.659 2.6306
v 4.7942 1.6923 2.6532
v 4.7836 1.7188 2.7413
v 4.7996 1.6899 2.7065
v 4.7981 1.7185 2.681
v 4.7827 1.7457 2.7193
v 4.7316 1.8883 2.5793
v 4.7519 1.8581 2.5468
v 4.7513 1.8833 2.5084
v 4.7286 1.9068 2.56
v 4.6363 1.878 2.6293
v 4.6818 1.888 2.6125
v 4.6741 1.9232 2.5871
v 4.6005 1.9226 2.5922
v 4.7304 1.8145 2.5215
v 4.7054 1.7841 2.5021
v 4.6834 1.8084 2.4723
v 4.7048 1.8492 2.463
v 4.746 1.5639 2.9004
v 4.7646 1.5643 2.8961
v 4.7545 1.6107 2.8512
v 4.7246 1.6089 2.8586
v 4.8073 1.5089 2.8094
v 4.7928 1.4898 2.7941
v 4.7795 1.5316 2.7483
v 4.795 1.5541 2.7656
v 4.8048 1.5596 2.8647
v 4.8143 1.5336 2.8316
v 4.8044 1.5842 2.7925
v 4.7935 1.6083 2.8225
v 4.6483 1.6195 2.803
v 4.6599 1.5663 2.8388
v 4.6765 1.5891 2.8549
v 4.6692 1.639 2.8183
v 4.7738 1.7705 2.6963
v 4.7892 1.7413 2.6595
v 4.6339 1.7188 2.7212
v 4.6409 1.7046 2.7329
v 4.6589 1.7283 2.7498
v 4.6534 1.7432 2.7371
v 4.558 1.815 2.5889
v 4.5796 1.7865 2.6218
v 4.5939 1.8097 2.6415
v 4.5774 1.8394 2.6152
v 4.7026 1.7049 2.5465
v 4.6898 1.7268 2.5256
v 4.7241 1.7514 2.537
v 4.7334 1.7328 2.5561
v 4.7629 1.4671 2.7827
v 4.7434 1.5082 2.7377
v 4.6689 1.7614 2.489
v 4.6575 1.7778 2.4617
v 4.7457 1.6228 2.6353
v 4.7426 1.6384 2.6212
v 4.7001 1.6046 2.8585
v 4.6902 1.6475 2.8235
v 4.6206 1.8291 2.6586
v 4.5992 1.8578 2.6304
v 4.6377 1.8096 2.6812
v 4.6113 1.7893 2.6721
v 4.7046 1.767 2.7377
v 4.7297 1.7728 2.7284
v 4.7835 1.7095 2.6334
v 4.765 1.6787 2.6141
v 4.8191 1.4454 2.8641
v 4.8246 1.471 2.8867
v 4.8246 1.4502 2.9008
v 4.8265 1.4254 2.8858
v 4.8122 1.4932 2.9152
v 4.7825 1.5045 2.9407
v 4.7853 1.4855 2.9537
v 4.8113 1.474 2.9272
v 4.7398 1.3759 3.0306
v 4.7487 1.4075 3.0236
v 4.7325 1.4424 2.9889
v 4.7132 1.4034 2.9903
v 4.7607 1.5031 2.9501
v 4.7391 1.4912 2.9569
v 4.7494 1.468 2.9794
v 4.7667 1.4831 2.9686
v 4.7707 1.4672 2.9824
v 4.7566 1.445 2.9999
v 4.7733 1.4249 3.0151
v 4.7748 1.451 2.992
v 4.7874 1.3924 3.0343
v 4.7779 1.4197 3.0155
v 4.7767 1.395 3.0352
v 4.8181 1.35 2.9187
v 4.8277 1.3868 2.9049
v 4.8306 1.3794 2.9278
v 4.8331 1.3382 2.9508
v 4.7919 1.37 3.0451
v 4.7823 1.3651 3.0465
v 4.8302 1.4148 2.9014
v 4.8266 1.4427 2.9098
v 4.8244 1.4331 2.9184
v 4.8288 1.4048 2.9154
v 4.8295 1.3277 2.9951
v 4.818 1.3339 3.0208
v 4.8074 1.3213 3.0214
v 4.821 1.3128 2.9902
v 4.813 1.4679 2.9331
v 4.789 1.4762 2.9599
v 4.789 1.4617 2.9679
v 4.8103 1.4568 2.939
v 4.8054 1.4455 2.9435
v 4.8174 1.4268 2.9273
v 4.7862 1.449 2.9698
v 4.679 1.551 2.7168
v 4.6907 1.509 2.7584
v 4.6683 1.5253 2.7849
v 4.6535 1.5691 2.7475
v 4.6626 1.6462 2.6317
v 4.6716 1.6352 2.6443
v 4.6405 1.6557 2.6755
v 4.6328 1.6662 2.6623
v 4.603 1.7532 2.4902
v 4.6207 1.7238 2.5435
v 4.5891 1.7349 2.5708
v 4.5595 1.7666 2.5214
v 4.7614 1.31 3.001
v 4.7846 1.3016 2.9651
v 4.8249 1.4052 2.9245
v 4.8321 1.3744 2.9405
v 4.8355 1.3441 2.9648
v 4.7762 1.4403 2.9924
v 4.7475 1.3359 2.9176
v 4.72 1.34 2.9531
v 4.7027 1.3941 2.9032
v 4.7298 1.3844 2.8741
v 4.7222 1.4773 2.9567
v 4.7025 1.4537 2.9498
v 4.7969 1.3677 2.8888
v 4.8188 1.4002 2.8811
v 4.8153 1.4629 2.8483
v 4.8218 1.4845 2.873
v 4.8103 1.5061 2.906
v 4.7775 1.5176 2.931
v 4.7156 1.419 2.843
v 4.6914 1.4322 2.8688
v 4.6883 1.4521 2.8535
v 4.713 1.4381 2.828
v 4.7396 1.8548 2.6132
v 4.7503 1.8239 2.6418
v 4.7681 1.8001 2.6062
v 4.7596 1.8284 2.5776
v 4.5964 1.7675 2.6574
v 4.7359 1.6535 2.6069
v 4.6769 1.7564 2.7402
v 4.6558 1.8428 2.6589
v 4.6707 1.8219 2.6783
v 4.7056 1.8257 2.6685
v 4.6983 1.8537 2.641
v 4.747 1.79 2.553
v 4.7612 1.7662 2.5751
v 4.636 1.698 2.5693
v 4.5998 1.7149 2.6013
v 4.787 1.6479 2.7922
v 4.7994 1.6258 2.7619
v 4.7974 1.656 2.7366
v 4.7838 1.6774 2.7701
v 4.7711 1.4263 2.8247
v 4.8013 1.4462 2.8321
v 4.8071 1.4257 2.8513
v 4.7795 1.4028 2.8505
v 4.7906 1.599 2.7302
v 4.7752 1.5793 2.7092
v 4.7752 1.6157 2.6776
v 4.7912 1.6334 2.7046
v 4.693 1.4838 2.9236
v 4.7168 1.5039 2.9355
v 4.7099 1.5179 2.9218
v 4.6893 1.4995 2.9095
v 4.7052 1.5309 2.9094
v 4.7296 1.5254 2.9272
v 4.7246 1.5423 2.9131
v 4.6426 1.6918 2.7486
v 4.6425 1.6678 2.7695
v 4.6686 1.6847 2.7897
v 4.6628 1.7127 2.7647
v 4.6698 1.6202 2.6575
v 4.67 1.5954 2.6763
v 4.6406 1.6198 2.7071
v 4.6403 1.6394 2.6893
v 4.7465 1.6565 2.8136
v 4.746 1.6875 2.7898
v 4.7175 1.6548 2.8211
v 4.7173 1.6879 2.7971
v 4.7382 1.5517 2.6979
v 4.7469 1.5961 2.6608
v 4.6908 1.6894 2.7945
v 4.6873 1.7202 2.7726
v 4.7563 1.517 2.9382
v 4.7335 1.5121 2.9388
v 4.7126 1.4537 2.8174
v 4.6886 1.4692 2.8417
v 4.6876 1.5163 2.8951
v 4.6822 1.7394 2.7566
v 4.7482 1.5464 2.915
v 4.7676 1.5468 2.911
v 4.8109 1.4915 2.8234
v 4.7959 1.4746 2.8079
v 4.8099 1.5415 2.8799
v 4.8198 1.5148 2.8459
v 4.7653 1.4547 2.7976
v 4.7017 1.545 2.8982
v 4.7194 1.5569 2.9011
v 4.7127 1.4694 2.8057
v 4.6906 1.4851 2.8304
v 4.6853 1.5304 2.8837
v 4.7544 1.5318 2.9262
v 4.7714 1.529 2.9234
v 4.8135 1.4758 2.8367
v 4.7986 1.4595 2.8208
v 4.8099 1.5212 2.8947
v 4.8202 1.4957 2.8602
v 4.7673 1.4406 2.8104
v 4.658 1.5441 2.8145
v 4.6426 1.595 2.7797
v 4.6355 1.6845 2.7135
v 4.6272 1.6975 2.7018
v 4.5778 1.7658 2.606
v 4.5446 1.7952 2.5542
v 4.7431 1.3432 3.0284
v 4.7083 1.3703 2.9807
v 4.8025 1.3515 3.0385
v 4.79 1.3478 3.0428
v 4.6925 1.4235 2.9327
v 4.5905 1.745 2.6381
v 4.6817 1.4569 2.9014
v 4.6789 1.4765 2.8853
v 4.6332 1.6479 2.7416
v 4.6343 1.6693 2.729
v 4.6793 1.4921 2.8727
v 4.6802 1.5096 2.8608
v 4.673 1.6908 2.5496
v 4.7024 1.6436 2.6114
v 4.638 1.7567 2.4881
v 4.6596 1.7172 2.5278
v 4.7411 1.4502 2.802
v 4.7432 1.4344 2.8137
v 4.8301 1.3221 2.9666
v 4.8068 1.3157 2.9437
v 4.7079 1.6291 2.6267
v 4.7082 1.614 2.64
v 4.7184 1.4969 2.7397
v 4.7392 1.4631 2.7884
v 4.7702 1.3408 2.9049
v 4.7571 1.3896 2.8576
v 4.7102 1.5412 2.6969
v 4.7113 1.5866 2.6612
v 4.8328 1.3323 2.9807
v 4.7467 1.4178 2.8279
v 4.8267 1.3336 2.9973
v 4.8206 1.3431 3.0176
v 4.802 1.4399 2.9464
v 4.8131 1.4248 2.9286
v 4.8076 1.3534 3.0292
v 4.8225 1.4027 2.9304
v 4.7915 1.3821 3.0307
v 4.7839 1.4103 3.0113
v 4.8276 1.3739 2.9507
v 4.8325 1.346 2.9713
v 4.83 1.3362 2.9858
v 4.7795 1.4352 2.991
v 4.7988 1.3687 3.0367
v 4.7854 1.4443 2.9688
v 4.8175 1.366 3.0035
v 4.8199 1.3517 3.012
v 4.8118 1.3927 2.9828
v 4.8069 1.4163 2.9646
v 4.815 1.6766 2.5312
v 4.8535 1.6769 2.5143
v 4.8427 1.6928 2.5041
v 4.8126 1.6903 2.5204
v 4.8836 1.6212 2.4272
v 4.8674 1.6017 2.4105
v 4.8609 1.6209 2.4009
v 4.8746 1.6399 2.4162
v 4.8836 1.6618 2.4814
v 4.8895 1.6388 2.4504
v 4.8799 1.6595 2.4371
v 4.8738 1.6829 2.4692
v 4.8153 1.8043 2.3939
v 4.828 1.7915 2.3573
v 4.8253 1.8174 2.3331
v 4.8076 1.8305 2.3787
v 4.7457 1.7931 2.4506
v 4.7817 1.8029 2.4292
v 4.7653 1.8347 2.4193
v 4.7107 1.8265 2.4273
v 4.8154 1.7648 2.3216
v 4.7827 1.7267 2.2982
v 4.7411 1.7434 2.2661
v 4.8018 1.8164 2.2809
v 4.8633 1.494 2.627
v 4.8845 1.4946 2.6149
v 4.8716 1.5607 2.5761
v 4.8476 1.5621 2.5873
v 4.909 1.454 2.5326
v 4.8984 1.4404 2.5214
v 4.8837 1.4995 2.4828
v 4.8966 1.5143 2.4974
v 4.9163 1.4849 2.577
v 4.9154 1.4689 2.5471
v 4.9046 1.529 2.5135
v 4.9028 1.5513 2.5446
v 4.7575 1.6014 2.5331
v 4.7765 1.5262 2.5791
v 4.7941 1.5416 2.5921
v 4.775 1.6175 2.5493
v 4.8633 1.7021 2.4577
v 4.8706 1.6796 2.4258
v 4.7364 1.6593 2.4954
v 4.7451 1.6456 2.505
v 4.763 1.6653 2.522
v 4.7572 1.682 2.512
v 4.6772 1.7315 2.4367
v 4.6897 1.7151 2.4496
v 4.7097 1.7372 2.4661
v 4.686 1.7467 2.4541
v 4.7956 1.6628 2.3403
v 4.7814 1.6794 2.3235
v 4.8076 1.7067 2.3293
v 4.823 1.6873 2.3519
v 4.873 1.4184 2.512
v 4.8551 1.4778 2.4702
v 4.7537 1.7022 2.2984
v 4.7223 1.7052 2.2682
v 4.8361 1.5813 2.3952
v 4.8336 1.5978 2.3877
v 4.8226 1.5545 2.5955
v 4.8009 1.629 2.5568
v 4.7313 1.7612 2.4715
v 4.7099 1.7707 2.4586
v 4.7514 1.7447 2.4855
v 4.725 1.7251 2.4786
v 4.8053 1.7068 2.5065
v 4.8317 1.7082 2.4905
v 4.8613 1.6624 2.4036
v 4.8501 1.6441 2.3899
v 4.9304 1.3692 2.5873
v 4.9354 1.3872 2.6019
v 4.9413 1.3679 2.6182
v 4.9399 1.3431 2.6076
v 4.9324 1.4097 2.6281
v 4.9078 1.4201 2.6553
v 4.9131 1.3991 2.6688
v 4.9343 1.3917 2.6405
v 4.8689 1.2738 2.7381
v 4.8743 1.3054 2.7427
v 4.8521 1.3434 2.7134
v 4.8396 1.3168 2.7066
v 4.8823 1.4181 2.6739
v 4.857 1.4062 2.6854
v 4.8736 1.3705 2.708
v 4.8915 1.3913 2.6912
v 4.9037 1.3646 2.7085
v 4.8864 1.3336 2.7299
v 4.9113 1.3134 2.7447
v 4.9104 1.3467 2.7177
v 4.9229 1.2722 2.7569
v 4.9202 1.3053 2.7457
v 4.9068 1.2781 2.7589
v 4.9321 1.2569 2.6326
v 4.9414 1.2868 2.6242
v 4.9525 1.2675 2.6476
v 4.9545 1.2372 2.6651
v 4.9261 1.2499 2.7552
v 4.905 1.2526 2.7555
v 4.9457 1.3144 2.6248
v 4.9437 1.349 2.628
v 4.9421 1.3395 2.6352
v 4.9488 1.3027 2.6368
v 4.9542 1.2225 2.7139
v 4.9408 1.228 2.7315
v 4.9218 1.2221 2.7246
v 4.9403 1.2159 2.7026
v 4.9364 1.3757 2.6503
v 4.9173 1.3797 2.6812
v 4.9184 1.3661 2.6879
v 4.9358 1.3631 2.6573
v 4.9324 1.3539 2.6622
v 4.941 1.3318 2.643
v 4.9164 1.3556 2.6909
v 4.7803 1.5528 2.4242
v 4.8028 1.4726 2.4786
v 4.7733 1.4853 2.5107
v 4.7498 1.5644 2.458
v 4.759 1.5985 2.3898
v 4.7672 1.5889 2.3971
v 4.7362 1.5992 2.435
v 4.7285 1.6076 2.4231
v 4.7058 1.6805 2.3222
v 4.7154 1.6615 2.3423
v 4.682 1.673 2.3783
v 4.6693 1.6867 2.3665
v 4.8788 1.2316 2.6985
v 4.8969 1.2234 2.6704
v 4.9538 1.2995 2.6445
v 4.9622 1.264 2.6598
v 4.9627 1.2422 2.6781
v 4.9133 1.3357 2.7193
v 4.8684 1.2595 2.6338
v 4.8436 1.2685 2.6607
v 4.822 1.3244 2.617
v 4.8468 1.3153 2.5911
v 4.8347 1.3888 2.6857
v 4.8197 1.3698 2.6756
v 4.9172 1.2879 2.607
v 4.9339 1.3159 2.6041
v 4.9235 1.3911 2.5689
v 4.932 1.4064 2.5905
v 4.9298 1.4265 2.6177
v 4.9023 1.4382 2.6464
v 4.8398 1.3661 2.5558
v 4.8119 1.3749 2.5817
v 4.8112 1.3975 2.5698
v 4.8361 1.3848 2.5461
v 4.8211 1.783 2.4094
v 4.8328 1.7577 2.4225
v 4.8459 1.7358 2.3916
v 4.8356 1.7657 2.3723
v 4.7022 1.6998 2.4614
v 4.824 1.617 2.3759
v 4.784 1.6984 2.5161
v 4.7596 1.779 2.462
v 4.7762 1.7575 2.4743
v 4.802 1.7605 2.4555
v 4.7876 1.7854 2.4414
v 4.8244 1.7363 2.3424
v 4.8358 1.7061 2.3649
v 4.7282 1.6435 2.3563
v 4.6939 1.6562 2.3894
v 4.8885 1.6169 2.5037
v 4.8916 1.5952 2.4756
v 4.8904 1.618 2.4637
v 4.8856 1.639 2.4925
v 4.8801 1.3669 2.5487
v 4.9096 1.3792 2.5582
v 4.9179 1.3516 2.5775
v 4.8954 1.3348 2.5719
v 4.8839 1.5779 2.455
v 4.8697 1.5627 2.4357
v 4.8699 1.5824 2.4238
v 4.8851 1.5996 2.4423
v 4.8083 1.4055 2.6512
v 4.824 1.4191 2.6662
v 4.8205 1.4374 2.6554
v 4.8055 1.4246 2.6376
v 4.8177 1.4551 2.6456
v 4.8477 1.4477 2.6597
v 4.8453 1.4657 2.6487
v 4.7508 1.6363 2.5118
v 4.7553 1.6195 2.5228
v 4.7724 1.6361 2.5403
v 4.7674 1.6539 2.5292
v 4.7726 1.5811 2.4039
v 4.7794 1.5671 2.4146
v 4.7482 1.5763 2.4511
v 4.7421 1.5928 2.4431
v 4.8601 1.6313 2.5343
v 4.8592 1.655 2.5232
v 4.8262 1.6348 2.5515
v 4.8193 1.6595 2.5412
v 4.8411 1.5499 2.4159
v 4.8381 1.5631 2.4059
v 4.7977 1.6503 2.5463
v 4.7934 1.6675 2.5364
v 4.8776 1.4385 2.6614
v 4.8509 1.4308 2.6702
v 4.8288 1.3981 2.5373
v 4.8062 1.4085 2.5615
v 4.802 1.4425 2.6286
v 4.7899 1.6808 2.5278
v 4.8682 1.4725 2.6406
v 4.8905 1.4731 2.6273
v 4.915 1.4303 2.5463
v 4.9026 1.418 2.5344
v 4.9204 1.4633 2.5936
v 4.922 1.4418 2.5637
v 4.8748 1.3985 2.5263
v 4.8132 1.4785 2.6335
v 4.8409 1.4887 2.6349
v 4.822 1.4128 2.5227
v 4.7965 1.4248 2.5482
v 4.7944 1.4642 2.6191
v 4.8727 1.4544 2.652
v 4.898 1.4543 2.639
v 4.92 1.409 2.5581
v 4.9054 1.398 2.5457
v 4.9267 1.4431 2.6072
v 4.9301 1.4242 2.5791
v 4.8752 1.3833 2.537
v 4.7651 1.504 2.5469
v 4.7448 1.5851 2.5021
v 4.7327 1.6239 2.4778
v 4.723 1.6344 2.4674
v 4.6773 1.6954 2.4216
v 4.6646 1.7093 2.4151
v 4.8689 1.2519 2.7245
v 4.8341 1.2925 2.688
v 4.9299 1.2389 2.7487
v 4.9093 1.2372 2.747
v 4.8117 1.3444 2.6489
v 4.6897 1.678 2.4316
v 4.8006 1.3923 2.6188
v 4.7998 1.4125 2.6063
v 4.7433 1.6 2.4936
v 4.7395 1.6172 2.4847
v 4.7955 1.4254 2.5975
v 4.7854 1.4418 2.5821
v 4.764 1.6463 2.3431
v 4.7929 1.6024 2.3757
v 4.7332 1.6872 2.3085
v 4.7484 1.6653 2.3279
v 4.8532 1.3945 2.528
v 4.8537 1.3814 2.54
v 4.9516 1.221 2.6843
v 4.9109 1.2291 2.6535
v 4.8027 1.5866 2.385
v 4.8027 1.5767 2.392
v 4.8318 1.472 2.469
v 4.852 1.4133 2.5106
v 4.8895 1.2641 2.6203
v 4.8672 1.3171 2.5808
v 4.8099 1.5504 2.4099
v 4.805 1.5639 2.4013
v 4.9611 1.2255 2.6988
v 4.8587 1.3639 2.5495
v 4.9517 1.2337 2.7129
v 4.9437 1.2392 2.7277
v 4.9242 1.3451 2.6642
v 4.938 1.3272 2.6466
v 4.9341 1.2476 2.742
v 4.9516 1.2995 2.6514
v 4.9263 1.278 2.7472
v 4.9217 1.3019 2.7385
v 4.9595 1.2677 2.6682
v 4.9619 1.2485 2.6877
v 4.9579 1.2376 2.7039
v 4.9176 1.3319 2.7152
v 4.9302 1.2592 2.7454
v 4.9145 1.3492 2.6911
v 4.9506 1.2665 2.7181
v 4.9483 1.252 2.7245
v 4.9475 1.2843 2.7074
v 4.9381 1.3111 2.6883
v 4.8341 1.6187 2.2773
v 4.8586 1.6185 2.2524
v 4.8562 1.6405 2.2428
v 4.831 1.641 2.2717
v 4.863 1.5823 2.19
v 4.8379 1.5584 2.1749
v 4.8335 1.5759 2.1641
v 4.8622 1.6036 2.178
v 4.8727 1.6135 2.228
v 4.8729 1.5999 2.204
v 4.8704 1.6195 2.1936
v 4.8698 1.6352 2.2173
v 4.8262 1.7494 2.1665
v 4.8273 1.7297 2.1433
v 4.8147 1.7627 2.1274
v 4.8197 1.7801 2.1525
v 4.7924 1.7579 2.2232
v 4.816 1.7616 2.1897
v 4.8075 1.7909 2.1807
v 4.7838 1.7917 2.2218
v 4.818 1.7021 2.1244
v 4.7941 1.6682 2.1124
v 4.7775 1.689 2.0942
v 4.8059 1.7365 2.1107
v 4.8481 1.5092 2.3158
v 4.8684 1.508 2.2994
v 4.8661 1.5362 2.2851
v 4.8413 1.5384 2.3035
v 4.8749 1.4789 2.2364
v 4.8567 1.4641 2.2199
v 4.8485 1.4949 2.2066
v 4.8682 1.5118 2.2218
v 4.883 1.5047 2.2768
v 4.8836 1.4924 2.2527
v 4.8791 1.5229 2.239
v 4.88 1.5337 2.2634
v 4.7615 1.5407 2.2819
v 4.7684 1.5118 2.2939
v 4.7917 1.5302 2.3115
v 4.784 1.5552 2.3001
v 4.8626 1.6532 2.2107
v 4.8638 1.6353 2.1852
v 4.7438 1.6106 2.2452
v 4.7476 1.594 2.2553
v 4.7702 1.6161 2.2788
v 4.7668 1.6354 2.2728
v 4.7187 1.6899 2.2267
v 4.7179 1.6704 2.2254
v 4.7398 1.6933 2.2512
v 4.74 1.702 2.2517
v 4.7825 1.6129 2.131
v 4.7734 1.6276 2.1228
v 4.8019 1.6476 2.1252
v 4.8101 1.6309 2.1355
v 4.837 1.4521 2.2142
v 4.8264 1.4824 2.2006
v 4.7659 1.6429 2.113
v 4.7472 1.6609 2.099
v 4.8105 1.5418 2.1687
v 4.8041 1.5591 2.1587
v 4.8143 1.5373 2.313
v 4.8091 1.5647 2.3023
v 4.7643 1.7088 2.2503
v 4.7666 1.7264 2.2471
v 4.77 1.6891 2.2569
v 4.7456 1.6726 2.2547
v 4.8255 1.6603 2.261
v 4.8478 1.659 2.235
v 4.8569 1.6194 2.1703
v 4.8287 1.5936 2.154
v 4.8847 1.3977 2.2657
v 4.8928 1.4117 2.2833
v 4.8927 1.3886 2.2942
v 4.8868 1.3674 2.2768
v 4.8914 1.4271 2.308
v 4.8785 1.4351 2.3325
v 4.88 1.4175 2.344
v 4.8916 1.405 2.317
v 4.8376 1.3347 2.3845
v 4.8424 1.3596 2.3837
v 4.8282 1.3867 2.3697
v 4.8123 1.3586 2.3643
v 4.8593 1.4399 2.3487
v 4.8359 1.4312 2.3543
v 4.842 1.4042 2.3657
v 4.8589 1.4166 2.3575
v 4.8628 1.3949 2.3634
v 4.8492 1.3796 2.3761
v 4.8624 1.3633 2.3823
v 4.8681 1.381 2.368
v 4.8705 1.3404 2.3898
v 4.8717 1.358 2.3821
v 4.8615 1.3431 2.3905
v 4.8786 1.3097 2.2993
v 4.8838 1.3281 2.2941
v 4.8903 1.3191 2.3092
v 4.8895 1.3029 2.3155
v 4.8732 1.3214 2.3887
v 4.8631 1.3224 2.3891
v 4.887 1.3513 2.2944
v 4.8888 1.3713 2.3044
v 4.8892 1.3612 2.3116
v 4.8898 1.3418 2.3058
v 4.8955 1.2921 2.3448
v 4.8896 1.2953 2.3666
v 4.8807 1.2898 2.3661
v 4.887 1.2863 2.3412
v 4.8861 1.3881 2.3236
v 4.8765 1.398 2.3467
v 4.8772 1.3861 2.3507
v 4.8855 1.3777 2.3287
v 4.8855 1.3721 2.3318
v 4.8902 1.358 2.3134
v 4.8779 1.3793 2.3526
v 4.7719 1.5101 2.2081
v 4.7816 1.4791 2.2188
v 4.7671 1.4876 2.2398
v 4.7589 1.5164 2.2287
v 4.7487 1.5764 2.1793
v 4.7539 1.5599 2.1868
v 4.7429 1.5684 2.2074
v 4.7384 1.5855 2.1999
v 4.7176 1.6377 2.1515
v 4.7239 1.6268 2.1569
v 4.7155 1.639 2.1815
v 4.7089 1.6525 2.1782
v 4.845 1.2853 2.3551
v 4.858 1.2794 2.3275
v 4.8922 1.3389 2.3124
v 4.8959 1.32 2.316
v 4.8955 1.3056 2.3226
v 4.8718 1.3736 2.3687
v 4.8245 1.3071 2.3036
v 4.8061 1.3152 2.3281
v 4.7901 1.3714 2.2972
v 4.8068 1.363 2.272
v 4.817 1.4202 2.3546
v 4.7947 1.4 2.3424
v 4.8675 1.3318 2.2784
v 4.8785 1.349 2.2749
v 4.8843 1.4319 2.2558
v 4.8913 1.4406 2.2721
v 4.89 1.455 2.2969
v 4.8757 1.4607 2.3192
v 4.7984 1.4029 2.2511
v 4.7822 1.4111 2.2775
v 4.7816 1.4272 2.2697
v 4.7973 1.4175 2.2454
v 4.8338 1.7191 2.1796
v 4.8432 1.6928 2.1914
v 4.8427 1.674 2.1664
v 4.8369 1.7002 2.1564
v 4.7243 1.6463 2.2286
v 4.7993 1.5756 2.1497
v 4.7917 1.6523 2.2778
v 4.8012 1.7263 2.2313
v 4.8099 1.7011 2.2396
v 4.8309 1.6996 2.2148
v 4.8219 1.7284 2.2038
v 4.8264 1.6752 2.1384
v 4.8319 1.6547 2.1475
v 4.7328 1.6124 2.1619
v 4.724 1.6219 2.1837
v 4.8754 1.5657 2.2514
v 4.8748 1.5495 2.2257
v 4.8733 1.5773 2.2165
v 4.8736 1.5899 2.2397
v 4.8469 1.4083 2.2341
v 4.8664 1.4158 2.2401
v 4.8705 1.3859 2.2545
v 4.8522 1.3749 2.2521
v 4.8635 1.5372 2.2096
v 4.8426 1.5213 2.1937
v 4.8409 1.5417 2.1844
v 4.8614 1.5624 2.1984
v 4.7881 1.4365 2.3276
v 4.8104 1.4506 2.3419
v 4.8087 1.4678 2.3351
v 4.7884 1.4541 2.321
v 4.8061 1.4828 2.3284
v 4.8288 1.4748 2.3364
v 4.8253 1.4896 2.3308
v 4.7525 1.5793 2.2653
v 4.7558 1.5628 2.2719
v 4.7789 1.5785 2.2919
v 4.7748 1.597 2.2856
v 4.759 1.5427 2.1953
v 4.7649 1.5271 2.2019
v 4.7534 1.5335 2.2228
v 4.7481 1.55 2.2154
v 4.8618 1.568 2.2722
v 4.8591 1.5944 2.262
v 4.837 1.5683 2.2921
v 4.8345 1.593 2.2841
v 4.8167 1.5094 2.1875
v 4.814 1.5273 2.1774
v 4.8038 1.5886 2.2957
v 4.8004 1.6098 2.2905
v 4.8578 1.4615 2.3356
v 4.8313 1.4583 2.3432
v 4.7967 1.4342 2.2393
v 4.7823 1.4412 2.2629
v 4.7862 1.4682 2.3115
v 4.7964 1.6318 2.2851
v 4.8513 1.4946 2.3224
v 4.871 1.4944 2.3051
v 4.8791 1.4624 2.2422
v 4.8601 1.4492 2.2257
v 4.8855 1.4922 2.2824
v 4.8871 1.4781 2.2586
v 4.8396 1.4398 2.2197
v 4.7999 1.4992 2.3227
v 4.8212 1.5054 2.3258
v 4.7932 1.4481 2.235
v 4.7802 1.4561 2.2569
v 4.7813 1.4828 2.3048
v 4.8549 1.4793 2.3284
v 4.8744 1.4791 2.3121
v 4.8836 1.4491 2.2497
v 4.8639 1.434 2.2319
v 4.889 1.4756 2.2885
v 4.8905 1.4625 2.2636
v 4.843 1.4228 2.2271
v 4.761 1.4988 2.2666
v 4.7542 1.5249 2.2521
v 4.74 1.5782 2.229
v 4.7367 1.596 2.2218
v 4.7146 1.6535 2.2042
v 4.7079 1.6716 2.2041
v 4.834 1.3052 2.3776
v 4.8017 1.3338 2.3508
v 4.8798 1.3087 2.3839
v 4.8693 1.3036 2.383
v 4.7873 1.3841 2.3226
v 4.7227 1.634 2.2062
v 4.7798 1.4247 2.3063
v 4.779 1.4401 2.2978
v 4.7488 1.5448 2.2454
v 4.7444 1.5609 2.2383
v 4.7787 1.4524 2.2885
v 4.7759 1.4671 2.2805
v 4.7476 1.6033 2.1391
v 4.7694 1.5705 2.1587
v 4.737 1.6333 2.1255
v 4.7433 1.6187 2.133
v 4.8176 1.4327 2.2243
v 4.8212 1.4178 2.2296
v 4.8877 1.293 2.3247
v 4.8717 1.2964 2.3098
v 4.776 1.5541 2.1669
v 4.7825 1.5379 2.1757
v 4.8024 1.4763 2.2055
v 4.8135 1.4466 2.2181
v 4.8516 1.3211 2.2896
v 4.8335 1.3666 2.256
v 4.7933 1.5053 2.1937
v 4.7877 1.5231 2.1841
v 4.8949 1.2969 2.3308
v 4.8245 1.4032 2.236
v 4.8978 1.2996 2.3465
v 4.8947 1.3048 2.3654
v 4.8847 1.3671 2.3331
v 4.8881 1.353 2.3168
v 4.8848 1.3147 2.3798
v 4.8914 1.3383 2.3157
v 4.8769 1.3348 2.3844
v 4.8718 1.3527 2.3789
v 4.8942 1.3205 2.3213
v 4.8954 1.3108 2.3274
v 4.8974 1.3039 2.3352
v 4.8715 1.3666 2.3668
v 4.881 1.3243 2.3843
v 4.8765 1.3742 2.3537
v 4.8912 1.3245 2.355
v 4.8929 1.3172 2.3581
v 4.8882 1.3373 2.35
v 4.8848 1.3543 2.3419
v 3.9049 2.1185 2.6611
v 3.9153 2.1595 2.6862
v 3.9218 2.1751 2.6635
v 3.9118 2.1358 2.6379
v 4.0172 2.1586 2.7183
v 4.0696 2.1159 2.7164
v 4.0829 2.128 2.6982
v 4.0239 2.1768 2.6968
v 3.9569 2.1818 2.7126
v 3.9627 2.1976 2.6885
v 3.9713 2.0806 2.5761
v 3.9605 2.0588 2.6073
v 3.9216 2.0971 2.6181
v 3.9308 2.1162 2.5905
v 4.0765 2.0843 2.6927
v 4.0823 2.0967 2.6674
v 3.9204 2.1537 2.6102
v 4.0419 2.0862 2.7871
v 3.9964 2.1186 2.7718
v 3.9888 2.111 2.7859
v 4.0289 2.0813 2.8106
v 3.9481 2.1311 2.7539
v 3.9097 2.1104 2.7343
v 3.9065 2.0978 2.747
v 3.9445 2.1201 2.7637
v 3.8936 1.9675 2.8148
v 3.862 2.0021 2.7831
v 3.8736 2.0084 2.7484
v 3.9117 1.9716 2.7697
v 3.8829 2.0677 2.725
v 3.8766 2.0549 2.747
v 3.903 2.0864 2.7592
v 3.869 2.0436 2.7708
v 3.8669 2.0342 2.7921
v 3.9 2.0782 2.7709
v 3.857 2.0121 2.8497
v 3.869 2.036 2.8078
v 3.8547 1.9997 2.8191
v 4.0148 2.0401 2.8445
v 4.0148 2.0787 2.8302
v 3.9988 2.0783 2.8466
v 3.9931 2.0394 2.8713
v 3.8726 1.9996 2.8744
v 3.8815 1.9753 2.8512
v 3.9814 2.1052 2.7982
v 3.9745 2.101 2.8093
v 3.9505 2.0183 2.9037
v 3.9148 2.0013 2.8978
v 3.9328 1.9815 2.8756
v 3.9702 2.0071 2.8797
v 3.9411 2.1108 2.7721
v 3.9384 2.1031 2.7803
v 3.9367 2.0941 2.7869
v 3.9687 2.0958 2.8216
v 3.8982 2.0741 2.7791
v 4.0803 2.0884 2.6147
v 4.072 2.0794 2.6517
v 4.0255 2.0544 2.6191
v 4.0355 2.0696 2.5865
v 3.9475 1.9736 2.8419
v 3.9931 2.0069 2.8482
v 3.9794 2.0817 2.8556
v 3.967 2.0446 2.8923
v 4.0126 2.0115 2.8088
v 3.9683 1.9766 2.7907
v 3.9869 1.9911 2.7447
v 4.0299 2.0215 2.7654
v 3.888 2.0231 2.7202
v 3.9285 1.9859 2.7222
v 4.0311 2.0431 2.8151
v 4.0513 2.0925 2.7677
v 4.0031 2.1275 2.7607
v 3.9507 2.1432 2.7464
v 3.9118 2.1227 2.7237
v 4.0447 2.0345 2.7259
v 4.0046 2.0104 2.694
v 4.0097 2.016 2.679
v 4.0524 2.0424 2.7037
v 4.0603 2.0588 2.7488
v 4.0469 2.0491 2.7796
v 3.9431 2.0028 2.6813
v 3.8971 2.0393 2.693
v 3.9033 2.0512 2.675
v 3.9479 2.0118 2.6636
v 3.9078 2.062 2.6614
v 3.8951 2.0922 2.6919
v 3.8995 2.1034 2.6791
v 4.095 2.1485 2.6642
v 4.0349 2.1944 2.6671
v 3.8896 2.0813 2.7064
v 4.0567 2.0492 2.6883
v 4.0131 2.0234 2.6599
v 3.932 2.1919 2.6316
v 3.9741 2.2132 2.66
v 4.0974 2.1146 2.6361
v 3.9513 2.0197 2.6501
v 3.9128 2.145 2.702
v 4.0123 2.146 2.7361
v 4.0648 2.105 2.7348
v 3.953 2.1679 2.7279
v 4.0733 2.0745 2.7116
v 3.9143 2.0771 2.6423
v 4.0604 2.0593 2.6722
v 4.0169 2.0327 2.6451
v 3.9569 2.034 2.6326
v 3.9145 2.1328 2.7126
v 4.0083 2.136 2.7474
v 4.0591 2.0991 2.7503
v 3.9535 2.1531 2.7362
v 4.0687 2.0674 2.7277
v 3.9439 2.0348 2.896
v 3.9084 2.0215 2.8893
v 3.9365 2.0874 2.792
v 3.9697 2.0923 2.8212
v 3.8794 2.0137 2.8748
v 3.9709 2.0744 2.8518
v 3.868 2.0166 2.8545
v 3.8738 2.0376 2.8163
v 3.9553 2.0504 2.8865
v 3.899 2.0703 2.7802
v 3.9085 2.0386 2.8772
v 3.9152 2.0616 2.8445
v 4.4587 2.0499 2.7433
v 4.5743 1.8934 2.6083
v 4.6983 1.7969 2.4417
v 4.7499 1.7452 2.2397
v 4.8159 1.8617 2.2983
v 4.8008 1.8711 2.351
v 4.5944 1.777 2.4426
v 4.5316 1.7837 2.4896
v 4.5051 1.8137 2.4455
v 4.5464 1.7993 2.4046
v 4.8016 1.8161 2.1348
v 4.7849 1.8347 2.1726
v 4.6951 1.6736 2.1144
v 4.7248 1.6839 2.082
v 4.7222 1.6505 2.1158
v 4.5331 2.0792 2.7123
v 4.5044 2.0753 2.7176
v 4.4047 2.0052 2.6448
v 4.4195 1.9701 2.6431
v 4.4137 1.963 2.68
v 4.4132 2.0006 2.7059
v 4.799 1.7943 2.1006
v 4.7875 1.7688 2.0914
v 4.7073 1.6532 2.1466
v 4.6982 1.6694 2.1699
v 4.685 1.6855 2.1538
v 4.6956 1.669 2.1392
v 4.6611 1.7063 2.2677
v 4.64 1.7202 2.3344
v 4.6149 1.7359 2.3035
v 4.6482 1.7121 2.2506
v 4.4545 2.0664 2.72
v 4.4759 1.8545 2.497
v 4.4978 1.8487 2.5325
v 4.725 1.9435 2.5248
v 4.6748 1.9642 2.5577
v 4.4262 1.947 2.6169
v 4.437 1.9396 2.6364
v 4.672 1.7065 2.195
v 4.6919 1.7055 2.2118
v 4.4249 2.0264 2.7309
v 4.4158 2.0428 2.7048
v 4.5863 1.7639 2.3486
v 4.6366 1.7561 2.3966
v 4.7439 1.9268 2.4746
v 4.5718 2.0579 2.6797
v 4.7605 1.7114 2.0745
v 4.4681 1.9003 2.5865
v 4.4506 1.9124 2.5601
v 4.7519 1.8797 2.3914
v 4.5945 2.0231 2.6399
v 4.5576 1.7834 2.3082
v 4.5909 1.7615 2.2642
v 4.5236 1.826 2.3666
v 4.493 1.8471 2.4148
v 4.4655 1.8864 2.3823
v 4.5055 1.8594 2.3301
v 4.6487 1.7058 2.1592
v 4.6796 1.6861 2.1164
v 4.7437 1.75 2.0529
v 4.6912 1.7009 2.0707
v 4.6773 1.7264 2.0428
v 4.7219 1.7897 2.0216
v 4.4576 1.8818 2.4691
v 4.624 1.7357 2.2186
v 4.5674 1.7784 2.2282
v 4.5993 1.7412 2.1754
v 4.429 1.9251 2.5337
v 4.4029 1.9643 2.5887
v 4.3818 1.9859 2.5582
v 4.3986 1.9474 2.4978
v 4.3714 1.98 2.4656
v 4.411 1.9499 2.4057
v 4.4331 1.9129 2.4331
v 4.5721 1.7584 2.1341
v 4.617 1.7186 2.0814
v 4.6334 1.7082 2.1124
v 4.7907 1.8545 2.2526
v 4.3556 2.0199 2.5375
v 4.3137 2.0573 2.4993
v 4.338 2.0365 2.4255
v 4.4536 1.9233 2.3502
v 4.4899 1.8992 2.2957
v 4.4649 2.1644 2.5985
v 4.4034 2.1374 2.6161
v 4.4277 2.0952 2.6703
v 4.5048 2.1172 2.6595
v 4.7252 1.8913 2.3982
v 4.5387 1.8008 2.0814
v 4.5439 1.8138 2.1806
v 4.5152 1.8644 2.1499
v 4.3858 2.0059 2.3626
v 4.4278 1.9798 2.3128
v 4.4685 1.9492 2.264
v 4.7208 1.9393 2.0263
v 4.7139 1.9721 2.0746
v 4.7334 1.9341 2.1175
v 4.7404 1.9068 2.0609
v 4.6798 2.0593 2.4159
v 4.6859 2.0122 2.3644
v 4.6639 2.0808 2.2904
v 4.6497 2.1271 2.3408
v 4.7346 1.8455 2.0269
v 4.7122 1.8815 1.9928
v 4.7037 1.9903 2.3001
v 4.684 2.0497 2.2347
v 4.714 2.035 2.1792
v 4.7341 1.9895 2.2403
v 4.6467 1.9877 1.8794
v 4.5996 2.0533 1.7952
v 4.607 2.0985 1.8333
v 4.6609 2.0278 1.9174
v 4.7135 2.0022 2.1246
v 4.7405 1.958 2.178
v 4.6054 2.1711 1.8851
v 4.6589 2.0815 1.9684
v 4.6045 2.1531 2.3905
v 4.6252 2.0809 2.4586
v 4.5084 2.3132 2.1991
v 4.4502 2.3562 2.2437
v 4.5012 2.2692 2.3402
v 4.5551 2.2311 2.2934
v 4.5598 2.2833 2.1543
v 4.59 2.2479 2.1113
v 4.5443 2.3302 2.0233
v 4.5122 2.3638 2.0641
v 4.6368 2.176 2.0335
v 4.6137 2.2107 2.0723
v 4.6534 2.1245 2.1575
v 4.6808 2.097 2.1117
v 4.3628 2.4013 2.2809
v 4.4269 2.3132 2.3819
v 4.5841 2.1118 2.5068
v 4.5959 2.0546 2.5765
v 4.6392 2.0213 2.5161
v 4.7308 1.9211 2.4356
v 4.5676 2.2942 1.9854
v 4.6477 2.1302 1.9978
v 4.6858 2.0555 2.0686
v 4.605 2.2027 2.2487
v 4.7181 1.9698 2.4119
v 4.7152 1.9437 2.353
v 4.5422 2.1598 2.5648
v 4.563 2.1237 2.6035
v 4.754 1.8899 2.0922
v 4.7522 1.8969 2.1526
v 4.5543 2.185 2.4382
v 4.7691 1.9123 2.2243
v 4.4967 1.8872 2.5977
v 4.6321 1.7766 2.4546
v 4.5164 1.8558 2.5706
v 4.5495 1.8762 2.5921
v 4.6969 1.7026 2.2746
v 4.653 1.7616 2.4245
v 4.6717 1.7736 2.4467
v 4.709 1.7091 2.2273
v 4.7293 1.7119 2.2475
v 2.4981 3.6023 0.0753
v 2.5367 3.6164 0.2226
v 3.0317 3.9211 -0.065
v 2.9762 3.8589 -0.1544
v 3.0903 4.0281 0.3437
v 3.1021 4.009 0.2078
v 2.91 3.8045 -0.1981
v 2.6108 3.6413 0.3576
v 2.6865 3.6914 0.4766
v 2.8368 3.7624 -0.2199
v 2.7443 3.7259 -0.2231
v 2.5877 3.663 -0.1478
v 2.5482 3.6372 -0.1001
v 3.0445 4.0031 0.4665
v 2.9598 3.9399 0.5525
v 2.5146 3.6188 -0.0302
v 3.0869 3.9744 0.0634
v 2.8646 3.8635 0.5727
v 3.0387 3.6867 -0.1622
v 2.9752 3.6389 -0.1909
v 2.6104 3.5239 0.2268
v 2.6788 3.5548 0.3556
v 2.7094 3.5659 -0.1528
v 2.6615 3.5447 -0.1011
v 3.1204 3.9151 0.4805
v 3.1707 3.9361 0.3663
v 3.0363 3.8576 0.5577
v 2.6146 3.5271 -0.03
v 3.1907 3.9129 0.2308
v 3.1907 3.8703 0.0895
v 2.9436 3.7792 0.5747
v 2.5882 3.5123 0.0776
v 3.1454 3.808 -0.0378
v 3.0963 3.7429 -0.1204
v 2.7599 3.6069 0.4664
v 2.8861 3.6053 -0.1892
v 2.8128 3.4863 -0.1368
v 2.7511 3.4694 -0.0959
v 3.1784 3.8521 0.4967
v 3.2346 3.8694 0.3931
v 3.0924 3.7987 0.5659
v 2.6966 3.4581 -0.0231
v 3.2602 3.842 0.2597
v 3.265 3.795 0.1204
v 3.0038 3.716 0.5793
v 2.6608 3.4504 0.0878
v 3.2275 3.7248 -0.0021
v 2.6693 3.4619 0.2371
v 3.1858 3.6535 -0.0825
v 3.135 3.5937 -0.1301
v 2.73 3.4949 0.3649
v 2.8156 3.5459 0.4632
v 3.0754 3.5441 -0.1675
v 2.9846 3.515 -0.1585
v 2.8364 3.3977 -0.0745
v 2.7807 3.3884 0.0006
v 3.3232 3.7824 0.2955
v 3.3266 3.7303 0.1568
v 3.0573 3.6646 0.5885
v 3.1455 3.7444 0.5788
v 2.7368 3.3883 0.1083
v 3.3005 3.6521 0.0434
v 2.7295 3.4004 0.2542
v 3.264 3.5765 -0.0352
v 3.2937 3.8123 0.4265
v 3.2144 3.5152 -0.0886
v 2.7809 3.437 0.3778
v 2.8681 3.4929 0.4713
v 3.153 3.4653 -0.1395
v 3.07 3.4338 -0.1298
v 2.9062 3.4047 -0.1048
v 3.2318 3.7979 0.5211
v 3.0171 3.3069 -0.0286
v 2.947 3.2988 -0.0012
v 3.2888 3.7456 0.5537
v 3.3511 3.7606 0.4604
v 3.2005 3.6997 0.6086
v 2.8805 3.2999 0.0579
v 3.3842 3.7267 0.3346
v 3.393 3.6629 0.2071
v 3.1084 3.624 0.6091
v 2.8282 3.3079 0.1478
v 3.3775 3.5802 0.1048
v 2.8076 3.321 0.2828
v 3.3438 3.5008 0.0334
v 3.2981 3.4326 -0.0185
v 2.8468 3.3662 0.4002
v 2.9206 3.4397 0.4959
v 3.2411 3.3745 -0.0696
v 3.1658 3.344 -0.0578
v 3.0491 3.2045 0.1241
v 2.9806 3.2064 0.1652
v 3.4773 3.6478 0.4113
v 3.4985 3.5724 0.298
v 3.1586 3.5983 0.6565
v 3.2656 3.6567 0.6512
v 2.9256 3.2113 0.2374
v 3.4877 3.4871 0.1955
v 2.8909 3.2274 0.3418
v 3.4504 3.4012 0.1319
v 3.4334 3.6926 0.5167
v 3.4023 3.3295 0.0846
v 2.9084 3.2916 0.4568
v 2.9628 3.3892 0.5528
v 3.3405 3.27 0.0485
v 3.2661 3.2479 0.0577
v 3.1181 3.2136 0.088
v 3.3621 3.6866 0.6026
v 3.0808 3.0869 0.332
v 3.0214 3.1015 0.3933
v 3.6247 3.4523 0.4205
v 3.618 3.3587 0.3286
v 2.9677 3.1301 0.4742
v 3.5799 3.2706 0.2745
v 3.5343 3.5967 0.6027
v 3.5945 3.5377 0.5163
v 3.5286 3.2017 0.2304
v 2.9737 3.2123 0.5762
v 3.0208 3.3173 0.6663
v 3.4597 3.1522 0.2103
v 3.3841 3.1228 0.2026
v 3.226 3.085 0.2449
v 3.1495 3.0798 0.2841
v 3.4482 3.6092 0.6797
v 3.3401 3.6101 0.7241
v 3.2324 3.5541 0.7432
v 3.1655 2.9621 0.6178
v 3.1154 2.9937 0.6959
v 3.7691 3.1991 0.5183
v 3.7351 3.1184 0.4604
v 3.6621 3.4499 0.7587
v 3.7272 3.3854 0.6869
v 3.6808 3.0508 0.4207
v 3.1176 3.069 0.7761
v 3.1564 3.1721 0.8447
v 3.5963 3.0102 0.4114
v 3.5206 2.975 0.4129
v 3.3638 2.9341 0.4522
v 3.2906 2.9324 0.4948
v 3.5693 3.4744 0.8229
v 3.4608 3.4703 0.8676
v 3.226 2.9387 0.5423
v 3.7603 3.3009 0.6034
v 3.357 3.4144 0.8876
v 3.82 3.2555 0.9643
v 3.8846 3.2014 0.9002
v 3.8879 2.9677 0.6943
v 3.8445 2.8948 0.6449
v 3.313 2.9358 0.986
v 3.349 3.0264 1.0392
v 3.7529 2.8597 0.6425
v 3.6774 2.8309 0.6508
v 3.3156 2.8687 0.9137
v 3.5259 2.7845 0.688
v 3.456 2.7885 0.7309
v 3.7246 3.2809 1.0146
v 3.6256 3.2704 1.0456
v 3.3966 2.8015 0.7772
v 3.9146 3.1317 0.8251
v 3.5319 3.2199 1.0586
v 3.3486 2.8299 0.8459
v 3.9165 3.0461 0.7539
v 3.9514 2.7173 0.8804
v 3.8669 2.6845 0.8942
v 4.012 2.7658 0.8968
v 3.5141 2.7457 1.1399
v 3.5096 2.8069 1.203
v 3.7187 2.6311 0.9441
v 3.6439 2.6401 0.9737
v 3.8898 3.078 1.2402
v 3.9721 3.0653 1.1956
v 3.795 3.0751 1.2697
v 3.5852 2.6696 1.0224
v 4.0336 3.0276 1.1347
v 4.0698 2.9691 1.0612
v 3.7083 3.0334 1.2724
v 3.5341 2.6979 1.0835
v 4.0726 2.8961 0.9953
v 4.0504 2.8259 0.9305
v 3.5394 2.88 1.2479
v 3.8896 2.517 1.1515
v 3.8189 2.5248 1.18
v 4.0084 2.9297 1.4069
v 4.0805 2.9118 1.3632
v 3.9285 2.926 1.4359
v 3.7586 2.5528 1.224
v 4.1382 2.8774 1.3088
v 4.1724 2.8358 1.2524
v 3.8551 2.8909 1.4538
v 3.7117 2.5895 1.2764
v 4.1835 2.7855 1.2006
v 3.6889 2.642 1.3345
v 4.176 2.7317 1.1551
v 4.1522 2.6759 1.1234
v 3.6878 2.7001 1.3879
v 3.7157 2.7649 1.4284
v 4.1174 2.6163 1.1142
v 4.0465 2.57 1.1152
v 3.9557 2.4296 1.344
v 3.8991 2.4592 1.3902
v 4.2133 2.7586 1.4665
v 4.2486 2.7274 1.4181
v 3.9767 2.7816 1.6078
v 4.0383 2.805 1.5811
v 3.8562 2.5025 1.4436
v 4.269 2.6889 1.3716
v 3.837 2.5597 1.5001
v 4.2745 2.6456 1.3318
v 4.1646 2.7851 1.5119
v 4.2615 2.5967 1.3014
v 3.8384 2.6159 1.5468
v 3.8604 2.6731 1.5855
v 4.2263 2.5419 1.2826
v 4.1788 2.4856 1.2839
v 4.0227 2.4232 1.3127
v 4.1041 2.8042 1.5517
v 3.9992 2.3932 1.5189
v 3.9682 2.447 1.5738
v 4.3046 2.6423 1.5421
v 4.3291 2.6089 1.4995
v 3.9572 2.5083 1.6252
v 4.3418 2.571 1.4632
v 4.2261 2.6903 1.6275
v 4.271 2.6668 1.5858
v 4.3368 2.5264 1.4341
v 3.9581 2.5615 1.6641
v 3.974 2.6092 1.6997
v 4.3088 2.4748 1.4135
v 4.2671 2.4215 1.4091
v 4.1143 2.3463 1.4372
v 4.048 2.3562 1.4706
v 4.1772 2.7062 1.6643
v 4.1231 2.7093 1.6946
v 4.0647 2.6936 1.7232
v 4.0388 2.4051 1.6649
v 4.032 2.462 1.7118
v 4.379 2.5307 1.5984
v 4.3906 2.4938 1.5647
v 4.2868 2.6175 1.7207
v 4.3223 2.5953 1.6831
v 4.3874 2.4542 1.5371
v 4.0365 2.5112 1.7459
v 4.0556 2.5532 1.778
v 4.3673 2.4093 1.5137
v 4.337 2.3636 1.5042
v 4.1801 2.2934 1.5256
v 4.1108 2.3087 1.5597
v 4.2428 2.6359 1.7572
v 4.1933 2.6416 1.7878
v 4.0643 2.3498 1.6098
v 4.3549 2.5664 1.6398
v 4.1451 2.6286 1.8127
v 4.3379 2.5634 1.7934
v 4.37 2.5361 1.7567
v 4.4276 2.428 1.6439
v 4.4265 2.3915 1.6152
v 4.0992 2.5109 1.8382
v 4.0809 2.4704 1.8063
v 4.1068 2.4442 1.8549
v 4.1289 2.4806 1.8917
v 4.3907 2.3178 1.5641
v 4.4122 2.3521 1.5861
v 4.4497 2.2988 1.6431
v 4.4237 2.2672 1.6127
v 4.0721 2.4277 1.7736
v 4.0973 2.4066 1.8146
v 4.2162 2.2499 1.5769
v 4.1448 2.2756 1.6148
v 4.2972 2.5828 1.8282
v 4.2458 2.5902 1.8582
v 4.2847 2.5572 1.9221
v 4.3393 2.5445 1.8896
v 4.0996 2.3218 1.6691
v 4.3972 2.5028 1.716
v 4.1886 2.5785 1.8773
v 4.223 2.5553 1.9421
v 4.0762 2.3783 1.7274
v 4.4173 2.465 1.6768
v 4.7458 1.9625 2.2777
v 4.6944 2.0347 2.4394
v 4.7733 1.9223 2.3042
v 4.7496 1.9149 2.3401
v 4.7103 2.0033 2.4731
v 4.6798 1.9971 2.5134
v 4.7721 1.859 2.1082
v 4.7783 1.8249 2.0921
v 4.6171 1.969 2.5635
v 4.5916 1.9976 2.609
v 4.7699 1.8662 2.1405
v 4.7777 1.8361 2.2004
v 4.7909 1.9032 2.2808
v 4.7581 1.8216 2.0594
v 4.5157 1.8647 2.2405
v 4.497 1.915 2.2108
v 4.3197 2.5269 1.9894
v 4.2527 2.5284 2.0081
v 4.3771 2.5079 1.9545
v 3.9319 2.17 2.5767
v 3.9412 2.1351 2.5567
v 4.1142 2.1305 2.5957
v 4.1111 2.1659 2.6237
v 3.98 2.1008 2.5367
v 4.0511 2.0873 2.545
v 4.0959 2.104 2.5751
v 4.0501 2.2209 2.6338
v 3.9871 2.2306 2.6268
v 3.9425 2.2079 2.6019
v 4.0026 2.2489 2.5883
v 3.956 2.2225 2.5624
v 3.9449 2.1845 2.5401
v 3.9512 2.1495 2.5232
v 3.9844 2.1142 2.5078
v 4.1287 2.1424 2.5608
v 4.1274 2.1772 2.5891
v 4.0604 2.0978 2.519
v 4.1083 2.1161 2.5445
v 4.0703 2.2349 2.5991
v 4.0867 2.2512 2.569
v 4.0138 2.2703 2.5493
v 4.1438 2.1861 2.5608
v 3.9655 2.2345 2.523
v 3.9537 2.1973 2.5059
v 3.9566 2.1603 2.4939
v 3.9902 2.1223 2.4884
v 4.1438 2.1519 2.5354
v 4.0695 2.1047 2.5011
v 4.1202 2.1246 2.522
v 4.0012 2.1287 2.4658
v 4.0783 2.1103 2.4829
v 4.1304 2.1296 2.5008
v 4.1602 2.1576 2.5138
v 4.1051 2.2678 2.5408
v 4.0243 2.2944 2.5092
v 4.1625 2.1933 2.5367
v 3.9761 2.2531 2.4862
v 3.9621 2.2107 2.4738
v 3.967 2.169 2.4666
v 3.981 2.1748 2.4321
v 4.0071 2.1352 2.4468
v 4.182 2.1603 2.4938
v 4.1878 2.2082 2.5172
v 3.9703 2.2237 2.4307
v 4.0914 2.1171 2.4609
v 4.1488 2.135 2.4778
v 4.1282 2.2864 2.511
v 4.0441 2.3232 2.473
v 3.9851 2.2773 2.4418
v 4.0438 2.3512 2.4204
v 3.9937 2.3114 2.3856
v 3.9883 2.2369 2.3701
v 4.0061 2.1723 2.3755
v 4.065 2.13 2.3963
v 4.225 2.1673 2.4895
v 4.2364 2.2258 2.4995
v 4.1328 2.1263 2.43
v 4.1842 2.1377 2.4586
v 4.1479 2.3138 2.4776
v 4.0053 2.2448 2.2938
v 3.9974 2.3365 2.3152
v 4.032 2.167 2.3049
v 4.2526 2.0825 2.3709
v 4.1445 2.1158 2.2728
v 4.1824 2.1068 2.2038
v 4.3014 2.0584 2.2947
v 4.0645 2.1608 2.2152
v 4.1009 2.1657 2.1351
v 4.035 2.237 2.1949
v 4.0745 2.2299 2.1001
v 4.2284 2.1007 2.1434
v 4.3527 2.0482 2.238
v 4.2761 2.0904 2.0908
v 4.4001 2.0363 2.1888
v 4.3247 2.0745 2.0405
v 4.4295 1.9999 2.1368
v 4.0961 2.4293 2.2748
v 4.2402 2.4415 2.2917
v 4.2035 2.4787 2.1869
v 4.1166 2.4454 2.1647
v 4.3561 2.0106 1.9873
v 4.4508 1.9443 2.0761
v 4.4116 1.9315 1.9358
v 4.4814 1.872 2.008
v 4.5014 1.8534 1.8896
v 4.3451 1.9898 1.8626
v 4.4278 1.9293 1.8459
v 4.5456 1.8082 1.9379
v 4.2839 2.0919 2.475
v 4.1009 2.13 2.3403
v 4.5341 1.8203 2.2743
v 4.5988 2.2114 1.916
v 4.569 2.0929 2.6407
v 4.5882 2.0572 2.6212
v 4.5368 2.0992 2.6699
v 4.7309 1.9672 2.4575
v 4.1752 2.1186 2.396
v 4.6993 1.9739 1.9839
v 4.6927 2.0152 2.0276
v 4.464 2.3959 2.108
v 4.4028 2.4315 2.1503
v 4.5876 2.2541 1.9492
v 4.3142 2.4673 2.1855
v 4.6294 2.1608 2.2031
v 4.5991 1.7478 2.0253
v 4.6594 1.7631 1.9938
v 4.2771 2.0674 1.8974
v 4.2326 2.135 1.9463
v 4.2342 2.117 2.4471
v 4.2752 2.151 2.5171
v 4.2893 2.2203 2.5065
v 4.1951 2.3427 2.4364
v 4.0626 2.391 2.3565
v 4.6035 1.9256 1.8622
v 4.5524 1.8762 1.8659
v 4.4581 1.9487 1.7868
v 4.4729 2.0197 1.7447
v 4.6518 1.8783 1.9232
v 4.6093 1.8329 1.9141
v 4.6953 1.8267 1.986
v 4.0144 2.3465 2.2137
v 4.0586 2.3344 2.0871
v 4.4167 2.4593 2.027
v 4.4624 2.4288 1.9849
v 4.4208 2.4804 1.9147
v 4.4947 2.3961 1.9451
v 4.452 2.4488 1.877
v 4.5186 2.36 1.908
v 4.4754 2.4125 1.8404
v 4.5368 2.3204 1.872
v 4.4933 2.3726 1.804
v 4.5476 2.2789 1.8369
v 4.5041 2.331 1.77
v 4.139 2.5512 1.8653
v 4.0955 2.5936 1.8044
v 4.0131 2.6564 1.7236
v 3.7805 2.8382 1.4498
v 3.9116 2.7338 1.6075
v 0.4759 5.5657 0.5827
v 0.361 5.6931 0.5912
v 0.3011 5.8325 0.614
v 0.2502 5.9843 0.6142
v 0.2289 6.1198 0.6447
v 0.2498 6.2246 0.7236
v 0.3036 6.3007 0.8416
v 0.3488 6.3212 0.9364
v 0.377 6.3338 1.0023
v 0.4025 6.3443 1.0562
v 0.4109 6.3639 1.1033
v 0.4049 6.3886 1.145
v 0.3992 6.4105 1.1874
v 0.0648 6.944 1.6586
v 0.2795 6.5647 1.4033
v 0.2894 6.5526 1.3961
v 0.2614 6.5832 1.4147
v 0.2496 6.5956 1.4174
v 0.2562 6.5891 1.4165
v 0.2454 6.6 1.4194
v 0.2415 6.6034 1.421
v 0.2388 6.606 1.4176
v 0.2367 6.6081 1.4095
v 0.2377 6.6099 1.3942
v 0.2445 6.6105 1.3726
v 0.2427 6.6035 1.3585
v 0.2448 6.5925 1.3487
v 0.2472 6.586 1.3389
v 0.2552 6.5757 1.3164
v 0.2784 6.5716 1.2669
v 0.2994 6.574 1.1638
v 0.3297 6.5818 1.0091
v 0.3158 6.5835 0.8143
v 0.2617 6.5846 0.5995
v 0.1892 6.5904 0.5667
v 0.1975 6.659 0.5647
v 0.289 6.7401 0.641
v 0.3234 6.8108 0.8164
v 0.3235 6.8444 1.0174
v 0.281 6.8139 1.1934
v 0.2594 6.771 1.2986
v 0.2366 6.7272 1.3501
v 0.2286 6.6922 1.3681
v 0.2274 6.6633 1.375
v 0.2282 6.6356 1.3793
v 0.2304 6.6217 1.3957
v 0.2315 6.6155 1.4109
v 0.2351 6.612 1.4214
v 0.2399 6.6112 1.4263
v 0.2443 6.6116 1.4273
v 0.249 6.6119 1.4262
v 0.2575 6.6136 1.4252
v 0.2652 6.6148 1.422
v 0.2715 6.6198 1.4203
v 0.2863 6.6273 1.4142
v 0.2997 6.6336 1.4075
v 0.0949 6.9435 1.6321
v 0.1216 6.9403 1.6052
v 0.6501 5.4769 0.6253
v 0.928 5.4778 0.751
v 1.1852 5.452 0.811
v 1.4188 5.4026 0.8138
v 1.6021 5.2992 0.7867
v 1.7392 5.1679 0.7287
v 1.8258 5.0542 0.6722
v 1.8772 4.9573 0.621
v 1.92 4.8828 0.5824
v 1.9623 4.8169 0.5602
v 2.0324 4.721 0.5595
v 2.1481 4.5786 0.5538
v 2.2944 4.3989 0.5531
v 2.4296 4.2052 0.5544
v 2.5785 4.0159 0.5719
v 2.6782 3.8848 0.5615
v 2.7726 3.7748 0.55
v 4.5493 2.2434 1.797
v 4.5047 2.2894 1.7362
v 4.5356 2.182 1.7478
v 4.4911 2.242 1.6951
v 0.0884 6.9178 1.6368
v 0.1145 6.9187 1.6104
v 0.1466 6.9329 1.5668
v 0.1619 6.919 1.5348
v 0.2815 6.6644 1.4263
v 0.1713 6.9033 1.509
v 0.6313 7.284 1.1039
v 0.6472 7.282 1.0577
v 0.6302 7.3541 1.0902
v 0.6143 7.3462 1.132
v 0.6054 7.424 1.1442
v 0.5906 7.4069 1.1789
v 0.5714 7.4875 1.2133
v 0.5562 7.4629 1.2394
v 0.5016 7.5142 1.3026
v 0.5148 7.5462 1.2847
v 0.4384 7.5899 1.3549
v 0.4284 7.5534 1.3656
v 0.3462 7.6214 1.4155
v 0.3415 7.5805 1.4212
v 0.2505 7.6438 1.4644
v 0.2474 7.5971 1.4697
v 0.1546 7.6553 1.5029
v 0.1529 7.605 1.5063
v 0.061 7.6578 1.5214
v 0.0625 7.6057 1.5264
v 4.3561 2.4865 2.0651
v 4.4685 2.2064 1.6549
v 4.1675 2.5211 1.9245
v 1.1604 4.851 -0.5279
v 0.9682 4.8252 -0.5861
v 0.7655 4.819 -0.5977
v 0.5545 4.8009 -0.4955
v 0.376 4.7876 -0.5217
v 0.1894 4.7746 -0.5068
v 1.5609 4.7807 -0.3741
v 1.4576 4.8268 -0.4179
v 1.6522 4.7132 -0.3381
v 1.7339 4.6515 -0.3079
v 1.8228 4.578 -0.2772
v 1.9354 4.4453 -0.2762
v 1.3267 4.8476 -0.4706
v 2.0814 4.2726 -0.2522
v 2.2309 4.0891 -0.2343
v 2.3884 3.9389 -0.2205
v 2.5233 3.8056 -0.1998
v 2.6534 3.6967 -0.19
v 2.7783 3.5911 -0.1843
v 2.8846 3.5046 -0.1533
v 2.9813 3.4178 -0.1214
v 3.0847 3.3269 -0.0514
v 3.1899 3.2279 0.0628
v 3.3121 3.0964 0.2134
v 3.4452 2.9438 0.4263
v 3.6041 2.7964 0.666
v 3.7887 2.6452 0.9147
v 3.9678 2.5336 1.1295
v 4.1025 2.4453 1.2932
v 4.1994 2.373 1.4194
v 4.2716 2.3179 1.5104
v 4.3149 2.2761 1.5624
v 4.3732 2.1783 1.6369
v 4.3425 2.2309 1.6045
v 4.3787 2.0309 2.6219
v 4.3492 2.0887 2.6078
v 4.3929 2.0691 2.6573
v 4.3632 2.0459 2.5928
v 4.3422 2.2025 2.5378
v 4.316 2.1256 2.5642
v 4.2413 2.3557 2.4121
v 4.4968 2.2202 2.4907
v 4.3293 2.3416 2.4002
v 4.5097 2.1476 1.6974
v 4.4082 2.133 1.6729
v 4.4162 2.2268 2.5273
v 4.3001 2.0875 1.7491
v 4.2941 2.17 1.6886
v 4.2336 2.1661 1.7941
v 4.2196 2.2172 1.7357
v 4.189 2.2201 1.8515
v 4.1743 2.2604 1.7941
v 4.1528 2.2622 1.9089
v 4.1481 2.3081 1.8525
v 4.1162 2.2806 1.9724
v 4.1376 2.3455 1.9089
v 4.1171 2.3842 1.9908
v 4.142 2.4509 2.0616
v 4.1932 2.5011 2.0905
v 4.3167 2.0351 1.7968
v 4.2414 2.1248 1.8357
v 4.1906 2.1597 1.9994
v 4.143 2.1691 2.061
v 4.1956 2.1882 1.8912
v 4.1595 2.216 1.9459
v 4.1147 2.2253 2.0087
v 4.279 2.5026 2.0899
v 4.6865 1.9259 1.9475
v 3.4429 3.1427 1.0603
v 3.6285 2.9833 1.2677
v 3.2553 3.3065 0.8775
v 3.114 3.4451 0.7177
v 3.0509 3.4976 0.6173
v 3.0088 3.5335 0.563
v 2.9625 3.5748 0.5414
v 2.9108 3.6246 0.5387
v 2.8512 3.6882 0.5438
v 4.1885 2.5024 1.998
v 4.1539 2.4581 1.9661
v 4.1328 2.4115 1.9146
v 4.1217 2.3803 1.8566
v 4.1265 2.3357 1.8095
v 4.1514 2.2853 1.7521
v 4.1952 2.2406 1.6937
v 4.273 2.2053 1.6486
v 4.2469 2.227 1.6148
v 4.3813 2.5208 1.8528
v 4.4119 2.4908 1.8166
v 4.4641 2.3774 1.7081
v 4.4639 2.3395 1.6775
v 4.171 2.2585 1.6557
v 4.1254 2.3056 1.7111
v 4.4358 2.4553 1.779
v 4.1016 2.3601 1.7685
v 4.4538 2.4161 1.7415
v 0.4953 4.0815 -0.4151
v 0.3542 4.08 -0.4304
v 1.252 4.0288 -0.159
v 1.1213 4.046 -0.2584
v 0.6388 4.0827 -0.396
v 1.3373 3.9452 0.5505
v 1.377 3.9648 0.1009
v 1.3353 3.9962 -0.0437
v 1.3787 3.9397 0.3079
v 0.7934 4.0786 -0.3792
v 0.1991 4.0747 -0.4069
v 0.9628 4.0638 -0.35
v 0.3409 3.8946 -0.3989
v 0.1753 3.896 -0.3613
v 1.3097 3.7615 0.5797
v 1.3306 3.7365 0.355
v 0.9053 3.8786 -0.2665
v 0.7551 3.8951 -0.3212
v 1.1893 3.8336 -0.0981
v 1.066 3.8523 -0.1927
v 0.6092 3.8964 -0.3492
v 1.2633 3.7963 0.0137
v 0.4793 3.8937 -0.3885
v 1.3089 3.7649 0.1615
v 1.2682 3.8632 0.7823
v 1.2759 3.5224 0.4098
v 1.2476 3.5466 0.2195
v 0.3212 3.6958 -0.3502
v 0.1696 3.6925 -0.3226
v 1.2788 3.5435 0.6186
v 0.8546 3.6544 -0.2105
v 0.7153 3.6758 -0.2639
v 1.1234 3.5984 -0.0449
v 1.0021 3.6218 -0.1357
v 0.5825 3.68 -0.3093
v 1.2039 3.5714 0.063
v 0.4596 3.6818 -0.3488
v 1.2425 3.6467 0.8156
v 1.2335 3.2999 0.4779
v 1.1844 3.305 0.3019
v 0.2946 3.4452 -0.2776
v 0.156 3.4588 -0.2771
v 1.2471 3.325 0.6652
v 0.7959 3.4004 -0.1692
v 0.6681 3.422 -0.2177
v 1.054 3.3506 0.0158
v 0.9322 3.3716 -0.0888
v 0.548 3.4335 -0.2569
v 1.1241 3.3293 0.1702
v 0.4325 3.4419 -0.2873
v 1.213 3.3966 0.8538
v 1.1707 3.0669 0.5293
v 1.1344 3.0728 0.3663
v 0.2899 3.2002 -0.2345
v 0.1625 3.1917 -0.2197
v 1.2246 3.0931 0.7184
v 0.7501 3.1656 -0.1332
v 0.6305 3.1779 -0.1742
v 0.987 3.1119 0.1014
v 0.8784 3.1409 -0.0507
v 0.5197 3.1878 -0.2051
v 1.0696 3.0912 0.229
v 0.4081 3.199 -0.2222
v 1.2012 3.153 0.9005
v 1.1705 2.8545 0.5471
v 1.1107 2.8495 0.3949
v 0.2792 2.9692 -0.1921
v 0.1579 2.9566 -0.1885
v 1.2034 2.8691 0.7355
v 0.7361 2.9401 -0.0837
v 0.6208 2.9595 -0.1425
v 0.9521 2.8887 0.1412
v 0.8469 2.9115 0.0218
v 0.5115 2.9716 -0.183
v 1.0473 2.8672 0.2582
v 0.3964 2.9724 -0.1938
v 1.1923 2.9054 0.9153
v 1.207 2.6703 0.8972
v 1.2077 2.6576 0.716
v 1.1871 2.6542 0.5241
v 1.1199 2.6485 0.3832
v 0.2813 2.7563 -0.1852
v 0.1637 2.7513 -0.1906
v 0.7295 2.7286 -0.0538
v 0.6142 2.7518 -0.1204
v 0.9312 2.6818 0.17
v 0.8375 2.7066 0.0541
v 0.5021 2.7654 -0.1581
v 1.0352 2.6632 0.271
v 0.3934 2.7681 -0.1799
v 0.3999 2.5859 -0.1882
v 0.2938 2.5733 -0.1984
v 1.2164 2.499 0.8543
v 1.2311 2.4983 0.6764
v 1.1985 2.4865 0.4894
v 1.1518 2.4878 0.345
v 0.1725 2.559 -0.1975
v 0.7297 2.5459 -0.0242
v 0.6186 2.5711 -0.1153
v 0.9632 2.5138 0.1485
v 0.8409 2.5307 0.0632
v 0.5075 2.5847 -0.1646
v 1.0645 2.4997 0.2423
v 1.0943 2.3774 0.207
v 1.1765 2.375 0.3114
v 1.2165 2.2629 0.2871
v 1.1328 2.2645 0.1682
v 0.4104 2.4362 -0.2025
v 0.2923 2.4216 -0.233
v 1.2564 2.3655 0.6463
v 1.2367 2.3601 0.8232
v 1.2634 2.2358 0.7989
v 1.2946 2.2481 0.6192
v 1.2364 2.3718 0.4656
v 1.2742 2.2581 0.4356
v 0.1686 2.4023 -0.2427
v 0.752 2.409 -0.041
v 0.6324 2.431 -0.1141
v 0.5177 2.4401 -0.1675
v 1.2685 2.138 0.2509
v 1.1663 2.1382 0.1314
v 0.301 2.3027 -0.2568
v 0.4186 2.3099 -0.2269
v 0.4205 2.182 -0.2576
v 0.2999 2.1842 -0.2946
v 1.304 2.1084 0.786
v 1.3425 2.1214 0.5969
v 1.3152 2.1339 0.4034
v 0.1669 2.2953 -0.2744
v 0.1624 2.1855 -0.3041
v 0.6529 2.3001 -0.1354
v 0.7797 2.287 -0.0779
v 0.806 2.1583 -0.1299
v 0.6706 2.1703 -0.1857
v 0.5329 2.3123 -0.1977
v 0.5426 2.1788 -0.2268
v 1.1887 3.9273 0.9459
v 1.1732 3.7221 0.9663
v 1.1572 2.6736 1.0594
v 1.0284 2.6745 1.1899
v 1.0571 2.4872 1.1603
v 1.1964 2.5042 1.0256
v 1.1191 2.932 1.074
v 1.0194 2.9497 1.2128
v 1.1199 3.2033 1.062
v 0.2835 2.396 1.4722
v 0.1324 2.4079 1.4841
v 0.1187 2.2087 1.4572
v 0.2823 2.1965 1.4434
v 1.0225 3.2371 1.2133
v 0.6947 3.2829 1.5009
v 0.8987 3.2334 1.3631
v 0.4827 2.3786 1.4319
v 0.4752 2.181 1.4061
v 1.1513 3.4834 1.0222
v 0.2988 2.9021 1.5719
v 0.135 2.9377 1.5876
v 0.1318 2.6828 1.5375
v 0.2948 2.6509 1.5241
v 0.6801 3.0305 1.4715
v 0.874 2.9741 1.3451
v 0.4783 2.8423 1.53
v 0.4798 2.6127 1.4779
v 0.2938 3.1627 1.614
v 0.1334 3.1978 1.6204
v 0.4747 3.1072 1.5789
v 0.6897 2.7346 1.4577
v 0.874 2.6787 1.3209
v 0.4642 3.3587 1.5828
v 0.3013 3.413 1.6008
v 0.1487 3.4484 1.6002
v 0.6826 2.5399 1.4003
v 0.8898 2.4881 1.29
v 0.9027 2.3432 1.2742
v 0.6826 2.3604 1.3696
v 0.6937 2.1894 1.3394
v 0.9179 2.1994 1.249
v 1.0967 2.215 1.1297
v 1.083 2.3516 1.1458
v 1.2126 2.3622 0.999
v 1.225 2.2307 0.9798
v 1.0023 2.3834 0.1096
v 0.8845 2.3956 0.0278
v 0.0995 2.0246 1.4248
v 0.0587 1.97 1.3937
v 0.1418 1.8534 1.416
v 0.0895 1.8458 1.3982
v 0.1186 1.6568 1.4526
v 0.0758 1.7235 1.4059
v 0.0347 1.9166 1.4136
v 0.0534 1.8405 1.4046
v 0.0453 1.767 1.3971
v 0.4942 2.0191 1.3835
v 0.7026 2.0255 1.313
v 0.9211 2.045 1.2277
v 1.1168 2.0712 1.1177
v 1.2556 2.094 0.9729
v 0.2899 2.0388 1.4275
v 0.7211 1.8565 1.2972
v 0.9388 1.8791 1.2125
v 1.143 1.9121 1.1071
v 1.3417 1.9999 0.1906
v 1.2449 2.0044 0.0277
v 1.2975 1.9426 0.9658
v 1.3877 1.9965 0.3727
v 0.5093 1.8367 1.3673
v 1.3627 1.9646 0.7744
v 1.4111 1.9814 0.5765
v 0.3107 1.8352 1.4078
v 1.0366 2.2656 0.073
v 0.912 2.274 -0.0095
v 1.3516 1.7628 0.9504
v 1.4235 1.7884 0.7578
v 0.9717 1.6829 1.1978
v 1.1918 1.7262 1.0932
v 1.4856 1.8124 0.5575
v 1.4734 1.8342 0.3384
v 0.3284 1.6051 1.4211
v 0.5287 1.6143 1.363
v 0.7429 1.6502 1.2866
v 1.4155 1.8319 0.1249
v 1.3281 1.8364 -0.0701
v 1.1872 1.8273 -0.1905
v 1.1241 1.9973 -0.0657
v 1.0659 2.1343 0.0386
v 0.9414 2.1459 -0.0627
v 0.289 2.0294 -0.3375
v 0.1533 2.0415 -0.3383
v 0.8316 2.0128 -0.2018
v 0.686 2.0252 -0.2613
v 0.4186 2.0339 -0.3069
v 0.5441 2.0288 -0.2784
v 0.6957 1.8387 -0.3699
v 0.54 1.8383 -0.3759
v 0.2767 1.8424 -0.4044
v 0.1393 1.8444 -0.3948
v 0.86 1.8334 -0.3313
v 0.4054 1.8385 -0.3893
v 0.1291 1.5782 -0.5124
v 0.2525 1.5942 -0.5098
v 0.9834 2.0045 -0.1454
v 1.0273 1.8248 -0.2701
v 0.3788 1.5994 -0.5078
v 0.1153 1.3658 -0.6039
v 0.104 1.1322 -0.6971
v 0.689 1.385 -0.6738
v 0.8902 1.3837 -0.6505
v 0.9001 1.1406 -0.799
v 0.6764 1.1479 -0.816
v 0.5024 1.3777 -0.6429
v 0.481 1.1454 -0.7946
v 0.3507 1.3755 -0.6313
v 0.3233 1.1381 -0.7463
v 0.2292 1.3694 -0.619
v 0.2001 1.1323 -0.7157
v 1.064 1.599 -0.4112
v 1.2393 1.6095 -0.3265
v 1.2669 1.3839 -0.4407
v 1.0804 1.3762 -0.548
v 0.0767 0.8687 -0.7634
v 1.2813 1.1349 -0.548
v 1.0925 1.1359 -0.6973
v 0.1559 0.8711 -0.7844
v 0.6706 0.8768 -0.93
v 0.8925 0.8694 -0.9161
v 0.8862 0.5929 -0.9951
v 0.6624 0.6004 -1.0154
v 0.4367 0.8845 -0.8981
v 0.4089 0.5921 -0.9622
v 0.2763 0.8812 -0.8381
v 0.2527 0.5854 -0.9169
v 0.1325 0.5775 -0.8423
v 0.0681 0.5706 -0.7792
v 0.8619 0.3482 -0.9672
v 0.6155 0.3575 -0.9993
v 0.3917 0.3569 -0.9664
v 1.1066 0.8652 -0.826
v 1.2926 0.859 -0.6511
v 1.3059 0.5809 -0.6985
v 1.1056 0.5853 -0.8812
v 0.2385 0.349 -0.9222
v 0.1231 0.3422 -0.8368
v 0.0645 0.3433 -0.7543
v 0.0643 0.0833 -0.6754
v 0.8455 0.1168 -0.9346
v 0.5964 0.1224 -0.9501
v 0.3802 0.1179 -0.9217
v 1.3159 0.3334 -0.7077
v 1.0984 0.3369 -0.88
v 0.2268 0.1024 -0.8682
v 0.1249 0.0892 -0.7559
v 0.0626 -0.1508 -0.4974
v 0.8219 -0.1102 -0.8724
v 0.5683 -0.1254 -0.8489
v 0.3774 -0.11 -0.8112
v 1.3258 0.1104 -0.6837
v 1.092 0.1091 -0.8408
v 0.221 -0.1359 -0.72
v 0.1204 -0.1424 -0.6028
v 0.5509 -0.4585 -0.6099
v 0.3528 -0.391 -0.5733
v 1.3482 -0.0889 -0.6353
v 1.0926 -0.1011 -0.7841
v 0.2198 -0.3683 -0.5399
v 0.1344 -0.3364 -0.3683
v 0.0653 -0.3317 -0.2637
v 0.82 -0.366 -0.7394
v 0.9006 -0.5766 -0.6489
v 0.6779 -0.6726 -0.5482
v 1.3953 -0.2663 -0.5656
v 1.125 -0.3062 -0.6944
v 0.2195 -0.5008 -0.2943
v 0.1561 -0.4392 -0.1798
v 0.0816 -0.4101 -0.1004
v 1.4973 1.622 0.0712
v 1.5675 1.6243 0.3053
v 1.6339 1.3929 0.2657
v 1.5402 1.3887 0.0175
v 1.5096 1.5831 0.7386
v 1.3807 1.5465 0.9185
v 1.4734 1.318 0.9035
v 1.5944 1.3533 0.7191
v 1.5775 1.6051 0.5341
v 1.641 1.3747 0.5016
v 1.3755 1.6138 -0.1595
v 1.4114 1.3845 -0.2284
v 1.5575 1.144 -0.0399
v 1.4213 1.1315 -0.2935
v 1.6631 1.1382 0.221
v 1.5065 1.0731 0.8889
v 1.6362 1.1065 0.6927
v 1.6735 1.1271 0.4631
v 0.1671 0.3277 1.2976
v 0.1815 0.6349 1.3719
v 0.3535 0.3952 1.2916
v 0.3741 0.6989 1.3542
v 1.4374 0.8644 -0.3654
v 1.5812 0.8654 -0.098
v 1.6123 0.5911 -0.139
v 1.4715 0.5901 -0.4229
v 1.6906 0.8674 0.1729
v 1.7043 0.5841 0.1423
v 1.652 0.8402 0.6748
v 1.5361 0.8108 0.8918
v 1.5571 0.5278 0.896
v 1.6723 0.5569 0.6698
v 1.6964 0.8624 0.4228
v 1.7157 0.5738 0.408
v 1.6404 0.3394 -0.1511
v 1.4975 0.3437 -0.4374
v 1.7275 0.322 0.1414
v 1.5844 0.258 0.921
v 1.7073 0.2976 0.6896
v 1.7416 0.3086 0.4186
v 1.6648 0.1157 -0.1308
v 1.5246 0.1231 -0.4222
v 1.7472 0.1015 0.1649
v 1.6091 0.0561 0.9472
v 1.7382 0.0932 0.7255
v 1.7701 0.0985 0.4498
v 1.7072 -0.0742 -0.0895
v 1.5669 -0.0694 -0.3811
v 1.7814 -0.0799 0.2016
v 1.6419 -0.1057 0.9693
v 1.7663 -0.0791 0.7605
v 1.8099 -0.0752 0.4855
v 1.747 -0.2348 -0.05
v 1.6119 -0.2353 -0.3316
v 1.8194 -0.2401 0.2342
v 0.8356 -0.3781 1.1183
v 0.5573 -0.4303 1.0159
v 0.6214 -0.6179 1.0158
v 0.8925 -0.5481 1.1114
v 1.8493 -0.2401 0.5124
v 1.6727 -0.2646 0.9843
v 1.4801 -0.2895 1.1028
v 1.5219 -0.4425 1.1067
v 1.7067 -0.4123 0.9959
v 0.5616 0.4876 1.2432
v 0.5754 0.7781 1.2899
v 0.7855 0.5862 1.1839
v 0.7863 0.8668 1.2242
v 0.3717 1.0085 1.3914
v 0.1761 0.964 1.4202
v 0.9854 1.4552 1.1794
v 0.7637 1.3954 1.2692
v 0.7771 1.1374 1.2427
v 1.0049 1.2057 1.1548
v 0.5531 1.3437 1.3514
v 0.5699 1.0685 1.3334
v 0.3541 1.3051 1.4169
v 1.2167 1.5043 1.0686
v 1.2516 1.2675 1.0462
v 1.029 0.9488 1.1389
v 1.2999 1.0323 1.0472
v 1.0548 0.6819 1.1409
v 1.3417 0.7601 1.059
v 1.0796 0.4151 1.1511
v 1.3543 0.4828 1.0602
v 0.5277 0.2189 1.1613
v 0.7933 0.3283 1.1746
v 0.1503 0.0796 1.2115
v 0.3096 0.123 1.1942
v 1.0938 0.1642 1.1598
v 1.3762 0.2172 1.0772
v 0.4908 0.0179 1.0887
v 0.7861 0.1033 1.157
v 0.1351 -0.1107 1.1139
v 0.264 -0.0687 1.1108
v 1.0979 -0.0216 1.1554
v 1.404 0.0241 1.0886
v 0.4062 -0.1454 1.0405
v 0.7651 -0.0735 1.1379
v 0.1178 -0.2285 1.0266
v 0.2325 -0.1915 1.0285
v 1.1191 -0.1774 1.1485
v 1.4432 -0.1326 1.0972
v 0.7853 -0.2309 1.1233
v 0.5218 1.6002 -0.5063
v 0.6932 1.604 -0.5084
v 0.8821 1.6064 -0.4913
v 0.0899 -0.3511 0.8421
v 0.0837 -0.4044 0.6178
v 0.1495 -0.3791 0.602
v 0.1843 -0.3131 0.8262
v 0.2236 -0.4265 0.5816
v 0.2522 -0.3187 0.8126
v 0.148 1.2769 1.4498
v 0.49 -0.2993 1.0068
v 1.8515 -0.369 0.257
v 1.7713 -0.3681 -0.0264
v 1.6376 -0.3823 -0.3034
v 1.429 -0.4355 -0.5079
v 1.1582 -0.3313 1.1424
v 1.8846 -0.3735 0.531
v 1.1706 -0.5004 -0.6079
v 0.2475 -0.6195 0.3723
v 0.2644 -0.5552 0.5703
v 0.207 -0.5121 0.3923
v 0.3241 -0.4468 0.8075
v 1.2046 -0.4955 1.1383
v 0.3149 -0.6929 0.5651
v 0.3843 -0.5791 0.807
v 0.2955 -0.7557 0.3575
v 0.3767 -0.8453 0.5612
v 0.4476 -0.7406 0.8044
v 0.3558 -0.9063 0.3416
v 1.8278 -0.3762 0.7935
v 1.7985 -0.2349 0.7822
v 0.3094 -0.5729 -0.3318
v 0.4295 -0.6818 -0.354
v 0.5303 -0.8151 -0.3602
v 0.4216 -1.076 0.3285
v 0.4414 -1.0259 0.5602
v 1.2535 -0.6717 1.1337
v 1.5593 -0.5995 1.1082
v 1.2257 -0.649 -0.5813
v 0.9815 -0.735 -0.6167
v 0.7677 -0.8429 -0.5086
v 0.5977 -0.9643 -0.3636
v 1.796 -0.4924 -0.0158
v 1.6698 -0.5135 -0.2934
v 1.7455 -0.5535 1.0034
v 1.4692 -0.5755 -0.4895
v 1.8626 -0.5086 0.8015
v 0.7019 -0.8376 1.0053
v 0.9509 -0.7497 1.1038
v 1.8749 -0.4925 0.2683
v 1.9105 -0.4962 0.5416
v 0.5216 -0.9469 0.799
v 1.2792 -0.8237 -0.5721
v 1.0447 -0.9282 -0.5905
v 1.519 -0.7431 -0.4784
v 1.0271 -0.987 1.0924
v 1.3096 -0.8833 1.1295
v 1.9034 -0.6727 0.2703
v 1.8319 -0.669 -0.0093
v 0.8312 -1.0435 -0.4871
v 0.5125 -1.2583 0.5517
v 0.6083 -1.1924 0.783
v 1.9388 -0.6739 0.5406
v 1.5955 -0.8025 1.1104
v 1.7906 -0.7418 1.0043
v 1.9057 -0.6919 0.801
v 0.4887 -1.2869 0.3173
v 1.7137 -0.6874 -0.283
v 0.7831 -1.0867 0.9837
v 0.6503 -1.1419 -0.3529
v 1.1629 -1.6309 1.0822
v 1.1018 -1.2846 1.077
v 0.8661 -1.3882 0.9592
v 0.9295 -1.7316 0.9443
v 0.7741 -1.8171 0.7429
v 0.6805 -1.483 0.7632
v 0.6882 -1.8784 0.5241
v 0.7753 -2.2309 0.5275
v 0.8508 -2.1727 0.7467
v 0.6529 -1.9099 0.3042
v 0.7323 -2.2674 0.3143
v 0.6527 -1.9151 0.0874
v 0.7332 -2.2739 0.1036
v 0.7115 -1.8851 -0.1063
v 0.5516 -1.5754 0.0803
v 0.6392 -1.5338 -0.1243
v 0.8093 -1.825 -0.2887
v 0.7201 -1.467 -0.3269
v 0.8871 -1.349 -0.4676
v 0.9692 -1.7193 -0.4254
v 1.0805 -1.2227 -0.5676
v 1.156 -1.6059 -0.51
v 1.322 -1.1228 -0.556
v 1.377 -1.5032 -0.5154
v 1.6167 -1.4332 -0.4163
v 1.6598 -1.8329 -0.3458
v 1.4282 -1.899 -0.4496
v 1.5631 -1.0387 -0.4531
v 1.7439 -0.995 -0.2598
v 1.7875 -1.3892 -0.234
v 1.9454 -2.6524 0.2562
v 1.9162 -2.6672 0.0934
v 1.9398 -2.2304 0.0831
v 1.9568 -2.2289 0.2703
v 1.1605 -2.5061 -0.304
v 1.3185 -2.4244 -0.3593
v 1.3911 -2.849 -0.3234
v 1.2314 -2.9151 -0.283
v 0.9399 -2.9989 0.53
v 0.9907 -2.9495 0.719
v 0.9134 -2.5661 0.7433
v 0.8527 -2.6192 0.5308
v 1.9615 -2.2238 0.4392
v 1.9593 -2.6662 0.4138
v 1.5871 -2.7508 0.9593
v 1.7637 -2.6917 0.8741
v 1.7483 -2.2626 1.0001
v 1.5343 -2.3181 1.0569
v 1.9005 -2.6677 0.7374
v 1.9532 -2.662 0.5741
v 1.959 -2.2136 0.6355
v 1.8827 -2.2284 0.8386
v 0.9306 -3.0281 0.3391
v 0.8347 -2.6515 0.3235
v 1.8495 -2.2498 -0.1155
v 1.8646 -2.6957 -0.0843
v 1.2915 -2.4007 1.0317
v 1.041 -2.4903 0.9417
v 1.1378 -2.8828 0.8992
v 1.3685 -2.8083 0.954
v 1.7068 -2.2932 -0.261
v 1.7426 -2.7354 -0.2219
v 0.9768 -2.5815 -0.2263
v 1.0849 -2.9772 -0.175
v 1.4985 -2.3582 -0.3603
v 1.5661 -2.7825 -0.3179
v 1.943 -2.9274 0.5321
v 1.9474 -2.9289 0.3874
v 1.8644 -2.9703 -0.078
v 1.7477 -3.0001 -0.2242
v 1.7837 -2.9733 0.7927
v 1.8953 -2.9374 0.6714
v 1.2704 -3.1903 -0.2811
v 1.1363 -3.2436 -0.1663
v 1.5804 -3.0528 -0.2992
v 1.4171 -3.1159 -0.3234
v 1.4153 -3.0616 0.8723
v 1.623 -3.005 0.8994
v 1.9469 -2.9318 0.2426
v 1.9192 -2.9437 0.0873
v 1.009 -3.2552 0.5211
v 1.0755 -3.2059 0.6895
v 0.993 -3.2814 0.3491
v 1.2238 -3.1163 0.8377
v 1.4641 -3.2566 0.8842
v 1.6301 -3.2122 0.8729
v 1.9533 -3.1256 0.2243
v 1.9367 -3.1283 0.0691
v 1.4277 -3.2932 -0.3245
v 1.2863 -3.3608 -0.2805
v 1.0588 -3.4279 0.5024
v 1.1392 -3.3843 0.6731
v 1.9567 -3.1297 0.3691
v 1.7708 -3.1769 0.7621
v 1.8567 -3.1593 0.6374
v 1.9194 -3.1444 0.5059
v 1.0181 -3.4494 0.3332
v 1.8739 -3.1467 -0.096
v 1.2955 -3.3163 0.8353
v 1.7463 -3.1803 -0.2244
v 1.1658 -3.4081 -0.1584
v 1.5829 -3.2333 -0.2941
v 1.9408 -3.325 0.4903
v 1.9839 -3.303 0.351
v 1.8837 -3.2929 -0.1143
v 1.7533 -3.3295 -0.2326
v 1.778 -3.3704 0.7417
v 1.8748 -3.3464 0.6244
v 1.3024 -3.4966 -0.2736
v 1.1848 -3.5468 -0.1605
v 1.6073 -3.3778 -0.3157
v 1.442 -3.4362 -0.3309
v 1.4743 -3.4383 0.8862
v 1.6482 -3.4016 0.8461
v 1.9784 -3.2913 0.2062
v 1.9672 -3.2815 0.051
v 1.0909 -3.5873 0.487
v 1.1767 -3.5492 0.6625
v 1.0393 -3.6036 0.3149
v 1.3364 -3.4813 0.846
v 1.5094 -3.6058 0.876
v 1.683 -3.577 0.8568
v 1.9956 -3.4515 0.1855
v 1.9814 -3.4346 0.0303
v 1.4583 -3.5711 -0.3466
v 1.3231 -3.627 -0.2779
v 1.1 -3.7503 0.4715
v 1.1944 -3.7141 0.6478
v 2.0075 -3.4694 0.3329
v 1.8134 -3.5494 0.7444
v 1.9147 -3.5183 0.6167
v 1.9664 -3.4962 0.4774
v 1.0544 -3.7604 0.2976
v 1.8931 -3.4303 -0.1356
v 1.3661 -3.6419 0.8365
v 1.7627 -3.4658 -0.2465
v 1.2104 -3.6839 -0.1691
v 1.6262 -3.5137 -0.3333
v 1.4024 -3.8072 0.8049
v 1.5452 -3.7712 0.8448
v 1.9692 -3.6692 0.4566
v 2.0272 -3.637 0.3121
v 1.9137 -3.584 -0.1572
v 1.7828 -3.6138 -0.2697
v 1.8352 -3.7157 0.7468
v 1.9203 -3.6878 0.601
v 1.3563 -3.7762 -0.2939
v 1.2394 -3.8395 -0.1967
v 1.653 -3.6609 -0.3521
v 1.4894 -3.7197 -0.364
v 1.7156 -3.7412 0.8373
v 2.0224 -3.6169 0.1673
v 2.001 -3.5968 0.0095
v 1.1304 -3.9215 0.4457
v 1.2401 -3.8817 0.6184
v 1.0986 -3.9261 0.2733
v 1.5706 -3.949 0.8005
v 1.7362 -3.9036 0.7845
v 2.0602 -3.7813 0.1415
v 2.0599 -3.7625 -0.0213
v 1.5236 -3.8954 -0.4062
v 1.3846 -3.9567 -0.3438
v 1.208 -4.1045 0.406
v 1.3063 -4.0647 0.5681
v 2.0644 -3.7934 0.2915
v 1.8467 -3.8685 0.7065
v 1.9264 -3.8463 0.5751
v 2.003 -3.8215 0.4359
v 1.1959 -4.1048 0.2385
v 1.9586 -3.765 -0.1872
v 1.4525 -3.9871 0.737
v 1.8325 -3.789 -0.3086
v 1.2786 -4.0233 -0.2333
v 1.6944 -3.8353 -0.3915
v 1.9667 -3.9936 0.5467
v 2.0464 -3.9704 0.4153
v 1.2725 -4.3101 0.1906
v 1.3019 -4.3082 0.3618
v 2.1022 -3.9364 -0.0574
v 2.0238 -3.945 -0.2368
v 1.5136 -4.1867 0.6526
v 1.628 -4.1322 0.7137
v 2.1063 -3.9484 0.2709
v 1.8921 -3.9756 -0.3706
v 1.8682 -4.0269 0.6627
v 1.4146 -4.1619 -0.3958
v 1.3172 -4.2351 -0.2746
v 1.7295 -4.0308 -0.442
v 1.5645 -4.0913 -0.4547
v 1.7545 -4.0752 0.7165
v 2.1128 -3.9437 0.1132
v 1.3877 -4.2675 0.5099
v 1.9389 -4.16 -0.4208
v 1.7674 -4.2325 -0.4976
v 1.6708 -4.3489 0.6105
v 1.782 -4.2778 0.6335
v 2.1886 -4.1121 0.0851
v 2.1796 -4.1097 -0.0934
v 1.5976 -4.3041 -0.5149
v 1.4459 -4.3868 -0.458
v 1.3638 -4.5342 0.3159
v 1.454 -4.4918 0.4441
v 2.1561 -4.1225 0.2503
v 1.8956 -4.2167 0.6057
v 1.9976 -4.1852 0.5092
v 2.0883 -4.1549 0.4012
v 1.3081 -4.5455 0.165
v 2.0837 -4.1157 -0.2837
v 1.5667 -4.4157 0.5533
v 1.3366 -4.4683 -0.3274
v 2.0391 -4.4148 0.4855
v 2.136 -4.3841 0.3732
v 1.3509 -4.7874 0.1358
v 1.4179 -4.7761 0.2798
v 2.2793 -4.3247 -0.1292
v 2.1751 -4.3334 -0.323
v 1.6238 -4.6663 0.477
v 1.7176 -4.5992 0.5275
v 2.2339 -4.3392 0.2324
v 2.0137 -4.3905 -0.4771
v 1.9286 -4.4563 0.5473
v 1.4654 -4.6424 -0.5228
v 1.3585 -4.7018 -0.3966
v 1.8212 -4.4721 -0.5685
v 1.626 -4.5568 -0.5757
v 1.8167 -4.5259 0.5618
v 2.2913 -4.3206 0.0622
v 1.52 -4.732 0.3868
v 1.5146 -4.9171 -0.5633
v 1.4111 -4.9759 -0.4129
v 1.8999 -4.7559 -0.6321
v 1.6709 -4.8405 -0.6366
v 2.106 -4.6827 -0.5272
v 1.7626 -4.8815 0.4727
v 1.8554 -4.8146 0.5325
v 2.372 -4.5882 0.048
v 2.3819 -4.5965 -0.1694
v 1.5103 -5.0229 0.2429
v 1.6012 -4.9854 0.3458
v 2.2997 -4.6109 0.2329
v 1.9623 -4.7491 0.5102
v 2.0767 -4.6995 0.4666
v 2.1804 -4.6656 0.3625
v 1.4233 -5.0421 0.1127
v 2.2855 -4.623 -0.3685
v 1.6833 -4.9353 0.4263
v 2.327 -4.9654 0.2421
v 2.4217 -4.9374 0.0622
v 1.8929 -5.1337 0.491
v 1.9991 -5.0753 0.4904
v 2.1099 -5.0302 0.453
v 2.2152 -5.0002 0.3663
v 1.5226 -5.3152 0.098
v 1.605 -5.2926 0.2172
v 2.4348 -4.9328 -0.1741
v 2.3528 -4.961 -0.386
v 1.7383 -5.2263 0.3856
v 1.8089 -5.1843 0.4362
v 2.1856 -5.0122 -0.5567
v 1.5789 -5.2262 -0.5765
v 1.4717 -5.2758 -0.4104
v 1.9742 -5.0818 -0.6402
v 1.7518 -5.1588 -0.6409
v 1.6702 -5.2632 0.3179
v 1.6678 -5.5411 -0.5439
v 1.5757 -5.5811 -0.3795
v 2.0052 -5.4275 -0.584
v 1.8154 -5.4873 -0.5986
v 2.2008 -5.3617 -0.5377
v 1.8589 -5.5071 0.3884
v 1.9326 -5.4756 0.4276
v 2.4368 -5.3092 0.0823
v 2.4414 -5.2935 -0.1296
v 1.6872 -5.5935 0.1956
v 1.7433 -5.5663 0.2828
v 2.3476 -5.3376 0.2553
v 2.0304 -5.4319 0.4496
v 2.1377 -5.389 0.4388
v 2.2416 -5.3646 0.3775
v 1.6291 -5.6107 0.0832
v 2.3763 -5.3115 -0.377
v 1.7938 -5.5379 0.3508
v 1.763 -5.9371 0.1966
v 1.8179 -5.9165 0.2681
v 2.356 -5.7836 0.2198
v 2.4218 -5.772 0.0773
v 1.9924 -5.8611 0.3821
v 2.0762 -5.8391 0.3989
v 2.1693 -5.8177 0.3859
v 2.261 -5.8018 0.3305
v 1.7132 -5.9514 0.0955
v 2.423 -5.7607 -0.1131
v 2.3593 -5.762 -0.3106
v 1.8696 -5.8966 0.3203
v 1.927 -5.8774 0.3535
v 2.2269 -5.7846 -0.4496
v 1.7843 -5.8886 -0.4419
v 1.7179 -5.9223 -0.3175
v 2.0591 -5.8166 -0.5089
v 1.8984 -5.8522 -0.5125
v 2.1969 -7.5578 -0.4262
v 2.3402 -7.5633 -0.4156
v 2.3397 -7.6765 -0.4396
v 2.1947 -7.6705 -0.452
v 1.9444 -7.4909 -0.0254
v 1.9241 -7.6064 -0.0505
v 1.9092 -7.5677 0.1379
v 1.902 -7.4593 0.1504
v 2.5786 -7.5893 0.0507
v 2.5949 -7.486 0.0731
v 2.5244 -7.5288 0.2351
v 2.5546 -7.6138 0.2119
v 2.5718 -7.3787 0.0853
v 2.489 -7.418 0.2635
v 2.4944 -7.2583 0.199
v 2.5382 -7.2569 0.0679
v 2.4676 -7.0912 0.1512
v 2.4924 -7.1001 0.0561
v 2.4308 -6.8677 0.1316
v 2.4532 -6.8682 0.0433
v 2.4399 -6.3693 0.0514
v 2.3974 -6.3678 0.1647
v 2.4377 -6.3718 -0.0927
v 2.4606 -6.8545 -0.0722
v 2.4198 -6.859 -0.1825
v 2.388 -6.3789 -0.2389
v 2.5051 -7.1008 -0.0626
v 2.46 -7.0931 -0.1604
v 2.097 -6.3789 0.3548
v 2.1666 -6.3726 0.3539
v 2.0382 -6.3859 0.3374
v 1.9817 -6.3915 0.3106
v 1.9257 -6.3945 0.268
v 1.8697 -6.4002 0.2031
v 1.8221 -6.4074 0.1145
v 1.7926 -6.4147 0.0067
v 1.6845 -5.955 -0.0308
v 1.6831 -5.9454 -0.1735
v 1.8008 -6.4175 -0.1152
v 1.8511 -6.4209 -0.2386
v 2.2466 -6.3661 0.3317
v 1.9281 -6.4201 -0.3405
v 2.1506 -6.8469 0.3553
v 2.2095 -6.8436 0.3549
v 2.0421 -6.4162 -0.4123
v 2.1155 -6.9309 -0.3439
v 1.994 -6.8991 -0.2692
v 1.9905 -6.8484 0.2485
v 2.0424 -6.8469 0.312
v 2.3254 -6.3672 0.2695
v 2.3889 -6.8544 0.2326
v 2.27 -6.8376 0.3358
v 1.9402 -6.8572 0.1619
v 2.0958 -6.8478 0.3336
v 2.3295 -6.8338 0.3056
v 2.301 -6.3945 -0.3518
v 2.3495 -6.8815 -0.29
v 1.9288 -6.8906 -0.1743
v 2.1795 -6.4054 -0.4178
v 2.2583 -6.9095 -0.3622
v 2.1108 -7.0623 0.3791
v 2.1589 -7.07 0.4045
v 2.3444 -7.0639 0.3254
v 2.4123 -7.0849 0.2613
v 2.4989 -7.2531 -0.1654
v 2.5518 -7.255 -0.059
v 2.2214 -7.0704 0.3899
v 2.131 -7.4394 0.683
v 2.1164 -7.3123 0.5187
v 2.0524 -7.3172 0.4829
v 2.0684 -7.4331 0.6832
v 2.2852 -7.0628 0.3727
v 1.815 -7.9457 1.59
v 1.8621 -7.878 1.5903
v 1.8534 -7.8772 1.557
v 1.8139 -7.9396 1.557
v 2.0453 -7.9603 1.6932
v 2.0038 -7.9167 1.6811
v 2.0035 -7.9271 1.7004
v 2.0395 -7.9698 1.7211
v 1.8936 -8.0168 1.9091
v 1.8721 -7.9925 1.8731
v 1.8527 -8.0108 1.8571
v 1.8896 -8.0472 1.8844
v 2.0307 -7.965 1.7621
v 2.0008 -7.9385 1.7263
v 1.9959 -7.9436 1.7345
v 2.0215 -7.958 1.7772
v 1.8588 -8.0988 1.823
v 1.8168 -8.0445 1.7874
v 1.7928 -8.0541 1.7351
v 1.83 -8.1082 1.7505
v 1.8286 -8.0996 1.6099
v 1.8134 -8.1066 1.6518
v 1.7733 -8.0519 1.6511
v 1.7946 -8.0372 1.6099
v 1.8089 -7.9473 1.6199
v 1.864 -7.8846 1.6142
v 1.8403 -8.0801 1.5513
v 1.8369 -8.0939 1.5775
v 1.8025 -8.0272 1.5832
v 1.8132 -8.0219 1.5454
v 1.8075 -7.9525 1.6477
v 1.8666 -7.8896 1.64
v 2.0087 -8.104 1.6101
v 2.0258 -8.104 1.6505
v 1.9757 -8.1418 1.6506
v 1.9536 -8.1433 1.6089
v 1.9833 -8.093 1.5592
v 1.9897 -8.0996 1.5812
v 1.9459 -8.1389 1.5809
v 1.9384 -8.1294 1.5579
v 2.0392 -8.0817 1.8055
v 2.0033 -8.1158 1.8209
v 2.0037 -8.1418 1.7665
v 2.0431 -8.089 1.7531
v 2.0204 -8.0086 1.8848
v 1.9981 -8.0205 1.902
v 1.9988 -8.0534 1.8818
v 2.027 -8.035 1.8682
v 1.9905 -7.9487 1.7435
v 2.0067 -7.9577 1.7853
v 2.0317 -7.9912 1.8608
v 2.0199 -7.9816 1.865
v 2.0149 -7.9933 1.8772
v 1.8987 -7.9978 1.8892
v 1.8863 -7.9837 1.8803
v 1.9896 -7.8968 1.575
v 2.0211 -7.9373 1.577
v 2.0149 -7.9355 1.5567
v 1.987 -7.8918 1.5496
v 1.8667 -7.91 1.6924
v 1.8153 -7.9614 1.6963
v 1.8369 -7.9664 1.7384
v 1.8723 -7.9199 1.7124
v 1.8823 -7.9305 1.7396
v 1.8627 -7.9579 1.79
v 1.8752 -7.9583 1.8017
v 1.8897 -7.9413 1.7504
v 1.9967 -7.9007 1.6096
v 2.031 -7.9405 1.6078
v 1.9976 -7.9013 1.6341
v 2.0398 -7.944 1.6334
v 1.8825 -7.9605 1.8041
v 1.8977 -7.9496 1.7554
v 1.9231 -8.028 1.9117
v 1.9238 -8.0587 1.8889
v 1.9033 -8.1211 1.8307
v 1.8778 -8.1461 1.7795
v 1.8705 -8.1517 1.6138
v 1.8696 -8.1614 1.651
v 1.8715 -8.1214 1.5487
v 1.8755 -8.1389 1.5791
v 2.0474 -8.0593 1.6026
v 2.0562 -8.0607 1.6502
v 2.0341 -8.0499 1.5585
v 2.0403 -8.0514 1.578
v 2.0526 -8.0506 1.797
v 2.0536 -8.0527 1.7422
v 2.0413 -8.0149 1.8432
v 1.9957 -8.0053 1.896
v 1.9206 -8.0095 1.9017
v 1.9366 -7.8986 1.6869
v 1.932 -7.8766 1.6422
v 2.2243 -7.979 1.7605
v 2.1927 -7.945 1.778
v 2.1931 -7.9513 1.7932
v 2.2213 -7.9797 1.7907
v 2.1128 -8.009 1.8966
v 2.1065 -7.9969 1.872
v 2.0997 -8.0077 1.8638
v 2.1064 -8.0268 1.8901
v 2.2088 -7.9715 1.8266
v 2.1925 -7.9551 1.8119
v 2.1902 -7.9614 1.8162
v 2.203 -7.9742 1.8325
v 2.0878 -8.059 1.8337
v 2.0808 -8.0153 1.8209
v 2.077 -8.0134 1.7664
v 2.0825 -8.0895 1.7458
v 2.2218 -7.976 1.733
v 2.192 -7.9217 1.7554
v 1.9064 -7.8427 -0.1129
v 1.8958 -7.9591 -0.1312
v 1.9231 -7.8639 0.0892
v 1.9161 -7.7691 0.1
v 2.222 -8.0602 1.8358
v 2.1846 -8.0944 1.865
v 2.1807 -8.1197 1.742
v 2.2217 -8.0836 1.7412
v 2.2046 -8.0084 1.8884
v 2.1809 -8.0176 1.9071
v 2.185 -8.0402 1.9012
v 2.2102 -8.0231 1.8809
v 2.1859 -7.9674 1.8218
v 2.1931 -7.9762 1.8371
v 2.2079 -7.9986 1.8652
v 2.2008 -7.9903 1.874
v 2.1951 -7.9973 1.891
v 2.1187 -7.999 1.8932
v 2.1136 -7.99 1.8753
v 1.9294 -8.0249 -0.1119
v 1.9292 -7.9623 0.0847
v 2.0802 -8.005 1.7216
v 2.0896 -8.0768 1.6874
v 2.1808 -8.0967 1.6708
v 2.2118 -8.075 1.6819
v 2.1157 -7.943 1.7812
v 2.0949 -7.946 1.7786
v 2.0937 -7.961 1.7989
v 2.1155 -7.9504 1.7966
v 2.1196 -7.9607 1.814
v 2.1039 -7.9756 1.8276
v 2.1095 -7.9798 1.8325
v 2.1222 -7.9666 1.8197
v 2.1156 -7.9208 1.7582
v 2.0945 -7.9423 1.7443
v 2.1207 -7.9794 1.8372
v 2.1267 -7.9713 1.8244
v 2.1323 -8.0174 1.9062
v 2.1294 -8.0405 1.9047
v 2.1161 -8.0898 1.8647
v 2.1194 -8.1232 1.7454
v 2.2324 -8.0257 1.8066
v 2.2313 -8.0366 1.7467
v 2.2152 -8.0042 1.8585
v 2.1829 -8.0067 1.8984
v 2.1297 -8.0059 1.9014
v 2.1249 -8.1041 1.6765
v 2.2248 -8.032 1.7014
v 0.1729 6.8944 1.489
v 0.1757 6.8899 1.4694
v 0.334 7.0395 1.4313
v 0.2425 7.0794 1.4417
v 0.2136 7.0547 1.4478
v 0.283 7.0134 1.4491
v 0.1403 7.1364 1.4467
v 0.105 7.1691 1.4622
v 0.0974 7.1406 1.4862
v 0.1297 7.1108 1.468
v 0.0341 7.0978 1.5712
v 0.063 7.0869 1.556
v 0.0643 7.1268 1.5321
v 0.0347 7.141 1.5487
v 0.1819 7.1079 1.4383
v 0.1678 7.083 1.4551
v 0.1645 6.8614 1.4846
v 0.2505 7.1026 1.4335
v 0.2546 7.1251 1.4238
v 0.1969 7.1465 1.4224
v 0.1922 7.1282 1.4315
v 0.0601 7.7176 1.5103
v 0.1581 7.7103 1.4952
v 0.2584 7.695 1.4579
v 0.3541 7.668 1.4028
v 0.1222 6.7908 1.5171
v 0.1857 6.8348 1.4708
v 0.164 6.8001 1.4923
v 0.0589 6.9167 1.6614
v 0.2499 6.7048 1.4565
v 0.2012 7.2507 1.3821
v 0.1937 7.2438 1.3837
v 0.1856 7.2391 1.3849
v 0.1764 7.2308 1.3853
v 0.1493 7.2102 1.4061
v 0.1632 7.2214 1.3891
v 0.4513 7.6307 1.3389
v 0.2012 6.8982 1.4623
v 0.327 7.0815 1.42
v 0.1823 7.1928 1.21
v 0.1859 7.1983 1.1882
v 0.1958 7.2083 1.1595
v 0.5313 7.5811 1.262
v 0.0721 6.2773 1.4686
v 0.0676 6.3331 1.4894
v 0.3236 7.1121 1.4116
v 0.1418 6.9154 1.5735
v 0.6545 7.2113 1.045
v 0.6383 7.2218 1.0939
v 0.1309 6.4115 1.4639
v 0.2282 6.8445 1.4587
v 0.1941 6.4353 1.4294
v 0.2483 6.463 1.4034
v 0.2912 6.4928 1.3829
v 0.1712 6.9974 1.4719
v 0.2034 6.9603 1.4628
v 0.3194 6.522 1.3701
v 0.3301 6.5598 1.3716
v 0.3328 6.599 1.3782
v 0.3221 6.6394 1.3931
v 0.3005 6.6785 1.4164
v 0.2657 6.7257 1.4455
v 0.309 6.805 1.4232
v 0.2605 6.7911 1.4444
v 0.2948 6.7418 1.4282
v 0.3392 6.7543 1.4028
v 0.5861 7.5163 1.1785
v 0.6221 7.4458 1.0994
v 0.6451 7.3655 1.0419
v 0.6617 7.2822 1.0035
v 0.6238 6.9059 1.0719
v 0.5905 6.8425 1.1234
v 0.5974 6.7871 1.0551
v 0.6306 6.8612 1.0068
v 0.6684 7.2016 0.9904
v 0.6664 7.1234 0.9892
v 0.6539 7.1417 1.0447
v 0.6486 7.0748 1.0587
v 0.6606 7.048 1.0028
v 0.6369 7.0106 1.0872
v 0.6478 6.9751 1.0308
v 0.6157 6.9493 1.1288
v 0.5819 6.8923 1.1801
v 0.4451 6.482 1.1575
v 0.0717 6.2082 1.4229
v 0.0759 6.2327 1.4424
v 0.3827 6.6489 1.3511
v 0.35 6.6443 1.3741
v 0.3607 6.5936 1.3544
v 0.3877 6.5884 1.3243
v 0.0942 7.1055 1.5132
v 0.1467 6.2933 1.4487
v 0.1512 6.2503 1.4211
v 0.3541 6.5439 1.3431
v 0.3779 6.5276 1.3063
v 0.3184 6.4208 1.3262
v 0.2703 6.3698 1.3583
v 0.2806 6.3387 1.3327
v 0.3314 6.3918 1.2939
v 0.21 6.3279 1.4032
v 0.2198 6.2877 1.3779
v 0.3546 6.4719 1.3073
v 0.3717 6.4489 1.269
v 0.4012 6.5127 1.2651
v 0.1506 6.2287 1.3991
v 0.2197 6.265 1.3568
v 0.5673 6.9391 1.2261
v 0.6047 6.9888 1.1778
v 0.6586 6.9395 0.9698
v 0.6255 7.0434 1.1377
v 0.6351 7.1014 1.1077
v 0.1227 7.0806 1.4911
v 0.1531 7.0535 1.47
v 0.6387 7.1609 1.0956
v 0.6788 7.105 0.9307
v 0.6879 7.089 0.8745
v 0.6905 7.187 0.8833
v 0.6824 7.1932 0.9359
v 0.6829 7.2872 0.903
v 0.6757 7.2836 0.9518
v 0.6232 7.2322 1.1362
v 0.6248 7.1799 1.1372
v 0.6221 7.1277 1.15
v 0.6094 7.0755 1.1765
v 0.5853 7.0256 1.2159
v 0.5497 6.9821 1.2637
v 0.6718 7.0209 0.9421
v 0.6796 6.9961 0.8807
v 0.0605 7.7675 1.4941
v 0.16 7.7672 1.4763
v 0.2608 7.7507 1.4389
v 0.3674 7.722 1.387
v 0.4688 7.6793 1.3165
v 0.6675 7.3927 0.9465
v 0.6595 7.3793 0.9949
v 0.6371 7.4697 1.0536
v 0.6613 6.9044 0.9022
v 0.632 6.8146 0.9334
v 0.6007 6.7262 0.9796
v 0.5503 6.7903 1.1837
v 0.5558 6.7241 1.1216
v 0.4203 6.6518 1.3134
v 0.4183 6.5831 1.2828
v 0.1362 6.3502 1.4619
v 0.3074 6.4555 1.3526
v 0.258 6.4162 1.3825
v 0.199 6.3798 1.4203
v 0.3371 6.497 1.3416
v 0.2822 6.316 1.3088
v 0.1908 7.023 1.4578
v 0.2384 6.9838 1.455
v 0.3489 6.9519 1.4254
v 0.3851 6.8959 1.3979
v 0.3642 6.702 1.3771
v 0.3253 6.6909 1.3973
v 0.342 6.3682 1.2606
v 0.388 6.4286 1.2295
v 0.4247 6.4983 1.2166
v 0.4555 6.5769 1.2187
v 0.4984 6.5782 1.1305
v 0.5552 6.651 1.0493
v 0.5396 6.8469 1.2375
v 0.1416 7.0264 1.4881
v 0.1171 7.0511 1.514
v 0.0919 7.0715 1.5384
v 0.2297 6.7759 1.4643
v 0.0601 6.8474 -0.1831
v 0.1566 6.7957 -0.1603
v 0.1596 6.8457 -0.1787
v 0.2663 6.8354 -0.1629
v 0.3646 6.9074 -0.1303
v 0.3585 6.8314 -0.1106
v 0.4432 6.9044 -0.0508
v 0.4374 6.8259 -0.0366
v 0.4987 6.9081 0.0566
v 0.491 6.8269 0.0789
v 0.5392 6.9134 0.174
v 0.5313 6.837 0.2001
v 0.5565 6.8685 0.2919
v 0.5737 6.9028 0.3597
v 0.5715 6.8531 0.3925
v 0.4105 6.7113 1.3456
v 0.4561 6.726 1.3001
v 0.4396 6.7861 1.339
v 0.3904 6.768 1.3746
v 0.3629 6.8226 1.4008
v 0.4627 6.6568 1.2581
v 0.4929 6.8105 1.2936
v 0.5038 6.7494 1.2464
v 0.4415 6.9187 1.3619
v 0.4973 6.9449 1.317
v 0.4689 6.9935 1.3472
v 0.4001 6.9741 1.3914
v 0.5072 6.6769 1.1904
v 0.4303 7.0406 1.3772
v 0.411 7.0777 1.387
v 0.3942 7.1108 1.3816
v 0.38 7.1439 1.379
v 0.3698 7.1722 1.3779
v 0.3642 7.1937 1.3842
v 0.3597 7.2113 1.3915
v 0.3536 7.2243 1.3969
v 0.3522 7.235 1.4001
v 0.3477 7.1495 1.1659
v 0.3526 7.1395 1.1909
v 0.3563 7.1342 1.2152
v 0.3592 7.1327 1.2419
v 0.3611 7.1375 1.2768
v 0.3603 7.156 1.3217
v 0.3555 7.1918 1.3629
v 0.3528 7.2468 1.3554
v 0.3497 7.2428 1.3877
v 0.3519 7.2408 1.3967
v 0.3519 7.2406 1.4016
v 0.5174 6.8972 1.2747
v 0.4158 6.8411 1.3714
v 0.4691 6.8653 1.3304
v 0.2121 6.752 1.4771
v 0.2083 6.7215 1.483
v 0.2087 6.6897 1.4875
v 0.1018 6.7424 1.5479
v 0.1678 6.7546 1.5023
v 0.156 6.6146 1.5163
v 0.1437 6.6183 1.4834
v 0.1291 6.7639 1.5213
v 0.1419 6.629 1.4737
v 0.1293 6.6608 1.4602
v 0.1253 6.7047 1.4592
v 0.1234 6.7486 1.4534
v 0.122 6.8004 1.4259
v 0.1317 6.8717 1.3506
v 0.1498 6.9338 1.2219
v 0.1889 6.9669 1.0251
v 0.1814 6.9308 0.8245
v 0.7194 7.341 0.3701
v 0.6951 7.5771 0.8545
v 0.7131 7.6112 0.7985
v 0.7274 7.6428 0.7364
v 0.7399 7.6635 0.661
v 0.749 7.6713 0.5736
v 0.7343 7.5406 0.6403
v 0.74 7.5479 0.5746
v 0.6984 7.4427 0.807
v 0.7095 7.4826 0.7575
v 0.7213 7.5164 0.7061
v 0.7281 7.4384 0.6269
v 0.7322 7.4481 0.577
v 0.7048 7.2982 0.7574
v 0.7108 7.3681 0.7193
v 0.7192 7.4112 0.6785
v 0.6108 6.9378 0.4058
v 0.6042 6.8973 0.439
v 0.6328 7.036 0.3577
v 0.6216 6.9859 0.3787
v 0.6058 6.8684 0.4731
v 0.6226 6.8372 0.5262
v 0.7342 7.442 0.5247
v 0.7429 7.5394 0.5052
v 0.7521 7.655 0.4809
v 0.7037 7.1669 0.7447
v 0.7325 7.3479 0.4668
v 0.7374 7.3125 0.4435
v 0.7054 7.1693 0.3865
v 0.682 7.1006 0.3947
v 0.697 6.9594 0.6723
v 0.7036 7.05 0.6915
v 0.7964 7.2514 0.3992
v 0.8046 7.2823 0.4097
v 0.8565 7.2842 0.3853
v 0.8566 7.2535 0.3663
v 0.6952 6.8252 0.5854
v 0.6904 6.8783 0.6416
v 0.6511 6.9297 0.4734
v 0.6538 6.894 0.4989
v 0.7115 7.1913 0.6809
v 0.7098 7.1212 0.6763
v 0.7123 7.1093 0.654
v 0.7141 7.1672 0.6576
v 0.6993 6.9424 0.482
v 0.7104 6.9839 0.4567
v 0.7617 6.9666 0.4108
v 0.7495 6.9175 0.4435
v 0.7185 7.3321 0.6586
v 0.7263 7.359 0.6186
v 0.7078 7.14 0.7061
v 0.7407 7.3221 0.544
v 0.7335 7.3259 0.5839
v 0.7514 7.3221 0.5774
v 0.7852 7.3438 0.5481
v 0.7278 6.8229 0.5791
v 0.7137 6.8396 0.52
v 0.7492 6.8572 0.5198
v 0.7442 6.8525 0.5724
v 0.7279 7.3134 0.6133
v 0.7275 7.2882 0.6077
v 0.6718 7.052 0.4073
v 0.7058 6.8698 0.4887
v 0.7432 6.8798 0.486
v 0.7148 7.2444 0.6682
v 0.7169 7.2151 0.6499
v 0.7847 7.2124 0.3902
v 0.8531 7.216 0.354
v 0.738 7.2867 0.4201
v 0.7008 6.9657 0.6492
v 0.7122 6.8928 0.6269
v 0.7204 6.9045 0.6128
v 0.7084 6.9745 0.6333
v 0.7175 7.0272 0.4364
v 0.7294 7.055 0.421
v 0.7827 7.0454 0.3707
v 0.7722 7.006 0.3907
v 0.7397 7.2332 0.6156
v 0.7562 7.2641 0.602
v 0.7227 7.2537 0.6335
v 0.7381 6.8988 0.567
v 0.726 6.9307 0.5986
v 0.7296 7.0492 0.6189
v 0.7199 7.1027 0.6275
v 0.7092 7.0446 0.6429
v 0.7891 6.9884 0.4143
v 0.7671 6.9346 0.4569
v 0.7783 7.3061 0.5789
v 0.7316 6.9908 0.617
v 0.8793 7.2405 0.3754
v 0.8725 7.2053 0.3646
v 0.7512 6.8967 0.529
v 0.7213 7.1519 0.6305
v 0.7281 7.1954 0.6272
v 0.8719 7.3089 0.421
v 0.8789 7.2699 0.3923
v 0.8506 7.3134 0.4059
v 0.8535 7.157 0.3544
v 0.8334 7.1048 0.36
v 0.8109 7.102 0.3558
v 0.8355 7.1602 0.3442
v 0.814 7.0583 0.3729
v 0.7565 6.9091 0.4903
v 0.805 7.3232 0.5506
v 0.8015 7.0233 0.3936
v 0.842 7.3293 0.483
v 0.8224 7.3475 0.4834
v 0.7818 7.2788 0.5755
v 0.8089 7.3035 0.5521
v 0.8208 7.0695 0.3863
v 0.8062 7.0324 0.4077
v 0.8365 7.3162 0.4832
v 0.8666 7.2959 0.431
v 0.728 7.0973 0.609
v 0.729 7.141 0.6129
v 0.7732 6.955 0.4626
v 0.7591 6.9293 0.4949
v 0.7484 7.2172 0.606
v 0.7606 7.2472 0.5938
v 0.7385 6.927 0.56
v 0.7284 6.9529 0.5871
v 0.7468 7.0476 0.6024
v 0.7939 7.0035 0.4252
v 0.741 7.0062 0.5986
v 0.8691 7.23 0.3885
v 0.8637 7.1937 0.3785
v 0.7477 6.9204 0.5276
v 0.7368 7.181 0.6126
v 0.8744 7.2613 0.4019
v 0.8577 7.1536 0.3749
v 0.8401 7.0993 0.3735
v 0.7413 7.1706 0.6022
v 0.7345 7.1335 0.6016
v 0.736 7.1289 0.5941
v 0.742 7.1631 0.5938
v 0.7473 6.9465 0.5254
v 0.7588 6.9551 0.4975
v 0.7587 6.9684 0.4991
v 0.7472 6.9595 0.5255
v 0.8609 7.222 0.3992
v 0.8652 7.2552 0.4143
v 0.8597 7.2517 0.4219
v 0.8403 7.2183 0.4067
v 0.7161 7.0153 0.5872
v 0.7133 6.9817 0.5758
v 0.6874 6.9946 0.5713
v 0.6989 7.0263 0.5791
v 0.7742 7.2938 0.5415
v 0.7596 7.276 0.5591
v 0.7557 7.2667 0.5525
v 0.7712 7.285 0.5345
v 0.8004 7.0469 0.4232
v 0.8118 7.0747 0.4087
v 0.8042 7.0771 0.4098
v 0.7945 7.0498 0.4254
v 0.7306 7.0954 0.5963
v 0.7257 7.0947 0.5897
v 0.7717 6.9758 0.4699
v 0.7895 7.0232 0.4372
v 0.7851 7.0278 0.4405
v 0.7709 6.9832 0.4736
v 0.7519 7.2345 0.5848
v 0.7466 7.2256 0.5753
v 0.8433 7.1895 0.3933
v 0.8415 7.1845 0.4009
v 0.739 6.9485 0.5557
v 0.7386 6.9659 0.5504
v 0.6985 7.0682 0.5785
v 0.7193 7.0959 0.5843
v 0.7178 7.0609 0.582
v 0.6822 7.04 0.5712
v 0.8182 7.2694 0.4517
v 0.837 7.2465 0.4321
v 0.8234 7.279 0.444
v 0.8303 7.1344 0.407
v 0.8174 7.0973 0.4123
v 0.8178 7.0964 0.4059
v 0.8285 7.141 0.3996
v 0.8103 7.0789 0.4162
v 0.816 7.2763 0.4878
v 0.8126 7.2892 0.4833
v 0.7714 6.9922 0.4746
v 0.7613 6.9782 0.4998
v 0.7383 7.1872 0.5782
v 0.744 7.2174 0.5684
v 0.7425 7.1956 0.5865
v 0.7364 6.9848 0.5463
v 0.6819 7.015 0.5616
v 0.7053 7.0541 0.5089
v 0.7142 7.0478 0.4924
v 0.7326 7.0623 0.4924
v 0.722 7.0694 0.5021
v 0.7399 7.1341 0.5631
v 0.7314 7.1159 0.5646
v 0.7333 7.1101 0.5545
v 0.7439 7.1263 0.5534
v 0.783 7.1805 0.4906
v 0.7939 7.1753 0.4822
v 0.8162 7.191 0.4765
v 0.8083 7.1983 0.4896
v 0.7139 7.0774 0.5125
v 0.696 7.0637 0.5226
v 0.78 7.0944 0.4614
v 0.7712 7.0785 0.4675
v 0.7757 7.0653 0.4637
v 0.7909 7.0833 0.4564
v 0.823 7.1639 0.4564
v 0.8215 7.1807 0.4659
v 0.8014 7.1683 0.4744
v 0.8051 7.1597 0.4673
v 0.7896 7.1251 0.4553
v 0.7819 7.1107 0.455
v 0.7995 7.1019 0.45
v 0.8087 7.1191 0.4487
v 0.74 7.044 0.4857
v 0.7427 7.0597 0.4824
v 0.7059 7.0852 0.5203
v 0.7018 7.0924 0.5258
v 0.6926 7.0893 0.5454
v 0.6922 7.0764 0.5351
v 0.7989 7.138 0.4584
v 0.8152 7.136 0.449
v 0.7807 7.2063 0.5254
v 0.7563 7.1975 0.5378
v 0.7394 7.1695 0.5242
v 0.7541 7.1791 0.5197
v 0.8096 7.0946 0.4406
v 0.8154 7.1153 0.4351
v 0.8254 7.1361 0.4361
v 0.8301 7.2119 0.4665
v 0.8197 7.2219 0.481
v 0.7398 7.1428 0.5717
v 0.7324 7.1199 0.5738
v 0.7334 7.1519 0.553
v 0.7344 7.1664 0.5626
v 0.7013 7.0358 0.5178
v 0.7256 7.026 0.5066
v 0.8358 7.1702 0.443
v 0.8354 7.1962 0.4529
v 0.6865 7.0837 0.5632
v 0.6811 7.0668 0.5501
v 0.7414 7.2236 0.5432
v 0.7406 7.1965 0.5554
v 0.7332 7.1734 0.5431
v 0.7794 7.0301 0.4828
v 0.7899 7.0508 0.4655
v 0.7651 7.0497 0.4784
v 0.7093 7.1014 0.5558
v 0.7109 7.1001 0.5688
v 0.6872 7.052 0.5323
v 0.7676 7.022 0.4964
v 0.7986 7.2026 0.5045
v 0.7933 7.2306 0.4978
v 0.8001 7.0729 0.4509
v 0.7588 7.2327 0.5225
v 0.7474 7.205 0.5964
v 0.7427 7.0565 0.586
v 0.7203 7.2832 0.6455
v 0.789 7.0343 0.4442
v 0.7903 7.0381 0.4579
v 0.7744 7.0025 0.4791
v 0.7556 7.257 0.548
v 0.7417 7.208 0.562
v 0.7544 7.2478 0.5444
v 0.8409 7.1817 0.4106
v 0.8378 7.2173 0.4164
v 0.8396 7.2103 0.4326
v 0.8434 7.1786 0.4207
v 0.7481 6.9746 0.5258
v 0.7491 6.9949 0.5247
v 0.717 7.0067 0.5361
v 0.7412 7.1567 0.5865
v 0.735 7.1256 0.5878
v 0.7334 7.1229 0.5816
v 0.7401 7.1504 0.5795
v 0.7661 6.9928 0.5012
v 0.8316 7.2376 0.4478
v 0.6816 7.0303 0.5493
v 0.675 7.0536 0.5631
v 0.7663 7.2745 0.5292
v 0.7695 7.2617 0.5278
v 0.7983 7.0515 0.4313
v 0.8114 7.0876 0.423
v 0.8016 7.0631 0.4412
v 0.7137 7.0979 0.5786
v 0.7356 7.1785 0.5709
v 0.8216 7.0956 0.403
v 0.7262 7.1511 0.5303
v 0.7088 7.1018 0.5407
v 0.7729 7.1837 0.5007
v 0.8356 7.1406 0.3948
v 0.856 7.2816 0.4393
v 0.8104 7.3009 0.4833
v 0.7593 7.0655 0.4756
v 0.7325 7.1375 0.5427
v 0.7495 7.1281 0.533
v 0.7266 7.1375 0.5211
v 0.7513 7.1202 0.5429
v 0.7374 7.107 0.541
v 0.7249 7.0971 0.53
v 0.7277 7.0927 0.5246
v 0.7343 7.0882 0.5182
v 0.7402 7.0839 0.5095
v 0.7471 7.079 0.5007
v 0.752 7.0737 0.4916
v 0.7548 7.0697 0.4849
v 0.7615 7.0775 0.4786
v 0.7665 7.0903 0.4715
v 0.7673 7.1052 0.4653
v 0.7651 7.1198 0.4601
v 0.7698 7.1323 0.4606
v 0.7784 7.1425 0.4633
v 0.78 7.1548 0.4689
v 0.7749 7.1598 0.4762
v 0.7687 7.1637 0.4845
v 0.7625 7.1666 0.4938
v 0.7553 7.1694 0.5018
v 0.7427 7.1649 0.5116
v 0.7341 7.1541 0.5151
v 0.7561 7.1087 0.4697
v 0.7523 7.1206 0.4674
v 0.733 7.1458 0.5048
v 0.7297 7.1302 0.5112
v 0.8125 7.2614 0.4902
v 0.7656 7.0978 0.4803
v 0.761 7.085 0.4854
v 0.7521 7.1233 0.5227
v 0.752 7.1175 0.5074
v 0.7314 7.1254 0.4987
v 0.7422 7.1413 0.4856
v 0.7361 7.1424 0.4947
v 0.7355 7.1225 0.4871
v 0.7523 7.1114 0.5282
v 0.7572 7.1056 0.5133
v 0.7457 7.0973 0.5259
v 0.7512 7.0941 0.5161
v 0.7549 7.092 0.5051
v 0.7599 7.1024 0.5012
v 0.7509 7.1136 0.4958
v 0.7635 7.1013 0.4907
v 0.7504 7.1108 0.4803
v 0.7432 7.1213 0.4749
v 0.7484 7.1405 0.4764
v 0.7572 7.1378 0.4682
v 0.7581 7.0895 0.4944
v 0.6851 7.0758 0.5748
v 0.8259 7.2495 0.4673
v 0.8243 7.1357 0.4157
v 0.8172 7.1095 0.4185
v 0.7966 7.3072 0.4397
v 0.7739 7.3232 0.4868
v 0.7466 7.0992 0.4005
v 0.7603 7.165 0.3903
v 0.7065 7.0453 0.6631
v 0.7361 7.2546 0.4039
v 0.7081 7.2287 0.7093
v 0.6578 6.9691 0.448
v 0.7309 7.3662 0.5311
v 0.731 7.3694 0.5817
v 0.6691 6.8585 0.5442
v 0.7128 7.2911 0.6885
v 0.7239 7.2201 0.3929
v 0.6668 7.0124 0.4247
v 1.925 -7.8557 1.5609
v 1.9709 -7.8625 1.486
v 1.9139 -7.8357 1.4811
v 2.0059 -7.921 1.4962
v 1.7996 -8.0861 1.3967
v 1.7769 -8.0143 1.4217
v 1.7541 -8.0015 1.3613
v 1.7866 -8.0869 1.3521
v 2.007 -7.8841 1.4561
v 1.969 -7.8433 1.4363
v 1.8229 -8.1316 1.344
v 1.8403 -8.1247 1.3959
v 1.9691 -8.0889 1.4763
v 1.935 -8.1288 1.4534
v 1.9503 -8.1462 1.402
v 1.983 -8.1209 1.4388
v 2.0085 -8.0331 1.4808
v 2.014 -8.0439 1.5
v 1.7824 -7.9251 1.4333
v 1.8277 -7.8671 1.4594
v 1.8188 -7.8379 1.4052
v 1.7637 -7.9086 1.3743
v 1.7649 -8.0786 1.2728
v 1.8032 -8.1355 1.2769
v 1.9998 -8.1676 1.3656
v 2.0086 -8.1281 1.4133
v 2.0143 -8.0281 1.4528
v 1.8121 -7.8173 1.3286
v 1.7588 -7.886 1.3069
v 1.7399 -7.9842 1.2814
v 2.0283 -7.8823 1.4121
v 1.9928 -7.8182 1.341
v 2.2048 -8.0626 1.6037
v 2.1644 -8.085 1.5836
v 2.1656 -8.0865 1.5703
v 2.2021 -8.061 1.5832
v 2.0945 -7.9293 1.6678
v 2.1191 -7.8974 1.6869
v 2.1052 -7.8865 1.658
v 2.0853 -7.923 1.6374
v 2.0906 -8.0578 1.6113
v 2.0748 -7.9976 1.6356
v 2.0712 -7.9943 1.6003
v 2.0918 -8.0578 1.5834
v 2.0494 -7.6515 -0.376
v 2.2036 -7.7878 -0.4863
v 2.0447 -7.7755 -0.42
v 2.0606 -7.9029 -0.4716
v 2.1957 -7.9034 -0.5165
v 2.0935 -7.903 1.5524
v 2.0855 -7.9165 1.5976
v 2.1062 -7.8665 1.6015
v 2.1173 -7.8755 1.5493
v 2.0867 -8.0619 1.5475
v 2.0905 -8.0574 1.5628
v 2.0726 -7.9829 1.5792
v 2.0729 -7.9749 1.5579
v 2.118 -8.0918 1.5396
v 2.1219 -8.0883 1.5507
v 2.1923 -8.0622 1.5358
v 2.1986 -8.0594 1.5601
v 2.1626 -8.087 1.5497
v 2.1598 -8.0909 1.534
v 2.2166 -8.0082 1.5509
v 2.2273 -8.0101 1.5772
v 2.2251 -7.9429 1.6008
v 2.2098 -7.9373 1.5481
v 2.1881 -7.8864 1.55
v 2.2038 -7.8816 1.5988
v 2.2306 -8.0155 1.6027
v 2.124 -8.0867 1.5705
v 2.0677 -7.9988 -0.4523
v 2.1875 -7.997 -0.4949
v 2.0787 -8.0794 -0.4088
v 2.1933 -8.0729 -0.4506
v 2.2264 -7.9526 1.6349
v 2.2007 -7.8958 1.6539
v 2.2986 -7.9875 -0.4888
v 2.2902 -8.0592 -0.4482
v 2.3137 -7.8973 -0.4901
v 2.2292 -8.0195 1.6243
v 2.1843 -7.9067 1.6834
v 2.2234 -7.9565 1.6563
v 2.1249 -8.0855 1.5847
v 1.8861 -7.5209 0.32
v 1.9266 -7.5299 0.5006
v 1.9487 -7.4536 0.51
v 1.9101 -7.4356 0.3229
v 2.1969 -7.9265 1.4656
v 2.1786 -7.8788 1.4426
v 2.1769 -7.8856 1.4792
v 2.1996 -7.9344 1.4881
v 2.0581 -8.1125 1.4666
v 2.0968 -8.1299 1.4434
v 2.1034 -8.1125 1.4778
v 2.0672 -8.1008 1.4877
v 2.1928 -8.0846 1.4788
v 2.153 -8.115 1.4678
v 2.1544 -8.1289 1.4341
v 2.183 -8.0966 1.4526
v 2.2084 -8.0204 1.4816
v 2.2099 -8.0159 1.4984
v 2.0907 -7.8838 1.4846
v 2.1125 -7.8735 1.476
v 2.11 -7.8677 1.4379
v 2.0835 -7.8777 1.4533
v 2.063 -7.5271 -0.3315
v 2.0563 -7.9759 1.5166
v 2.0484 -7.9844 1.5023
v 2.2108 -7.8973 1.4083
v 2.1944 -7.8554 1.3518
v 2.0339 -8.1232 1.4135
v 2.0613 -8.1565 1.3788
v 2.3309 -7.7878 -0.4649
v 1.9094 -7.6757 0.119
v 1.9185 -7.7264 -0.084
v 2.1724 -8.1109 1.3724
v 2.2013 -8.0729 1.4257
v 2.2064 -8.002 1.4559
v 2.0838 -7.8435 1.3603
v 2.0537 -7.8863 1.4184
v 2.0342 -7.9984 1.4653
v 2.3865 -7.998 1.6921
v 2.3479 -7.9372 1.6989
v 2.3463 -7.9411 1.7116
v 2.3833 -7.9969 1.7138
v 2.2713 -7.9919 1.7985
v 2.2658 -7.9834 1.7881
v 2.2573 -8.0122 1.7766
v 2.2663 -8.03 1.7877
v 2.371 -7.9778 1.7391
v 2.3415 -7.95 1.7312
v 2.3382 -7.9653 1.7401
v 2.3635 -7.9769 1.7488
v 2.2532 -8.0606 1.7545
v 2.2435 -8.0451 1.7519
v 2.2385 -8.0541 1.6926
v 2.2468 -8.0843 1.6943
v 2.3871 -7.9958 1.6702
v 2.3523 -7.9367 1.6754
v 2.3687 -8.0556 1.7548
v 2.3433 -8.0744 1.7722
v 2.3436 -8.1178 1.6934
v 2.37 -8.0844 1.6895
v 2.3545 -7.9855 1.8034
v 2.3323 -7.9946 1.8201
v 2.3376 -8.0304 1.8076
v 2.3557 -8.0212 1.7915
v 2.3379 -7.9689 1.7436
v 2.3565 -7.9735 1.7501
v 2.3614 -7.9789 1.789
v 2.3464 -7.9737 1.7873
v 2.3429 -7.974 1.7981
v 2.2812 -7.9776 1.7983
v 2.2788 -7.9746 1.7898
v 2.2438 -8.0538 1.6628
v 2.2533 -8.088 1.6512
v 2.3428 -8.1186 1.6323
v 2.3696 -8.0835 1.6366
v 2.284 -7.9387 1.6962
v 2.2461 -7.9959 1.692
v 2.2493 -7.9818 1.7187
v 2.2832 -7.9443 1.7079
v 2.2855 -7.9592 1.7267
v 2.259 -7.9792 1.7303
v 2.271 -7.9729 1.741
v 2.2929 -7.9624 1.738
v 2.2863 -7.9327 1.6752
v 2.2488 -7.9953 1.6732
v 2.2793 -7.9695 1.749
v 2.2967 -7.9667 1.742
v 2.2908 -7.9989 1.8159
v 2.2909 -8.036 1.8061
v 2.2792 -8.0775 1.7719
v 2.2774 -8.1157 1.6976
v 2.3804 -8.0427 1.7424
v 2.3845 -8.0564 1.6882
v 2.3671 -8.0049 1.772
v 2.3332 -7.9817 1.8134
v 2.2915 -7.9819 1.813
v 2.2832 -8.1196 1.6409
v 2.3826 -8.0513 1.6482
v 2.3684 -8.0741 1.5769
v 2.3322 -8.0989 1.5599
v 2.3341 -8.095 1.5468
v 2.3695 -8.0732 1.5551
v 2.2503 -7.9753 1.6172
v 2.2877 -7.9143 1.6339
v 2.2764 -7.9022 1.6089
v 2.2497 -7.9626 1.5953
v 2.2586 -8.0704 1.5771
v 2.2484 -8.0338 1.6029
v 2.2467 -8.0255 1.5783
v 2.2572 -8.0654 1.5604
v 2.2537 -7.9529 1.5271
v 2.2504 -7.9542 1.5646
v 2.2753 -7.8955 1.5595
v 2.2878 -7.8959 1.5198
v 2.2548 -8.062 1.535
v 2.2556 -8.0617 1.5464
v 2.2473 -8.0226 1.5565
v 2.2503 -8.0219 1.5336
v 2.2876 -8.0873 1.5281
v 2.2876 -8.0906 1.5383
v 2.3673 -8.0737 1.517
v 2.3689 -8.0719 1.5369
v 2.3328 -8.0916 1.5325
v 2.3308 -8.0904 1.5199
v 2.3835 -8.0138 1.5179
v 2.3854 -8.0151 1.542
v 2.3852 -7.9547 1.5619
v 2.379 -7.9508 1.5216
v 2.352 -7.904 1.5196
v 2.3671 -7.9148 1.5549
v 2.3837 -8.0219 1.5673
v 2.2877 -8.0941 1.5512
v 2.3846 -7.9635 1.5924
v 2.3684 -7.9136 1.6045
v 2.3812 -8.029 1.5871
v 2.355 -7.9238 1.6323
v 2.3828 -7.9723 1.6111
v 2.2887 -8.0982 1.5638
v 2.3607 -7.9432 1.4113
v 2.3366 -7.9042 1.399
v 2.3409 -7.9093 1.429
v 2.362 -7.9452 1.4358
v 2.2525 -8.0829 1.4725
v 2.2791 -8.1273 1.4296
v 2.2851 -8.1114 1.4618
v 2.2502 -8.0757 1.4921
v 2.3557 -8.0888 1.4514
v 2.323 -8.1063 1.4572
v 2.3252 -8.1249 1.4075
v 2.3613 -8.0844 1.4127
v 2.3786 -8.0269 1.4303
v 2.3741 -8.0246 1.4467
v 2.2509 -7.9446 1.4639
v 2.2778 -7.8984 1.439
v 2.2771 -7.8893 1.4083
v 2.2498 -7.9349 1.4449
v 2.2456 -8.0254 1.4928
v 2.2403 -8.0223 1.476
v 2.3672 -7.9235 1.3563
v 2.3361 -7.8887 1.3289
v 2.2422 -8.0739 1.4243
v 2.253 -8.1466 1.3738
v 2.334 -8.1461 1.327
v 2.3688 -8.0892 1.3714
v 2.3764 -8.0122 1.4007
v 2.2625 -7.8681 1.3395
v 2.2421 -7.9063 1.4014
v 2.2313 -8.0018 1.4542
v 2.5228 -7.9954 1.5709
v 2.4917 -7.9619 1.5768
v 2.4891 -7.9653 1.5882
v 2.5157 -7.9933 1.5888
v 2.4183 -7.9987 1.6589
v 2.4138 -7.9914 1.6441
v 2.4074 -8.0093 1.6399
v 2.4119 -8.0183 1.658
v 2.4992 -7.98 1.6111
v 2.4818 -7.9696 1.6053
v 2.4809 -7.9782 1.6104
v 2.4934 -7.9824 1.6165
v 2.4049 -8.0684 1.6322
v 2.3905 -8.0437 1.6067
v 2.3901 -8.0435 1.5731
v 2.3965 -8.0851 1.5602
v 2.5217 -7.9955 1.552
v 2.4945 -7.9568 1.5635
v 2.5247 -8.0461 1.623
v 2.4995 -8.0832 1.6382
v 2.4972 -8.1198 1.5586
v 2.5202 -8.0781 1.5607
v 2.4971 -7.9985 1.6524
v 2.4833 -8.0057 1.6661
v 2.4914 -8.0275 1.6645
v 2.5027 -8.0094 1.6498
v 2.4771 -7.9784 1.6167
v 2.4877 -7.9839 1.6269
v 2.4994 -7.9876 1.6351
v 2.4906 -7.9874 1.636
v 2.4914 -7.9891 1.6509
v 2.4221 -7.9908 1.656
v 2.4209 -7.9888 1.6436
v 2.3937 -8.0454 1.5442
v 2.4088 -8.0964 1.5163
v 2.4981 -8.1113 1.5017
v 2.5197 -8.0802 1.5191
v 2.4199 -7.9631 1.5777
v 2.3948 -7.9932 1.5786
v 2.3928 -7.9973 1.5932
v 2.4218 -7.9648 1.588
v 2.4268 -7.9705 1.6041
v 2.4082 -7.9902 1.6099
v 2.4161 -7.9854 1.6162
v 2.4292 -7.978 1.6093
v 2.4196 -7.9598 1.5631
v 2.3974 -7.9904 1.5648
v 2.4221 -7.9857 1.6243
v 2.4309 -7.9813 1.616
v 2.4311 -8.0056 1.6684
v 2.4256 -8.0244 1.6694
v 2.4306 -8.0903 1.646
v 2.4221 -8.1298 1.5549
v 2.5253 -8.0211 1.6036
v 2.5255 -8.0399 1.5631
v 2.5061 -7.9954 1.6315
v 2.4754 -7.9936 1.6608
v 2.4387 -7.9955 1.6623
v 2.429 -8.1216 1.5029
v 2.5224 -8.0443 1.5335
v 2.518 -8.0726 1.4845
v 2.4955 -8.1077 1.4743
v 2.4941 -8.1003 1.4317
v 2.5212 -8.0611 1.4428
v 2.4038 -7.9763 1.5138
v 2.4252 -7.9382 1.5105
v 2.4166 -7.9267 1.4825
v 2.4028 -7.9685 1.4709
v 2.4114 -8.0983 1.4715
v 2.3999 -8.0437 1.4921
v 2.3926 -8.0352 1.455
v 2.406 -8.0821 1.4402
v 2.4054 -7.9558 1.4249
v 2.4018 -7.9697 1.443
v 2.4156 -7.9101 1.4477
v 2.4271 -7.9174 1.4164
v 2.4059 -8.0904 1.4176
v 2.4042 -8.079 1.4305
v 2.3934 -8.0355 1.4412
v 2.3948 -8.0354 1.4274
v 2.4365 -8.1119 1.4162
v 2.436 -8.11 1.4261
v 2.5256 -8.0559 1.4086
v 2.5258 -8.0554 1.4195
v 2.4956 -8.0991 1.4221
v 2.4912 -8.1043 1.4119
v 2.5351 -8.0185 1.4086
v 2.5307 -8.0182 1.4296
v 2.5193 -7.9641 1.4433
v 2.5136 -7.9594 1.4128
v 2.4951 -7.9255 1.4127
v 2.5062 -7.9223 1.45
v 2.5268 -8.0269 1.4549
v 2.4335 -8.107 1.4375
v 2.5174 -7.9718 1.4759
v 2.5047 -7.9332 1.4794
v 2.519 -8.0359 1.4962
v 2.4938 -7.9441 1.5111
v 2.5123 -7.9771 1.5158
v 2.4329 -8.1139 1.4725
v 2.5179 -7.9753 1.3174
v 2.4961 -7.9368 1.31
v 2.4951 -7.9343 1.3433
v 2.5156 -7.973 1.3455
v 2.4054 -8.1083 1.3703
v 2.4256 -8.1367 1.3459
v 2.4304 -8.1233 1.3758
v 2.407 -8.1044 1.3824
v 2.5169 -8.0802 1.3574
v 2.4889 -8.1149 1.3593
v 2.4887 -8.1296 1.3297
v 2.5106 -8.102 1.3261
v 2.5282 -8.0272 1.3347
v 2.531 -8.0201 1.3557
v 2.4019 -7.9466 1.3798
v 2.4301 -7.9122 1.3539
v 2.4298 -7.9046 1.3222
v 2.4022 -7.9481 1.3638
v 2.3974 -8.0383 1.4029
v 2.3964 -8.0448 1.3928
v 2.5193 -7.9376 1.2699
v 2.4902 -7.8953 1.2537
v 2.3831 -8.0863 1.3564
v 2.3935 -8.1519 1.3071
v 2.4912 -8.1388 1.2557
v 2.5125 -8.1201 1.2832
v 2.5263 -8.0292 1.3086
v 2.4167 -7.8985 1.2728
v 2.3997 -7.9234 1.3378
v 2.3855 -8.0195 1.3897
v 2.6371 -7.936 1.2726
v 2.6632 -7.9821 1.2654
v 2.6719 -7.9823 1.2221
v 2.6487 -7.9324 1.2321
v 2.6942 -7.9876 1.1593
v 2.6622 -7.929 1.1625
v 2.1566 -7.9599 1.816
v 2.157 -7.9661 1.8237
v 2.6138 -7.895 1.1723
v 2.6648 -7.925 1.0739
v 2.6168 -7.8838 1.0781
v 2.5882 -8.1288 1.2522
v 2.6507 -8.1085 1.2323
v 2.66 -8.083 1.2684
v 2.6069 -8.1139 1.2748
v 2.5398 -8.0381 1.3111
v 2.5571 -8.1138 1.2819
v 2.5698 -8.1061 1.2988
v 2.549 -8.0411 1.3279
v 2.6729 -8.0398 1.266
v 2.6815 -8.0544 1.2223
v 2.5526 -7.977 1.3181
v 2.5486 -7.9746 1.2986
v 2.5342 -8.0291 1.3057
v 2.541 -8.1232 1.2705
v 2.637 -8.125 1.1728
v 2.6921 -8.0598 1.1552
v 2.5436 -7.9373 1.2584
v 2.1509 -8.098 1.8696
v 2.15 -8.1214 1.7437
v 2.1519 -7.9278 1.756
v 2.1515 -7.8902 1.686
v 2.4589 -7.9156 1.4841
v 2.462 -7.9033 1.4501
v 2.1576 -7.983 1.8765
v 2.1578 -7.9733 1.8395
v 2.153 -7.8749 1.6594
v 2.3173 -7.8842 1.5569
v 2.3164 -7.8841 1.5183
v 2.3124 -7.9546 1.7291
v 2.3124 -7.9639 1.7367
v 2.1412 -7.8619 1.427
v 2.144 -7.8698 1.4725
v 2.1542 -7.9406 1.7803
v 2.1353 -7.8316 1.3227
v 2.1574 -8.0182 1.9082
v 2.1567 -8.0412 1.9045
v 2.3105 -8.0986 1.5618
v 2.3108 -8.0946 1.549
v 2.1515 -7.8671 1.547
v 2.1538 -7.9478 1.7953
v 1.9439 -7.8783 -0.3204
v 1.9555 -7.761 -0.2856
v 2.3165 -7.924 1.6776
v 2.3119 -7.9362 1.6976
v 2.4218 -7.8918 -0.4499
v 2.4361 -7.7869 -0.4128
v 2.367 -7.4987 0.5968
v 2.4118 -7.5178 0.5467
v 2.4283 -7.378 0.386
v 2.3644 -7.3667 0.4543
v 2.5904 -7.3748 -0.0626
v 2.5023 -7.3706 -0.165
v 2.4539 -7.5548 0.4858
v 2.1877 -7.4618 0.6804
v 2.2374 -7.4818 0.6718
v 2.2233 -7.3437 0.5359
v 2.1722 -7.3249 0.5414
v 2.5041 -7.8889 -0.3597
v 2.511 -7.7885 -0.3331
v 2.2825 -7.4874 0.655
v 2.3261 -7.4927 0.6317
v 2.3219 -7.3537 0.5078
v 2.2743 -7.3491 0.5263
v 2.2077 -7.2221 0.4576
v 2.2627 -7.2304 0.443
v 2.3145 -7.2321 0.4271
v 2.1539 -7.2058 0.4559
v 2.4887 -7.5865 -0.2348
v 2.4482 -7.5746 -0.3398
v 2.4349 -7.468 -0.2905
v 2.5032 -7.4794 -0.1823
v 2.4336 -7.2468 0.3079
v 1.9725 -7.4927 0.6889
v 2.0128 -7.4539 0.6909
v 1.9763 -7.3804 0.507
v 2.3725 -7.2379 0.3729
v 1.8883 -7.7763 0.4387
v 1.9092 -7.8741 0.4052
v 1.8901 -7.8879 0.5799
v 1.8499 -7.8111 0.6092
v 1.8528 -7.719 0.6368
v 1.8732 -7.7062 0.4626
v 2.5992 -7.4858 -0.0776
v 2.6124 -7.8594 0.6745
v 2.691 -7.9688 0.9493
v 2.6974 -8.0369 0.9389
v 2.6491 -7.9615 0.6614
v 2.5567 -7.7889 0.6867
v 2.6459 -7.8729 0.9421
v 2.6076 -7.8495 0.37
v 2.6217 -7.9306 0.3453
v 2.5915 -7.8717 0.1143
v 2.5891 -7.7808 0.1434
v 1.8966 -8.0236 0.7608
v 1.8521 -7.9689 0.7973
v 1.9389 -7.9603 0.5498
v 1.9933 -8.0353 0.7656
v 2.0166 -8.0057 0.5314
v 2.0759 -8.0642 0.7627
v 2.0967 -8.0447 0.5098
v 2.1754 -8.0662 0.4857
v 2.1653 -8.0657 0.7546
v 2.2541 -8.0853 0.4465
v 2.2357 -8.075 0.7315
v 2.3235 -8.1082 0.4136
v 2.309 -8.088 0.709
v 2.5789 -8.0266 0.0796
v 2.59 -7.9501 0.094
v 2.6112 -8.0032 0.3266
v 2.6012 -8.0771 0.3081
v 2.543 -8.096 0.0752
v 2.5208 -8.1197 0.3412
v 2.5376 -7.7422 0.7135
v 2.5917 -7.8229 0.957
v 2.4858 -7.6828 0.741
v 2.5268 -7.8049 0.9716
v 2.4353 -7.6648 0.7669
v 2.4652 -7.7856 0.9829
v 2.3709 -8.1007 0.6852
v 2.3882 -8.12 0.385
v 2.4514 -8.1287 0.3615
v 2.4301 -8.1051 0.6657
v 2.1423 -8.0877 1.5499
v 2.1389 -8.0913 1.5366
v 2.1262 -8.1295 1.4378
v 2.1282 -8.1138 1.4725
v 1.9708 -7.6357 -0.2429
v 1.9904 -7.5123 -0.2032
v 2.386 -7.654 0.7908
v 2.4164 -7.7802 0.9912
v 2.4929 -8.1099 0.6523
v 2.5627 -8.1179 0.6495
v 2.6129 -8.0878 0.6517
v 2.5275 -8.0539 -0.2621
v 2.4641 -8.0505 -0.3825
v 2.4889 -7.9808 -0.389
v 2.5582 -7.9834 -0.2611
v 2.6501 -8.0419 0.6536
v 2.332 -7.6517 0.8189
v 2.3654 -7.7764 1.0148
v 2.2892 -7.6402 0.8387
v 2.3186 -7.7698 1.0319
v 2.2515 -7.6294 0.8484
v 2.2704 -7.7485 1.036
v 2.2032 -7.6099 0.8578
v 2.2239 -7.7375 1.0445
v 2.168 -7.709 1.0565
v 2.154 -7.5918 0.8632
v 2.0962 -7.5719 0.8701
v 2.1139 -7.6891 1.0604
v 2.0354 -7.5607 0.8911
v 2.0563 -7.6767 1.0593
v 2.4043 -7.9819 -0.4683
v 2.3836 -8.0513 -0.4319
v 2.5391 -7.5928 -0.0989
v 2.4433 -7.6832 -0.3842
v 1.9502 -7.9997 -0.3539
v 1.9808 -7.573 0.9008
v 1.9908 -7.6341 1.0591
v 1.9189 -7.6667 1.0476
v 1.9267 -7.6257 0.8945
v 1.9739 -8.0805 -0.313
v 1.8737 -7.7002 0.8652
v 1.8579 -7.746 1.0164
v 2.014 -7.0442 0.3148
v 2.0481 -7.1735 0.3843
v 2.1047 -7.189 0.4233
v 2.0674 -7.0476 0.3513
v 1.9103 -7.808 0.2691
v 1.8933 -7.7231 0.2867
v 1.9006 -7.6121 0.4843
v 1.8746 -7.6327 0.662
v 1.9269 -7.5515 0.6788
v 1.9485 -7.028 0.2028
v 2.1891 -7.4056 -0.3927
v 2.1922 -7.306 -0.3807
v 2.3325 -7.3341 -0.3762
v 2.3374 -7.4353 -0.3925
v 1.8887 -7.6171 0.3073
v 2.5053 -7.6895 -0.2909
v 1.9658 -7.1425 0.2441
v 1.952 -7.2575 0.2902
v 1.9959 -7.3878 -0.1731
v 2.0706 -7.3977 -0.2948
v 1.9877 -7.275 -0.159
v 2.0711 -7.2895 -0.2771
v 2.1683 -7.0942 -0.3555
v 2.3137 -7.1118 -0.3552
v 1.9714 -7.0507 -0.1632
v 2.0413 -7.0639 -0.2657
v 1.8947 -6.8827 -0.0561
v 1.9085 -6.8714 0.058
v 2.5857 -7.7831 -0.0298
v 2.6058 -7.8795 -0.0741
v 2.5714 -7.8883 -0.2315
v 2.5645 -7.7829 -0.1896
v 2.6025 -7.9679 -0.1017
v 2.5757 -8.0415 -0.1078
v 2.395 -7.1079 -0.2711
v 2.4236 -7.2451 -0.2631
v 2.4271 -7.3595 -0.2668
v 2.3342 -7.2291 -0.3599
v 2.1963 -7.2069 -0.3705
v 1.9908 -7.1635 -0.1574
v 2.0707 -7.1818 -0.2692
v 2.5548 -7.6962 0.0137
v 2.5418 -7.6897 -0.1359
v 2.5788 -7.7661 0.401
v 2.1596 -7.9932 1.8956
v 1.9215 -7.9097 0.2462
v 2.5476 -7.7052 0.4285
v 1.9333 -7.3514 0.3141
v 1.8947 -7.3513 0.1555
v 1.9129 -7.2489 0.1469
v 1.9308 -7.1384 0.1236
v 0.0917 -0.4048 0.4388
v 0.1519 -0.4101 0.4262
v 1.9325 -7.0309 0.0941
v 2.5614 -7.7007 0.179
v 1.8363 -7.7787 0.8455
v 1.8138 -7.8303 0.9971
v 2.517 -8.1002 -0.0961
v 2.4784 -8.105 -0.2436
v 2.4419 -8.0954 -0.3583
v 2.5011 -7.6293 0.452
v 1.8228 -7.8871 0.8146
v 1.802 -7.9369 0.9843
v 2.5699 -7.9185 1.2738
v 2.5766 -7.9234 1.298
v 2.5655 -7.9097 1.2172
v 2.6094 -7.9083 1.2833
v 2.6105 -7.9069 1.2482
v 2.4581 -8.0068 1.6674
v 2.4598 -8.0306 1.6667
v 2.4536 -7.986 1.6422
v 2.4532 -7.9818 1.63
v 2.1528 -8.1004 1.6737
v 1.814 -8.0417 0.9861
v 1.865 -8.0852 1.0063
v 1.9462 -8.1227 1.0238
v 2.0359 -8.1458 1.0385
v 2.1564 -7.9545 1.8106
v 2.4636 -8.1164 1.5023
v 2.4626 -8.1236 1.4694
v 2.4653 -8.131 0.0925
v 1.922 -7.3675 -0.0066
v 1.9079 -7.2543 -0.002
v 1.9246 -7.145 -0.0136
v 1.9223 -7.0391 -0.0336
v 2.1174 -8.1391 1.0458
v 2.1953 -8.1292 1.0381
v 2.2902 -8.1194 1.0259
v 2.3521 -8.117 1.0069
v 1.9501 -7.9637 0.3678
v 2.025 -8.015 0.342
v 2.0934 -8.0619 0.2962
v 2.164 -8.0925 0.258
v 2.3227 -8.1316 0.1586
v 2.397 -8.1436 0.1142
v 2.2297 -8.1184 0.2186
v 2.2151 -8.1331 -0.3749
v 2.0912 -8.1399 -0.331
v 1.9812 -8.0285 0.0901
v 1.9565 -7.9946 0.224
v 2.3786 -8.1085 -0.3861
v 2.2993 -8.1216 -0.3936
v 2.0131 -8.1329 -0.2076
v 2.4518 -8.1235 -0.0791
v 2.3811 -8.146 -0.0614
v 2.3318 -8.1436 -0.2224
v 2.4132 -8.1207 -0.2442
v 2.2021 -8.1445 0.0189
v 2.1278 -8.1241 0.0696
v 2.0731 -8.1499 -0.1003
v 2.1579 -8.1568 -0.1565
v 2.3017 -8.1526 -0.0305
v 2.0545 -8.0743 0.1272
v 2.2611 -8.1528 -0.2022
v 2.0137 -8.0294 0.2256
v 1.9715 -8.0913 -0.0706
v 2.4116 -8.1184 0.9853
v 2.4672 -8.1236 0.966
v 2.4557 -8.1438 1.337
v 2.4575 -8.1146 1.3679
v 1.9615 -8.007 1.8995
v 1.9625 -8.023 1.9074
v 1.9625 -8.0646 1.8934
v 1.9091 -7.7643 1.2985
v 1.9079 -7.8146 1.4226
v 1.9271 -7.8655 1.5926
v 1.9272 -7.8717 1.6184
v 1.9394 -7.9067 1.7037
v 1.9421 -7.922 1.7268
v 1.9423 -7.9339 1.734
v 1.9445 -7.9459 1.7464
v 1.9527 -7.959 1.7952
v 1.9569 -7.9943 1.8855
v 1.9557 -7.9816 1.8747
v 1.8876 -8.1268 1.4231
v 1.905 -8.1254 1.5533
v 1.9553 -8.1305 1.836
v 1.9407 -8.144 1.773
v 1.9015 -8.1516 1.3181
v 1.8866 -8.1389 1.3696
v 1.9107 -8.1389 1.58
v 1.9141 -8.1535 1.609
v 1.9227 -8.1516 1.6508
v 2.1298 -8.1638 1.3089
v 2.1448 -8.0866 1.5704
v 2.1446 -8.0853 1.5841
v 2.1587 -8.008 1.899
v 2.1548 -7.8597 1.5994
v 2.5257 -8.133 0.9543
v 2.5952 -8.1444 0.9429
v 2.6677 -8.1053 0.9392
v 2.299 -7.8725 1.3077
v 2.3092 -7.8859 1.3916
v 2.3109 -7.8877 1.4238
v 2.3175 -7.8957 1.6087
v 2.318 -7.9072 1.6361
v 2.3112 -7.9414 1.7099
v 2.3124 -7.9676 1.7413
v 2.3145 -7.9723 1.7565
v 2.3146 -7.9755 1.7958
v 2.3145 -7.9738 1.7861
v 2.3126 -7.982 1.8145
v 2.3142 -7.9996 1.8208
v 2.3155 -8.035 1.8142
v 2.313 -8.119 1.6366
v 2.3092 -8.0889 1.5241
v 2.3041 -8.1089 1.4596
v 2.4516 -7.882 1.2367
v 2.4625 -7.9015 1.3054
v 2.4671 -7.911 1.3444
v 2.4628 -8.1185 1.4157
v 2.4626 -7.9058 1.4155
v 2.4557 -7.9311 1.5145
v 2.4571 -7.9421 1.5667
v 2.4558 -7.9486 1.5802
v 2.4554 -7.9543 1.5904
v 2.4543 -7.9628 1.6062
v 2.4551 -7.9694 1.6139
v 2.4544 -7.978 1.6175
v 2.4549 -7.9897 1.6529
v 2.4571 -7.9945 1.6616
v 2.4631 -8.0932 1.6484
v 2.4597 -8.1248 1.5568
v 2.4634 -8.1164 1.4368
v 2.4617 -8.118 1.4242
v 2.4417 -8.1579 1.251
v 2.3115 -8.0837 1.7813
v 2.3105 -8.1168 1.6955
v 2.3102 -8.0911 1.5354
v 2.3021 -8.1261 1.4186
v 2.2834 -8.1538 1.3117
v 1.5914 -5.6141 -0.05
v 1.5572 -5.6068 -0.2137
v 1.4566 -5.3254 -0.0501
v 1.4301 -5.3073 -0.2399
v 1.3629 -5.045 -0.0476
v 1.3518 -5.0145 -0.248
v 1.3098 -4.7818 -0.032
v 1.3088 -4.7483 -0.2231
v 1.2733 -4.5399 0.0002
v 1.2815 -4.5122 -0.1776
v 1.2384 -4.3043 0.0277
v 1.2673 -4.276 -0.136
v 1.1811 -4.0969 0.0579
v 1.2125 -4.0695 -0.0987
v 1.1217 -3.9127 0.0953
v 1.1692 -3.8847 -0.0577
v 1.0652 -3.7499 0.1086
v 1.1328 -3.7241 -0.029
v 1.029 -3.6003 0.1237
v 1.0967 -3.5806 -0.0189
v 0.9987 -3.4515 0.1338
v 1.0667 -3.4382 -0.0142
v 0.9738 -3.2873 0.147
v 1.0272 -3.2777 -0.024
v 0.9125 -3.0386 0.1426
v 0.9568 -3.029 -0.0328
v 0.8182 -2.6617 0.1191
v 0.8486 -2.6456 -0.0612
v 1.8541 -0.9818 0.0022
v 1.8854 -1.3846 0.0284
v 1.9393 -1.3871 0.2742
v 1.9536 -1.7895 0.2751
v 1.9151 -1.7857 0.0559
v 1.9241 -0.9852 0.268
v 1.9638 -0.9856 0.5272
v 1.9793 -1.3764 0.5141
v 1.9391 -1.0044 0.7807
v 1.9684 -1.3794 0.7593
v 0.4243 -1.0969 0.102
v 0.499 -1.0502 -0.1165
v 0.5625 -1.2251 -0.1217
v 0.4913 -1.2768 0.091
v 0.3623 -0.9398 0.1184
v 0.4363 -0.9008 -0.1081
v 0.3099 -0.7885 0.139
v 0.3719 -0.7644 -0.0962
v 0.2585 -0.6475 0.1661
v 0.2951 -0.6398 -0.0722
v 0.2086 -0.5197 0.2131
v 0.2136 -0.5381 -0.0316
v 0.1605 -0.4327 0.235
v 0.1409 -0.446 0.0331
v 0.082 -0.4225 0.2465
v 0.0697 -0.4474 0.0615
v 2.5771 -8.1036 1.3378
v 2.5562 -8.0757 1.3469
v 2.5813 -8.1052 1.306
v 2.6027 -8.1081 1.3371
v 2.6009 -8.107 1.2975
v 1.771 -7.9606 1.1328
v 1.7847 -7.8622 1.1556
v 2.7033 -7.9826 1.0673
v 1.8274 -7.7807 1.1683
v 1.9109 -7.7124 1.1982
v 1.9927 -7.7394 1.1981
v 2.0687 -7.7674 1.2135
v 2.127 -7.7746 1.2097
v 2.1779 -7.79 1.2119
v 2.2385 -7.8122 1.1982
v 2.287 -7.833 1.1769
v 2.3333 -7.8516 1.166
v 2.3938 -7.8432 1.1448
v 2.4381 -7.8353 1.1243
v 2.4845 -7.8592 1.113
v 2.6489 -8.1132 1.0778
v 2.7019 -8.0513 1.0654
v 1.7894 -8.0602 1.1295
v 1.8341 -8.1104 1.1416
v 1.9239 -8.1372 1.1709
v 2.0179 -8.1567 1.1988
v 2.092 -8.1476 1.2141
v 2.5088 -8.1355 1.1151
v 2.5739 -8.1374 1.0933
v 2.459 -8.1263 1.1318
v 2.3945 -8.1491 1.1624
v 2.3466 -8.128 1.1764
v 2.2794 -8.1297 1.1992
v 2.1534 -8.1571 1.1999
v 2.6515 -8.0031 1.4579
v 2.632 -7.9827 1.4599
v 2.6286 -7.9871 1.4665
v 2.6495 -8.0091 1.4722
v 2.5635 -8.019 1.5388
v 2.5597 -8.0149 1.5237
v 2.5515 -8.0207 1.5206
v 2.5559 -8.0294 1.5399
v 2.6378 -8.0016 1.4894
v 2.6261 -7.9991 1.4708
v 2.6223 -8.0002 1.4755
v 2.6308 -8.0032 1.4932
v 2.5481 -8.0704 1.5098
v 2.5378 -8.0525 1.5
v 2.528 -8.046 1.4643
v 2.5395 -8.0794 1.4459
v 2.6537 -8.0019 1.4461
v 2.6342 -7.9771 1.4526
v 2.6568 -8.0596 1.4915
v 2.6422 -8.0822 1.5038
v 2.6471 -8.1 1.4425
v 2.6662 -8.0723 1.4488
v 2.6356 -8.0131 1.5277
v 2.6217 -8.0241 1.5482
v 2.6255 -8.0378 1.5473
v 2.6424 -8.0242 1.5257
v 2.6182 -8.0022 1.4801
v 2.6255 -8.0031 1.499
v 2.6354 -8.0065 1.5125
v 2.6276 -8.0068 1.513
v 2.6247 -8.0124 1.5265
v 2.5703 -8.0125 1.536
v 2.5653 -8.0091 1.5255
v 2.532 -8.0423 1.4433
v 2.5405 -8.0833 1.4377
v 2.6488 -8.0993 1.4318
v 2.6666 -8.0711 1.4341
v 2.564 -7.983 1.4653
v 2.5339 -8.0092 1.462
v 2.5436 -8.013 1.4829
v 2.5651 -7.9874 1.4728
v 2.5635 -8.0029 1.4768
v 2.5556 -8.0123 1.4978
v 2.5602 -8.0095 1.501
v 2.5665 -8.0042 1.4805
v 2.5654 -7.9726 1.4561
v 2.5345 -8.0057 1.4521
v 2.567 -8.0054 1.504
v 2.5681 -8.0059 1.484
v 2.5784 -8.0245 1.5524
v 2.5726 -8.0369 1.5564
v 2.5737 -8.0938 1.5174
v 2.5684 -8.1196 1.4378
v 2.6549 -8.0326 1.479
v 2.6623 -8.0341 1.4552
v 2.6423 -8.0125 1.5084
v 2.6167 -8.0157 1.5383
v 2.58 -8.0158 1.5448
v 2.5713 -8.1219 1.4277
v 2.6643 -8.0367 1.4417
v 2.6683 -8.0663 1.4249
v 2.6503 -8.097 1.4215
v 2.6426 -8.0926 1.3852
v 2.6747 -8.0518 1.3984
v 2.5378 -7.9993 1.4346
v 2.5657 -7.9621 1.4419
v 2.5703 -7.9475 1.4221
v 2.5443 -7.9852 1.4109
v 2.5432 -8.0867 1.4251
v 2.5356 -8.041 1.4293
v 2.5393 -8.0328 1.4037
v 2.546 -8.0789 1.3943
v 2.5498 -7.974 1.3701
v 2.5477 -7.9821 1.3865
v 2.5655 -7.9378 1.4011
v 2.5689 -7.9347 1.3692
v 2.5524 -8.0738 1.3585
v 2.5495 -8.073 1.3686
v 2.5433 -8.0314 1.3788
v 2.5447 -8.0319 1.3695
v 2.5739 -8.1106 1.3482
v 2.5706 -8.1134 1.3554
v 2.6774 -8.0502 1.3656
v 2.6765 -8.0491 1.3726
v 2.6403 -8.085 1.3554
v 2.6395 -8.0839 1.3443
v 2.6781 -8.0132 1.3696
v 2.6735 -8.011 1.3858
v 2.6564 -7.975 1.3995
v 2.6592 -7.9668 1.376
v 2.6445 -7.9415 1.376
v 2.6426 -7.9426 1.4085
v 2.6684 -8.0225 1.4059
v 2.5705 -8.1234 1.3879
v 2.652 -7.9802 1.4177
v 2.6316 -7.957 1.4241
v 2.6632 -8.032 1.4307
v 2.6323 -7.964 1.4395
v 2.6523 -7.9905 1.4338
v 2.5732 -8.123 1.4177
v 2.5992 -7.9466 1.4267
v 2.6041 -7.9426 1.4045
v 2.5981 -8.0276 1.5533
v 2.5977 -8.0437 1.5615
v 2.5953 -8.0065 1.5192
v 2.5914 -8.0033 1.5038
v 2.661 -7.964 1.3443
v 2.6381 -7.9291 1.3444
v 2.6043 -8.1285 1.4221
v 2.6056 -8.1306 1.4123
v 2.6759 -8.0126 1.3433
v 2.6785 -8.0483 1.3471
v 2.6405 -8.082 1.3373
v 2.6062 -8.1093 1.3438
v 2.5465 -8.0329 1.3582
v 2.607 -7.9312 1.3711
v 2.5975 -7.9626 1.4401
v 2.5937 -7.9726 1.4529
v 2.5917 -7.9707 1.4618
v 2.5905 -7.9776 1.4678
v 2.5903 -8.0009 1.4714
v 2.5916 -8.0024 1.4766
v 2.5919 -8.0034 1.4814
v 2.5956 -8.0096 1.5312
v 2.5961 -8.0172 1.5434
v 2.6013 -8.093 1.5165
v 2.604 -8.1267 1.4291
v 2.6129 -8.1213 1.386
v 2.6066 -8.1128 1.3538
v 2.5501 -7.9746 1.3539
v 2.5779 -7.931 1.3389
v 2.6093 -7.9204 1.3412
v 2.5581 -7.8638 1.0969
v 2.5622 -8.1408 1.2005
v 2.03 -8.1131 -0.0239
v 1.8622 -1.4079 0.9667
v 1.8786 -1.7897 0.9277
v 1.9731 -1.7686 0.7212
v 1.8252 -1.0478 0.9875
v 1.6335 -1.1094 1.1095
v 1.6858 -1.4594 1.1147
v 1.3632 -1.1919 1.1233
v 1.4136 -1.5387 1.1274
v 1.4661 -1.9048 1.1089
v 1.708 -1.8419 1.0726
v 1.2206 -1.9966 1.0671
v 0.5626 -1.5721 0.3026
v 0.5803 -1.5459 0.5356
v 1.9714 -1.7816 0.4872
v 1.8216 -1.7866 -0.1849
v 1.2213 -1.9908 -0.4501
v 1.0409 -2.0913 -0.381
v 0.8882 -2.1847 -0.2482
v 0.7768 -2.2501 -0.084
v 0.9826 -2.0962 0.9566
f 1 2 3
f 1 3 4
f 5 6 7
f 5 7 8
f 9 1 6
f 9 6 10
f 10 6 5
f 10 5 11
f 12 10 11
f 12 11 13
f 14 9 10
f 14 10 12
f 15 12 13
f 15 13 16
f 17 14 12
f 17 12 15
f 18 15 16
f 18 16 19
f 20 17 15
f 20 15 18
f 21 18 19
f 21 19 22
f 23 20 18
f 23 18 21
f 24 21 22
f 24 22 25
f 26 23 21
f 26 21 24
f 27 24 25
f 27 25 28
f 29 26 24
f 29 24 27
f 30 27 28
f 30 28 31
f 32 29 27
f 32 27 30
f 33 30 31
f 33 31 34
f 35 32 30
f 35 30 33
f 36 37 38
f 36 38 39
f 40 41 37
f 40 37 36
f 42 43 44
f 42 44 45
f 45 44 46
f 45 46 47
f 48 42 45
f 48 45 49
f 49 45 47
f 49 47 50
f 51 48 49
f 51 49 52
f 52 49 50
f 52 50 53
f 54 4 3
f 54 3 55
f 56 8 7
f 56 7 57
f 58 56 57
f 58 57 59
f 60 54 55
f 60 55 61
f 62 58 59
f 62 59 63
f 64 60 61
f 64 61 65
f 66 62 63
f 66 63 67
f 68 64 65
f 68 65 69
f 70 71 72
f 70 72 73
f 74 75 76
f 74 76 77
f 78 70 73
f 78 73 79
f 80 74 77
f 80 77 81
f 82 78 79
f 82 79 83
f 84 80 81
f 84 81 85
f 86 39 38
f 86 38 87
f 88 53 50
f 88 50 89
f 89 50 47
f 89 47 90
f 90 91 92
f 90 92 93
f 94 34 31
f 94 31 95
f 95 31 28
f 95 28 96
f 96 28 25
f 96 25 97
f 97 25 22
f 97 22 98
f 98 22 19
f 98 19 99
f 99 19 16
f 99 16 100
f 101 13 11
f 101 11 102
f 103 5 8
f 103 8 104
f 104 8 56
f 104 56 105
f 102 11 5
f 102 5 103
f 106 58 62
f 106 62 107
f 105 56 58
f 105 58 106
f 100 101 108
f 100 108 109
f 110 71 70
f 110 70 111
f 111 70 78
f 111 78 112
f 112 78 82
f 112 82 113
f 114 110 115
f 114 115 116
f 71 66 67
f 71 67 72
f 75 68 69
f 75 69 76
f 107 114 116
f 107 116 117
f 118 116 115
f 118 115 119
f 119 115 120
f 119 120 121
f 121 120 122
f 121 122 123
f 123 122 124
f 123 124 125
f 126 127 128
f 126 128 129
f 130 131 132
f 130 132 133
f 133 132 134
f 133 134 135
f 129 128 131
f 129 131 130
f 136 126 129
f 136 129 137
f 137 129 130
f 137 130 138
f 138 130 133
f 138 133 139
f 139 133 135
f 139 135 140
f 141 136 137
f 141 137 142
f 143 144 145
f 143 145 140
f 142 137 138
f 142 138 146
f 146 138 139
f 146 139 147
f 147 139 140
f 147 140 145
f 148 141 142
f 148 142 149
f 144 150 151
f 144 151 145
f 149 142 146
f 149 146 152
f 152 146 147
f 152 147 153
f 153 147 145
f 153 145 151
f 92 154 155
f 92 155 93
f 156 157 93
f 156 93 155
f 158 159 157
f 158 157 156
f 160 161 162
f 160 162 163
f 164 165 166
f 164 166 167
f 168 169 170
f 168 170 171
f 167 166 172
f 167 172 173
f 171 170 165
f 171 165 164
f 173 172 109
f 173 109 174
f 175 108 176
f 175 176 177
f 178 179 180
f 178 180 181
f 177 176 182
f 177 182 183
f 184 185 179
f 184 179 178
f 181 180 117
f 181 117 186
f 183 182 185
f 183 185 184
f 118 186 117
f 118 117 116
f 109 108 175
f 109 175 174
f 127 126 187
f 127 187 188
f 126 136 189
f 126 189 187
f 136 141 190
f 136 190 189
f 141 148 191
f 141 191 190
f 192 193 194
f 192 194 195
f 196 197 193
f 196 193 192
f 198 199 200
f 198 200 201
f 202 203 199
f 202 199 198
f 201 200 197
f 201 197 196
f 188 187 195
f 188 195 194
f 204 205 206
f 204 206 207
f 207 206 208
f 207 208 209
f 210 211 205
f 210 205 204
f 209 208 212
f 209 212 213
f 213 212 214
f 213 214 215
f 203 202 215
f 203 215 214
f 216 202 198
f 216 198 217
f 202 216 218
f 202 218 215
f 219 196 192
f 219 192 220
f 220 192 195
f 220 195 221
f 222 204 207
f 222 207 223
f 223 207 209
f 223 209 224
f 225 210 204
f 225 204 222
f 224 209 213
f 224 213 226
f 227 201 196
f 227 196 219
f 228 229 210
f 228 210 225
f 226 213 215
f 226 215 218
f 217 198 201
f 217 201 227
f 187 189 221
f 187 221 195
f 189 190 230
f 189 230 221
f 190 191 231
f 190 231 230
f 232 216 217
f 232 217 233
f 233 217 227
f 233 227 234
f 234 227 219
f 234 219 235
f 236 230 231
f 236 231 237
f 238 220 236
f 238 236 239
f 240 234 235
f 240 235 241
f 220 221 230
f 220 230 236
f 242 232 233
f 242 233 243
f 239 236 237
f 239 237 244
f 243 233 234
f 243 234 240
f 245 238 239
f 245 239 246
f 246 239 244
f 246 244 247
f 248 249 250
f 248 250 251
f 251 250 252
f 251 252 253
f 253 252 254
f 253 254 255
f 256 225 222
f 256 222 257
f 258 223 224
f 258 224 259
f 257 222 223
f 257 223 258
f 260 226 218
f 260 218 261
f 262 228 225
f 262 225 256
f 259 224 226
f 259 226 260
f 263 260 261
f 263 261 264
f 265 259 260
f 265 260 263
f 266 258 259
f 266 259 265
f 232 261 218
f 232 218 216
f 232 242 264
f 232 264 261
f 267 268 269
f 267 269 270
f 248 271 272
f 248 272 270
f 273 249 269
f 273 269 274
f 275 267 276
f 275 276 277
f 278 279 280
f 278 280 281
f 282 283 284
f 282 284 285
f 286 287 288
f 286 288 289
f 290 286 289
f 290 289 291
f 292 293 289
f 292 289 288
f 291 289 293
f 291 293 294
f 295 296 284
f 295 284 297
f 298 299 300
f 298 300 297
f 300 301 295
f 300 295 297
f 296 302 285
f 296 285 284
f 283 298 297
f 283 297 284
f 303 304 305
f 303 305 306
f 301 292 288
f 301 288 295
f 307 308 309
f 307 309 310
f 311 312 313
f 311 313 314
f 315 316 317
f 315 317 318
f 308 319 320
f 308 320 309
f 321 322 318
f 321 318 317
f 316 323 324
f 316 324 317
f 319 325 326
f 319 326 320
f 327 321 317
f 327 317 324
f 323 328 329
f 323 329 324
f 325 330 331
f 325 331 326
f 332 327 324
f 332 324 329
f 333 334 335
f 333 335 336
f 337 333 338
f 337 338 339
f 340 341 307
f 340 307 342
f 343 344 345
f 343 345 346
f 347 343 346
f 347 346 348
f 308 307 341
f 308 341 349
f 319 308 349
f 319 349 350
f 325 319 350
f 325 350 351
f 330 325 351
f 330 351 352
f 336 330 352
f 336 352 353
f 333 336 353
f 333 353 338
f 337 339 347
f 337 347 348
f 313 348 346
f 313 346 314
f 314 346 345
f 314 345 354
f 355 356 357
f 355 357 358
f 342 359 354
f 342 354 345
f 360 287 286
f 360 286 361
f 290 362 363
f 290 363 364
f 362 365 366
f 362 366 363
f 367 337 348
f 367 348 313
f 368 369 370
f 368 370 371
f 328 372 373
f 328 373 329
f 374 332 329
f 374 329 373
f 339 375 376
f 339 376 347
f 375 339 338
f 375 338 377
f 351 378 379
f 351 379 352
f 341 380 381
f 341 381 349
f 382 343 347
f 382 347 376
f 349 381 383
f 349 383 350
f 340 384 380
f 340 380 341
f 352 379 385
f 352 385 353
f 386 344 343
f 386 343 382
f 377 338 353
f 377 353 385
f 350 383 378
f 350 378 351
f 387 374 373
f 387 373 388
f 389 390 391
f 389 391 392
f 393 394 395
f 393 395 396
f 336 335 331
f 336 331 330
f 334 333 337
f 334 337 367
f 344 340 342
f 344 342 345
f 307 310 359
f 307 359 342
f 344 386 384
f 344 384 340
f 397 398 394
f 397 394 393
f 399 400 401
f 399 401 402
f 403 387 388
f 403 388 404
f 379 405 406
f 379 406 385
f 407 382 376
f 407 376 408
f 409 377 385
f 409 385 406
f 375 410 408
f 375 408 376
f 380 411 412
f 380 412 381
f 381 412 413
f 381 413 383
f 410 375 377
f 410 377 409
f 414 384 386
f 414 386 415
f 383 413 416
f 383 416 378
f 384 414 411
f 384 411 380
f 378 416 405
f 378 405 379
f 415 386 382
f 415 382 407
f 417 414 415
f 417 415 418
f 418 415 407
f 418 407 419
f 420 417 418
f 420 418 421
f 421 418 419
f 421 419 422
f 417 412 411
f 417 411 414
f 407 408 410
f 407 410 419
f 410 409 422
f 410 422 419
f 422 409 406
f 422 406 405
f 421 422 405
f 421 405 416
f 420 421 416
f 420 416 413
f 417 420 413
f 417 413 412
f 398 423 424
f 398 424 394
f 394 424 425
f 394 425 395
f 392 391 426
f 392 426 427
f 428 404 388
f 428 388 429
f 427 430 431
f 427 431 432
f 430 433 434
f 430 434 431
f 435 436 437
f 435 437 438
f 436 439 440
f 436 440 437
f 439 441 442
f 439 442 440
f 443 444 445
f 443 445 446
f 447 443 446
f 447 446 448
f 449 450 451
f 449 451 452
f 453 449 452
f 453 452 454
f 455 456 457
f 455 457 458
f 459 460 461
f 459 461 462
f 463 430 427
f 463 427 426
f 433 430 463
f 433 463 464
f 435 433 464
f 435 464 465
f 439 436 466
f 439 466 467
f 441 439 467
f 441 467 468
f 469 470 471
f 469 471 472
f 473 474 456
f 473 456 455
f 462 461 475
f 462 475 476
f 397 393 458
f 397 458 457
f 477 478 479
f 477 479 480
f 481 482 483
f 481 483 484
f 485 486 487
f 485 487 488
f 489 490 491
f 489 491 492
f 493 494 495
f 493 495 496
f 497 498 499
f 497 499 500
f 501 502 503
f 501 503 504
f 505 497 500
f 505 500 506
f 507 501 504
f 507 504 508
f 509 505 506
f 509 506 510
f 511 507 508
f 511 508 512
f 513 509 510
f 513 510 514
f 515 511 512
f 515 512 516
f 517 518 499
f 517 499 488
f 500 499 518
f 500 518 519
f 506 500 519
f 506 519 520
f 510 506 520
f 510 520 521
f 514 510 521
f 514 521 522
f 496 495 482
f 496 482 481
f 502 501 479
f 502 479 523
f 480 479 501
f 480 501 507
f 507 511 402
f 507 402 480
f 399 402 511
f 399 511 515
f 524 455 458
f 524 458 525
f 526 462 476
f 526 476 527
f 528 473 455
f 528 455 524
f 393 396 525
f 393 525 458
f 529 530 525
f 529 525 396
f 524 525 530
f 524 530 531
f 528 524 531
f 528 531 532
f 532 533 527
f 532 527 528
f 526 527 533
f 526 533 534
f 535 532 531
f 535 531 536
f 536 531 530
f 536 530 537
f 538 539 540
f 538 540 541
f 529 542 537
f 529 537 530
f 543 534 533
f 543 533 544
f 433 435 438
f 433 438 434
f 450 447 448
f 450 448 451
f 436 435 465
f 436 465 466
f 476 475 474
f 476 474 473
f 484 483 486
f 484 486 485
f 504 503 498
f 504 498 497
f 508 504 497
f 508 497 505
f 512 508 505
f 512 505 509
f 516 512 509
f 516 509 513
f 527 476 473
f 527 473 528
f 534 545 546
f 534 546 526
f 544 533 532
f 544 532 535
f 545 534 543
f 545 543 547
f 518 548 549
f 518 549 519
f 519 549 550
f 519 550 520
f 517 551 548
f 517 548 518
f 545 552 553
f 545 553 546
f 459 462 526
f 459 526 546
f 521 554 555
f 521 555 522
f 520 550 554
f 520 554 521
f 556 453 454
f 556 454 557
f 554 558 559
f 554 559 555
f 560 441 468
f 560 468 561
f 548 562 563
f 548 563 549
f 564 460 459
f 564 459 565
f 552 566 567
f 552 567 553
f 550 568 558
f 550 558 554
f 552 545 547
f 552 547 569
f 549 563 568
f 549 568 550
f 565 459 546
f 565 546 553
f 551 570 562
f 551 562 548
f 441 560 571
f 441 571 442
f 558 572 573
f 558 573 559
f 563 574 575
f 563 575 568
f 568 575 572
f 568 572 558
f 566 552 569
f 566 569 576
f 570 577 578
f 570 578 562
f 579 564 565
f 579 565 580
f 581 560 561
f 581 561 582
f 560 581 583
f 560 583 571
f 562 578 574
f 562 574 563
f 584 567 566
f 584 566 585
f 580 565 553
f 580 553 567
f 586 556 557
f 586 557 587
f 588 580 567
f 588 567 584
f 589 586 587
f 589 587 590
f 572 591 592
f 572 592 573
f 574 593 594
f 574 594 575
f 575 594 591
f 575 591 572
f 585 566 576
f 585 576 595
f 577 596 597
f 577 597 578
f 598 579 580
f 598 580 588
f 599 581 582
f 599 582 600
f 581 599 601
f 581 601 583
f 578 597 593
f 578 593 574
f 585 602 603
f 585 603 584
f 604 603 602
f 604 602 605
f 606 588 584
f 606 584 603
f 607 589 590
f 607 590 608
f 591 609 610
f 591 610 592
f 593 611 612
f 593 612 594
f 594 612 609
f 594 609 591
f 602 585 595
f 602 595 613
f 596 614 615
f 596 615 597
f 616 598 588
f 616 588 606
f 617 599 600
f 617 600 618
f 599 617 619
f 599 619 601
f 620 621 622
f 620 622 623
f 597 615 611
f 597 611 593
f 624 617 618
f 624 618 625
f 617 624 626
f 617 626 619
f 627 628 621
f 627 621 620
f 615 629 630
f 615 630 611
f 605 631 632
f 605 632 604
f 633 606 603
f 633 603 604
f 628 627 634
f 628 634 635
f 636 607 608
f 636 608 637
f 609 638 639
f 609 639 610
f 635 634 640
f 635 640 641
f 611 630 642
f 611 642 612
f 612 642 638
f 612 638 609
f 605 602 613
f 605 613 643
f 614 644 629
f 614 629 615
f 645 616 606
f 645 606 633
f 638 646 647
f 638 647 639
f 640 643 648
f 640 648 641
f 630 649 650
f 630 650 642
f 642 650 646
f 642 646 638
f 631 605 643
f 631 643 640
f 644 651 652
f 644 652 629
f 653 645 633
f 653 633 654
f 655 624 625
f 655 625 656
f 624 655 657
f 624 657 626
f 658 648 643
f 658 643 613
f 629 652 649
f 629 649 630
f 659 632 631
f 659 631 660
f 654 633 604
f 654 604 632
f 613 595 661
f 613 661 658
f 662 636 637
f 662 637 663
f 664 654 632
f 664 632 659
f 595 576 665
f 595 665 661
f 666 662 663
f 666 663 667
f 646 668 669
f 646 669 647
f 576 569 670
f 576 670 665
f 649 671 672
f 649 672 650
f 650 672 668
f 650 668 646
f 660 631 640
f 660 640 634
f 651 673 674
f 651 674 652
f 675 653 654
f 675 654 664
f 676 655 656
f 676 656 677
f 655 676 678
f 655 678 657
f 569 547 679
f 569 679 670
f 652 674 671
f 652 671 649
f 659 660 680
f 659 680 681
f 682 683 681
f 682 681 680
f 684 664 659
f 684 659 681
f 547 543 685
f 547 685 679
f 686 666 667
f 686 667 687
f 668 688 689
f 668 689 669
f 543 544 690
f 543 690 685
f 671 691 692
f 671 692 672
f 672 692 688
f 672 688 668
f 680 660 634
f 680 634 627
f 673 693 694
f 673 694 674
f 695 675 664
f 695 664 684
f 696 676 677
f 696 677 697
f 676 696 698
f 676 698 678
f 699 690 544
f 699 544 535
f 674 694 691
f 674 691 671
f 688 700 701
f 688 701 689
f 535 536 702
f 535 702 699
f 691 703 704
f 691 704 692
f 692 704 700
f 692 700 688
f 682 680 627
f 682 627 620
f 693 705 706
f 693 706 694
f 707 695 684
f 707 684 708
f 709 696 697
f 709 697 710
f 696 709 711
f 696 711 698
f 536 537 712
f 536 712 702
f 694 706 703
f 694 703 691
f 713 714 683
f 713 683 682
f 708 684 681
f 708 681 683
f 715 712 537
f 715 537 542
f 716 686 687
f 716 687 717
f 718 709 710
f 718 710 719
f 709 718 720
f 709 720 711
f 706 721 722
f 706 722 703
f 723 708 683
f 723 683 714
f 724 716 717
f 724 717 725
f 700 726 727
f 700 727 701
f 703 722 728
f 703 728 704
f 704 728 726
f 704 726 700
f 713 682 620
f 713 620 623
f 705 729 721
f 705 721 706
f 730 707 708
f 730 708 723
f 731 730 723
f 731 723 732
f 733 734 714
f 733 714 713
f 623 622 735
f 623 735 736
f 737 718 719
f 737 719 738
f 718 737 739
f 718 739 720
f 740 720 739
f 740 739 741
f 732 723 714
f 732 714 734
f 742 724 725
f 742 725 743
f 726 744 745
f 726 745 727
f 722 746 747
f 722 747 728
f 728 747 744
f 728 744 726
f 713 623 736
f 713 736 733
f 729 748 749
f 729 749 721
f 749 746 722
f 749 722 721
f 748 741 739
f 748 739 737
f 731 732 737
f 731 737 738
f 255 254 750
f 255 750 751
f 752 541 540
f 752 540 753
f 754 755 756
f 754 756 757
f 423 758 759
f 423 759 424
f 472 471 445
f 472 445 444
f 759 760 425
f 759 425 424
f 761 762 763
f 761 763 764
f 765 766 767
f 765 767 768
f 769 770 771
f 769 771 772
f 773 769 772
f 773 772 774
f 775 773 774
f 775 774 776
f 777 775 776
f 777 776 778
f 779 777 778
f 779 778 780
f 781 779 780
f 781 780 782
f 783 784 785
f 783 785 786
f 787 783 786
f 787 786 788
f 789 787 788
f 789 788 790
f 791 789 790
f 791 790 792
f 793 791 792
f 793 792 794
f 795 793 794
f 795 794 796
f 768 767 797
f 768 797 798
f 799 800 801
f 799 801 802
f 800 803 804
f 800 804 801
f 803 805 806
f 803 806 804
f 805 807 808
f 805 808 806
f 809 810 811
f 809 811 812
f 813 814 810
f 813 810 815
f 807 814 816
f 807 816 808
f 814 813 817
f 814 817 816
f 818 815 810
f 818 810 809
f 814 807 811
f 814 811 810
f 813 819 820
f 813 820 817
f 812 821 822
f 812 822 823
f 816 817 824
f 816 824 825
f 826 827 815
f 826 815 818
f 793 795 828
f 793 828 829
f 791 793 829
f 791 829 830
f 789 791 830
f 789 830 831
f 804 806 832
f 804 832 833
f 834 835 766
f 834 766 765
f 271 248 251
f 271 251 836
f 770 769 786
f 770 786 785
f 769 773 788
f 769 788 786
f 773 775 790
f 773 790 788
f 775 777 792
f 775 792 790
f 777 779 794
f 777 794 792
f 779 781 796
f 779 796 794
f 772 837 838
f 772 838 774
f 780 839 840
f 780 840 782
f 778 841 839
f 778 839 780
f 776 842 841
f 776 841 778
f 774 838 842
f 774 842 776
f 837 843 844
f 837 844 838
f 839 845 846
f 839 846 840
f 838 844 847
f 838 847 842
f 842 847 848
f 842 848 841
f 841 848 845
f 841 845 839
f 843 849 850
f 843 850 844
f 845 851 852
f 845 852 846
f 844 850 853
f 844 853 847
f 847 853 854
f 847 854 848
f 848 854 851
f 848 851 845
f 849 855 856
f 849 856 850
f 851 857 858
f 851 858 852
f 850 856 859
f 850 859 853
f 853 859 860
f 853 860 854
f 854 860 857
f 854 857 851
f 855 861 862
f 855 862 856
f 857 863 864
f 857 864 858
f 856 862 865
f 856 865 859
f 859 865 866
f 859 866 860
f 860 866 863
f 860 863 857
f 861 867 868
f 861 868 862
f 863 869 870
f 863 870 864
f 862 868 871
f 862 871 865
f 865 871 872
f 865 872 866
f 866 872 869
f 866 869 863
f 873 874 875
f 873 875 876
f 877 878 879
f 877 879 880
f 876 875 881
f 876 881 882
f 882 881 883
f 882 883 884
f 884 883 878
f 884 878 877
f 885 886 887
f 885 887 888
f 888 887 889
f 888 889 890
f 891 892 893
f 891 893 894
f 895 896 897
f 895 897 898
f 894 893 886
f 894 886 885
f 898 897 899
f 898 899 900
f 901 902 903
f 901 903 904
f 902 905 906
f 902 906 903
f 907 908 909
f 907 909 910
f 911 901 904
f 911 904 912
f 913 914 915
f 913 915 916
f 905 275 277
f 905 277 906
f 917 918 279
f 917 279 278
f 908 907 918
f 908 918 917
f 915 919 920
f 915 920 916
f 921 922 797
f 921 797 767
f 772 771 923
f 772 923 837
f 843 837 923
f 843 923 924
f 849 843 924
f 849 924 925
f 855 849 925
f 855 925 926
f 861 855 926
f 861 926 927
f 867 861 927
f 867 927 928
f 929 930 931
f 929 931 932
f 933 169 168
f 933 168 934
f 160 163 935
f 160 935 936
f 937 938 939
f 937 939 934
f 937 211 210
f 937 210 229
f 940 936 935
f 940 935 941
f 931 930 940
f 931 940 941
f 174 175 203
f 174 203 214
f 164 167 208
f 164 208 206
f 118 119 128
f 118 128 127
f 168 171 205
f 168 205 211
f 178 181 194
f 178 194 193
f 121 123 132
f 121 132 131
f 183 184 197
f 183 197 200
f 173 174 214
f 173 214 212
f 119 121 131
f 119 131 128
f 171 164 206
f 171 206 205
f 181 186 188
f 181 188 194
f 184 178 193
f 184 193 197
f 175 177 199
f 175 199 203
f 127 188 186
f 127 186 118
f 167 173 212
f 167 212 208
f 177 183 200
f 177 200 199
f 123 125 134
f 123 134 132
f 798 797 942
f 798 942 943
f 922 944 942
f 922 942 797
f 806 808 945
f 806 945 832
f 825 945 808
f 825 808 816
f 817 820 946
f 817 946 824
f 762 761 947
f 762 947 948
f 949 950 951
f 949 951 952
f 953 954 952
f 953 952 951
f 955 951 950
f 955 950 956
f 955 957 953
f 955 953 951
f 958 959 960
f 958 960 961
f 811 962 821
f 811 821 812
f 807 805 962
f 807 962 811
f 813 815 827
f 813 827 819
f 963 964 826
f 963 826 818
f 965 963 818
f 965 818 809
f 809 812 823
f 809 823 965
f 961 960 966
f 961 966 967
f 968 969 954
f 968 954 953
f 968 970 958
f 968 958 961
f 971 972 766
f 971 766 835
f 973 974 975
f 973 975 976
f 831 830 977
f 831 977 978
f 830 829 979
f 830 979 977
f 829 828 980
f 829 980 979
f 981 982 784
f 981 784 975
f 983 984 771
f 983 771 770
f 985 981 975
f 985 975 974
f 983 986 798
f 983 798 943
f 982 986 785
f 982 785 784
f 987 923 771
f 987 771 984
f 988 989 896
f 988 896 895
f 990 991 989
f 990 989 988
f 992 912 904
f 992 904 993
f 890 889 994
f 890 994 995
f 900 899 892
f 900 892 891
f 943 942 996
f 943 996 997
f 998 999 1000
f 998 1000 1001
f 1002 924 923
f 1002 923 987
f 1003 1004 1005
f 1003 1005 1006
f 1007 1008 1009
f 1007 1009 1010
f 1011 1012 1008
f 1011 1008 1007
f 1013 1014 928
f 1013 928 927
f 1015 1013 927
f 1015 927 926
f 1016 1015 926
f 1016 926 925
f 1017 1016 925
f 1017 925 924
f 1018 867 928
f 1018 928 1019
f 915 1020 1021
f 915 1021 919
f 1022 1023 1024
f 1022 1024 1025
f 914 1026 1020
f 914 1020 915
f 1027 1028 1029
f 1027 1029 1030
f 1031 1032 1026
f 1031 1026 914
f 919 1021 1028
f 919 1028 1027
f 1033 1034 1035
f 1033 1035 1036
f 1037 998 1001
f 1037 1001 1038
f 1039 1040 998
f 1039 998 1037
f 1041 1042 1043
f 1041 1043 1044
f 1036 1035 1040
f 1036 1040 1039
f 1038 1001 1045
f 1038 1045 1046
f 1000 894 885
f 1000 885 1047
f 1048 895 898
f 1048 898 1049
f 999 891 894
f 999 894 1000
f 1050 900 891
f 1050 891 999
f 1051 890 995
f 1051 995 1052
f 1049 898 900
f 1049 900 1050
f 1053 1054 1055
f 1053 1055 1056
f 1057 1058 280
f 1057 280 279
f 836 1059 1060
f 836 1060 1061
f 1062 1063 272
f 1062 272 271
f 1062 271 836
f 1062 836 1061
f 1064 1065 281
f 1064 281 280
f 919 1027 1066
f 919 1066 920
f 1027 1030 1012
f 1027 1012 1066
f 1067 1068 1069
f 1067 1069 1070
f 1060 1059 1071
f 1060 1071 1072
f 751 750 1068
f 751 1068 1067
f 1073 1062 1061
f 1073 1061 1074
f 1073 1075 1063
f 1073 1063 1062
f 1012 1030 1076
f 1012 1076 1008
f 1077 1078 907
f 1077 907 910
f 1078 1079 918
f 1078 918 907
f 1074 1061 1060
f 1074 1060 1080
f 763 799 802
f 763 802 764
f 1008 1076 1022
f 1008 1022 1009
f 961 967 969
f 961 969 968
f 953 957 970
f 953 970 968
f 765 768 982
f 765 982 981
f 943 1081 984
f 943 984 983
f 834 765 981
f 834 981 985
f 770 785 986
f 770 986 983
f 768 798 986
f 768 986 982
f 1082 987 984
f 1082 984 1081
f 1083 1002 987
f 1083 987 1082
f 1084 1017 924
f 1084 924 1002
f 1085 1086 1032
f 1085 1032 1031
f 1087 1088 1034
f 1087 1034 1033
f 1089 988 895
f 1089 895 1048
f 1078 1090 1091
f 1078 1091 1079
f 1078 1077 1092
f 1078 1092 1090
f 1009 1022 1025
f 1009 1025 1093
f 1079 1091 1094
f 1079 1094 1057
f 1095 1096 1097
f 1095 1097 1098
f 1099 882 884
f 1099 884 1100
f 1055 1101 1102
f 1055 1102 1056
f 1103 1104 1105
f 1103 1105 1106
f 1107 1058 1108
f 1107 1108 1109
f 241 235 238
f 241 238 245
f 1096 1110 1111
f 1096 1111 1097
f 1076 1112 1023
f 1076 1023 1022
f 1058 1057 1094
f 1058 1094 1108
f 1113 876 882
f 1113 882 1099
f 1114 888 890
f 1114 890 1051
f 1079 1057 279
f 1079 279 918
f 1115 1116 1054
f 1115 1054 1053
f 1117 877 880
f 1117 880 1118
f 1018 873 876
f 1018 876 1113
f 1119 1120 1042
f 1119 1042 1041
f 874 873 1006
f 874 1006 1005
f 1100 884 877
f 1100 877 1117
f 1107 1053 1056
f 1107 1056 1064
f 1080 1121 1108
f 1080 1108 1094
f 219 220 238
f 219 238 235
f 395 425 540
f 395 540 539
f 753 540 425
f 753 425 760
f 538 541 1122
f 538 1122 1123
f 541 752 1124
f 541 1124 1122
f 949 952 762
f 949 762 948
f 952 954 763
f 952 763 762
f 799 763 954
f 799 954 969
f 969 967 800
f 969 800 799
f 803 800 967
f 803 967 966
f 801 804 833
f 801 833 1125
f 802 801 1125
f 802 1125 1126
f 1126 1127 764
f 1126 764 802
f 1127 1128 761
f 1127 761 764
f 947 761 1128
f 947 1128 1129
f 1130 1131 1132
f 1130 1132 1133
f 1134 956 950
f 1134 950 1135
f 1135 950 949
f 1135 949 1136
f 1136 949 948
f 1136 948 1137
f 1137 948 947
f 1137 947 1138
f 362 306 305
f 362 305 365
f 1139 973 976
f 1139 976 1140
f 784 783 976
f 784 976 975
f 783 787 1140
f 783 1140 976
f 960 959 822
f 960 822 821
f 966 960 821
f 966 821 962
f 805 803 966
f 805 966 962
f 1139 1140 831
f 1139 831 978
f 787 789 831
f 787 831 1140
f 1086 1085 1141
f 1086 1141 1142
f 1143 1144 1088
f 1143 1088 1087
f 1034 1048 1049
f 1034 1049 1035
f 1110 1096 1145
f 1110 1145 1146
f 1146 1145 1072
f 1146 1072 1071
f 873 1018 1019
f 873 1019 1006
f 1056 1102 1065
f 1056 1065 1064
f 871 1099 1100
f 871 1100 872
f 1053 1107 1109
f 1053 1109 1115
f 1030 1029 1112
f 1030 1112 1076
f 868 1113 1099
f 868 1099 871
f 1047 885 888
f 1047 888 1114
f 869 1117 1118
f 869 1118 870
f 867 1018 1113
f 867 1113 868
f 1046 1045 1120
f 1046 1120 1119
f 872 1100 1117
f 872 1117 869
f 1058 1107 1064
f 1058 1064 280
f 1095 1115 1109
f 1095 1109 1147
f 1147 1109 1108
f 1147 1108 1121
f 1148 1149 1150
f 1148 1150 1151
f 1152 1153 1154
f 1152 1154 1155
f 1156 1157 1153
f 1156 1153 1152
f 1158 1159 1157
f 1158 1157 1156
f 1160 1161 1159
f 1160 1159 1158
f 1162 55 3
f 1162 3 1151
f 1163 85 81
f 1163 81 1164
f 1165 1166 1167
f 1165 1167 1168
f 1164 81 77
f 1164 77 1169
f 1170 1171 1172
f 1170 1172 1173
f 1169 77 76
f 1169 76 1168
f 1174 1175 1176
f 1174 1176 1177
f 1165 69 65
f 1165 65 1178
f 1179 1180 1175
f 1179 1175 1174
f 1178 65 61
f 1178 61 1181
f 1181 61 55
f 1181 55 1162
f 1182 1183 1184
f 1182 1184 1185
f 1186 1187 1188
f 1186 1188 1189
f 1190 1191 1192
f 1190 1192 1193
f 1148 2 1161
f 1148 1161 1160
f 1194 1195 1191
f 1194 1191 1190
f 1155 1154 1195
f 1155 1195 1194
f 1196 1197 1198
f 1196 1198 1199
f 1200 1201 1202
f 1200 1202 1203
f 1204 1205 1206
f 1204 1206 1207
f 1208 1149 1209
f 1208 1209 1210
f 1211 1212 1213
f 1211 1213 1214
f 1199 1198 1215
f 1199 1215 1216
f 1207 1206 1217
f 1207 1217 1218
f 1210 1209 1219
f 1210 1219 1220
f 1166 1221 1222
f 1166 1222 1167
f 1221 1166 1212
f 1221 1212 1211
f 1223 1224 1225
f 1223 1225 1226
f 1218 1217 1227
f 1218 1227 1228
f 1220 1219 1229
f 1220 1229 1230
f 1231 1232 1167
f 1231 1167 1222
f 1233 1234 1235
f 1233 1235 1236
f 1230 1229 1237
f 1230 1237 1238
f 1239 1240 1232
f 1239 1232 1231
f 1241 1242 1150
f 1241 1150 1243
f 1238 1237 1205
f 1238 1205 1204
f 1149 1208 1243
f 1149 1243 1150
f 1244 1245 1240
f 1244 1240 1239
f 1214 1213 1242
f 1214 1242 1241
f 1246 1214 1241
f 1246 1241 1247
f 1248 1196 1199
f 1248 1199 1249
f 1250 1200 1203
f 1250 1203 1251
f 1252 1204 1207
f 1252 1207 1253
f 1254 1208 1210
f 1254 1210 1255
f 1256 1211 1214
f 1256 1214 1246
f 1249 1199 1216
f 1249 1216 1257
f 1253 1207 1218
f 1253 1218 1258
f 1255 1210 1220
f 1255 1220 1259
f 1221 1260 1261
f 1221 1261 1222
f 1260 1221 1211
f 1260 1211 1256
f 1262 1223 1226
f 1262 1226 1263
f 1258 1218 1228
f 1258 1228 1264
f 1259 1220 1230
f 1259 1230 1265
f 1266 1231 1222
f 1266 1222 1261
f 1267 1233 1236
f 1267 1236 1268
f 1265 1230 1238
f 1265 1238 1269
f 1270 1239 1231
f 1270 1231 1266
f 1247 1241 1243
f 1247 1243 1271
f 1269 1238 1204
f 1269 1204 1252
f 1208 1254 1271
f 1208 1271 1243
f 1272 1244 1239
f 1272 1239 1270
f 1273 1270 1266
f 1273 1266 1274
f 1275 1247 1271
f 1275 1271 1276
f 1277 1269 1252
f 1277 1252 1278
f 1254 1279 1276
f 1254 1276 1271
f 1280 1272 1270
f 1280 1270 1273
f 1281 1246 1247
f 1281 1247 1275
f 1282 1248 1249
f 1282 1249 1283
f 1284 1250 1251
f 1284 1251 1285
f 1278 1252 1253
f 1278 1253 1286
f 1279 1254 1255
f 1279 1255 1287
f 1288 1256 1246
f 1288 1246 1281
f 1283 1249 1257
f 1283 1257 1289
f 1286 1253 1258
f 1286 1258 1290
f 1287 1255 1259
f 1287 1259 1291
f 1260 1292 1293
f 1260 1293 1261
f 1292 1260 1256
f 1292 1256 1288
f 1294 1262 1263
f 1294 1263 1295
f 1290 1258 1264
f 1290 1264 1296
f 1291 1259 1265
f 1291 1265 1297
f 1274 1266 1261
f 1274 1261 1293
f 1298 1267 1268
f 1298 1268 1299
f 1297 1265 1269
f 1297 1269 1277
f 1300 1279 1287
f 1300 1287 1301
f 1302 1288 1281
f 1302 1281 1303
f 1304 1283 1289
f 1304 1289 1305
f 1306 1286 1290
f 1306 1290 1307
f 1301 1287 1291
f 1301 1291 1308
f 1292 1309 1310
f 1292 1310 1293
f 1309 1292 1288
f 1309 1288 1302
f 1311 1294 1295
f 1311 1295 1312
f 1307 1290 1296
f 1307 1296 1313
f 1308 1291 1297
f 1308 1297 1314
f 1315 1274 1293
f 1315 1293 1310
f 1316 1298 1299
f 1316 1299 1317
f 1314 1297 1277
f 1314 1277 1318
f 1319 1273 1274
f 1319 1274 1315
f 1320 1275 1276
f 1320 1276 1321
f 1318 1277 1278
f 1318 1278 1322
f 1279 1300 1321
f 1279 1321 1276
f 1323 1280 1273
f 1323 1273 1319
f 1303 1281 1275
f 1303 1275 1320
f 1324 1282 1283
f 1324 1283 1304
f 1325 1284 1285
f 1325 1285 1326
f 1322 1278 1286
f 1322 1286 1306
f 1300 1327 1328
f 1300 1328 1321
f 1329 1323 1319
f 1329 1319 1330
f 1331 1303 1320
f 1331 1320 1332
f 1333 1324 1304
f 1333 1304 1334
f 1335 1325 1326
f 1335 1326 1336
f 1337 1322 1306
f 1337 1306 1338
f 1327 1300 1301
f 1327 1301 1339
f 1340 1302 1303
f 1340 1303 1331
f 1334 1304 1305
f 1334 1305 1341
f 1338 1306 1307
f 1338 1307 1342
f 1339 1301 1308
f 1339 1308 1343
f 1309 1344 1345
f 1309 1345 1310
f 1344 1309 1302
f 1344 1302 1340
f 1346 1311 1312
f 1346 1312 1347
f 1342 1307 1313
f 1342 1313 1348
f 1343 1308 1314
f 1343 1314 1349
f 1350 1315 1310
f 1350 1310 1345
f 1351 1316 1317
f 1351 1317 1352
f 1349 1314 1318
f 1349 1318 1353
f 1330 1319 1315
f 1330 1315 1350
f 1332 1320 1321
f 1332 1321 1328
f 1353 1318 1322
f 1353 1322 1337
f 1354 1349 1353
f 1354 1353 1355
f 1353 1337 1356
f 1353 1356 1355
f 1337 1338 1357
f 1337 1357 1356
f 1342 1348 1358
f 1342 1358 1359
f 1360 1329 1330
f 1360 1330 1361
f 1351 1352 1362
f 1351 1362 1363
f 1335 1336 1364
f 1335 1364 1365
f 1333 1334 1366
f 1333 1366 1367
f 1368 1327 1339
f 1368 1339 1369
f 1334 1341 1370
f 1334 1370 1366
f 1332 1371 1372
f 1332 1372 1331
f 1357 1338 1342
f 1357 1342 1359
f 1330 1350 1373
f 1330 1373 1361
f 1344 1374 1375
f 1344 1375 1345
f 1350 1345 1375
f 1350 1375 1373
f 1376 1346 1347
f 1376 1347 1377
f 1344 1340 1378
f 1344 1378 1374
f 1340 1331 1372
f 1340 1372 1378
f 1332 1328 1379
f 1332 1379 1371
f 1368 1379 1328
f 1368 1328 1327
f 1339 1343 1380
f 1339 1380 1369
f 1343 1349 1354
f 1343 1354 1380
f 1352 1335 1365
f 1352 1365 1362
f 1325 1335 1352
f 1325 1352 1317
f 1284 1325 1317
f 1284 1317 1299
f 1299 1268 1250
f 1299 1250 1284
f 1354 1381 1382
f 1354 1382 1380
f 1374 1383 1384
f 1374 1384 1375
f 1378 1385 1383
f 1378 1383 1374
f 1376 1386 1387
f 1376 1387 1370
f 1366 1388 1389
f 1366 1389 1367
f 1371 1390 1391
f 1371 1391 1372
f 1358 1392 1393
f 1358 1393 1359
f 1369 1394 1395
f 1369 1395 1368
f 1372 1391 1385
f 1372 1385 1378
f 1363 1396 1392
f 1363 1392 1358
f 1355 1397 1381
f 1355 1381 1354
f 1380 1382 1394
f 1380 1394 1369
f 1379 1398 1390
f 1379 1390 1371
f 1373 1399 1400
f 1373 1400 1361
f 1364 1401 1402
f 1364 1402 1365
f 1356 1403 1397
f 1356 1397 1355
f 1361 1400 1404
f 1361 1404 1360
f 1375 1384 1399
f 1375 1399 1373
f 1370 1387 1388
f 1370 1388 1366
f 1357 1405 1403
f 1357 1403 1356
f 1368 1395 1398
f 1368 1398 1379
f 1365 1402 1406
f 1365 1406 1362
f 1359 1393 1405
f 1359 1405 1357
f 1396 1407 1408
f 1396 1408 1392
f 1397 1409 1410
f 1397 1410 1381
f 1390 1411 1412
f 1390 1412 1391
f 1400 1413 1414
f 1400 1414 1404
f 1399 1415 1413
f 1399 1413 1400
f 1401 1416 1417
f 1401 1417 1402
f 1403 1418 1409
f 1403 1409 1397
f 1395 1419 1420
f 1395 1420 1398
f 1384 1421 1415
f 1384 1415 1399
f 1387 1422 1423
f 1387 1423 1388
f 1405 1424 1418
f 1405 1418 1403
f 1383 1425 1421
f 1383 1421 1384
f 1385 1426 1425
f 1385 1425 1383
f 1402 1417 1427
f 1402 1427 1406
f 1393 1428 1424
f 1393 1424 1405
f 1382 1429 1430
f 1382 1430 1394
f 1391 1412 1426
f 1391 1426 1385
f 1386 1431 1422
f 1386 1422 1387
f 1388 1423 1432
f 1388 1432 1389
f 1392 1408 1428
f 1392 1428 1393
f 1394 1430 1419
f 1394 1419 1395
f 1381 1410 1429
f 1381 1429 1382
f 1398 1420 1411
f 1398 1411 1390
f 1415 1433 1434
f 1415 1434 1413
f 1416 1435 1436
f 1416 1436 1417
f 1418 1437 1438
f 1418 1438 1409
f 1419 1439 1440
f 1419 1440 1420
f 1421 1441 1433
f 1421 1433 1415
f 1422 1442 1443
f 1422 1443 1423
f 1424 1444 1437
f 1424 1437 1418
f 1425 1445 1441
f 1425 1441 1421
f 1426 1446 1445
f 1426 1445 1425
f 1417 1436 1447
f 1417 1447 1427
f 1428 1448 1444
f 1428 1444 1424
f 1429 1449 1450
f 1429 1450 1430
f 1412 1451 1446
f 1412 1446 1426
f 1431 1452 1442
f 1431 1442 1422
f 1423 1443 1453
f 1423 1453 1432
f 1408 1454 1448
f 1408 1448 1428
f 1430 1450 1439
f 1430 1439 1419
f 1410 1455 1449
f 1410 1449 1429
f 1420 1440 1456
f 1420 1456 1411
f 1407 1457 1454
f 1407 1454 1408
f 1409 1438 1455
f 1409 1455 1410
f 1411 1456 1451
f 1411 1451 1412
f 1413 1434 1458
f 1413 1458 1414
f 1459 1460 1461
f 1459 1461 1462
f 1463 1464 1465
f 1463 1465 1466
f 1467 1468 1469
f 1467 1469 1470
f 1471 1472 1473
f 1471 1473 1474
f 1475 1476 1477
f 1475 1477 1478
f 1472 1471 1479
f 1472 1479 1480
f 1476 1475 1481
f 1476 1481 1482
f 1462 1461 1483
f 1462 1483 1484
f 1485 1486 1487
f 1485 1487 1488
f 1474 1473 1489
f 1474 1489 1490
f 1491 1492 1493
f 1491 1493 1494
f 1495 1496 1497
f 1495 1497 1498
f 1468 1467 1486
f 1468 1486 1485
f 1482 1481 1499
f 1482 1499 1500
f 1498 1497 1501
f 1498 1501 1502
f 1503 1504 1490
f 1503 1490 1489
f 1505 1506 1496
f 1505 1496 1495
f 1464 1463 1460
f 1464 1460 1459
f 1492 1491 1488
f 1492 1488 1487
f 1504 1503 1507
f 1504 1507 1508
f 1506 1505 1500
f 1506 1500 1499
f 1502 1501 1509
f 1502 1509 1510
f 1511 1512 1513
f 1511 1513 1514
f 1466 1465 1508
f 1466 1508 1507
f 1470 1469 1512
f 1470 1512 1511
f 1484 1483 1478
f 1484 1478 1477
f 1510 1509 1514
f 1510 1514 1513
f 1492 1439 1450
f 1492 1450 1493
f 1454 1466 1507
f 1454 1507 1448
f 1481 1443 1442
f 1481 1442 1499
f 1451 1467 1470
f 1451 1470 1446
f 1493 1450 1449
f 1493 1449 1480
f 1452 1506 1499
f 1452 1499 1442
f 1503 1444 1448
f 1503 1448 1507
f 1475 1453 1443
f 1475 1443 1481
f 1446 1470 1511
f 1446 1511 1445
f 1445 1511 1514
f 1445 1514 1441
f 1463 1457 1447
f 1463 1447 1460
f 1444 1503 1489
f 1444 1489 1437
f 1460 1447 1436
f 1460 1436 1461
f 1509 1433 1441
f 1509 1441 1514
f 1439 1492 1487
f 1439 1487 1440
f 1453 1475 1478
f 1453 1478 1515
f 1473 1438 1437
f 1473 1437 1489
f 1461 1436 1435
f 1461 1435 1483
f 1501 1434 1433
f 1501 1433 1509
f 1516 1517 932
f 1516 932 931
f 1518 996 942
f 1518 942 944
f 997 1519 1081
f 997 1081 943
f 1520 1516 931
f 1520 931 941
f 941 935 938
f 941 938 1520
f 935 163 939
f 935 939 938
f 1521 939 163
f 1521 163 162
f 87 38 1522
f 87 1522 1523
f 1524 1522 38
f 1524 38 37
f 1525 1524 37
f 1525 37 41
f 1182 1201 1235
f 1182 1235 1189
f 1201 1200 1236
f 1201 1236 1235
f 1200 1250 1268
f 1200 1268 1236
f 1526 1527 1528
f 1526 1528 1529
f 1527 1530 1531
f 1527 1531 1528
f 1530 1532 1533
f 1530 1533 1531
f 1532 1534 1535
f 1532 1535 1533
f 1534 1536 1537
f 1534 1537 1535
f 1538 1539 1540
f 1538 1540 1541
f 1539 1542 1543
f 1539 1543 1540
f 1542 1544 1545
f 1542 1545 1543
f 1544 1546 1547
f 1544 1547 1545
f 1529 1528 1548
f 1529 1548 1549
f 1528 1531 1550
f 1528 1550 1548
f 1531 1533 1551
f 1531 1551 1550
f 1533 1535 1552
f 1533 1552 1551
f 1535 1537 1553
f 1535 1553 1552
f 1541 1540 1554
f 1541 1554 1555
f 1540 1543 1556
f 1540 1556 1554
f 1543 1545 1557
f 1543 1557 1556
f 1545 1547 1558
f 1545 1558 1557
f 1559 1560 1561
f 1559 1561 1562
f 1560 1563 1564
f 1560 1564 1561
f 1563 1565 1566
f 1563 1566 1564
f 1565 1567 1568
f 1565 1568 1566
f 1569 1570 1571
f 1569 1571 1572
f 1570 1573 1574
f 1570 1574 1571
f 1573 1575 1576
f 1573 1576 1574
f 1575 1577 1578
f 1575 1578 1576
f 1579 1580 1581
f 1579 1581 1582
f 1562 1561 1583
f 1562 1583 1584
f 1561 1564 1585
f 1561 1585 1583
f 1564 1566 1586
f 1564 1586 1585
f 1566 1568 1587
f 1566 1587 1586
f 1572 1571 1588
f 1572 1588 1589
f 1571 1574 1590
f 1571 1590 1588
f 1574 1591 1592
f 1574 1592 1590
f 1576 1578 1593
f 1576 1593 1594
f 1595 1596 1597
f 1595 1597 1598
f 1584 1583 1599
f 1584 1599 1600
f 1583 1585 1601
f 1583 1601 1599
f 1585 1586 1602
f 1585 1602 1601
f 1586 1587 1603
f 1586 1603 1602
f 1589 1588 1604
f 1589 1604 1605
f 1588 1590 1606
f 1588 1606 1604
f 1594 1607 1608
f 1594 1608 1591
f 1598 1597 1582
f 1598 1582 1581
f 1600 1599 1609
f 1600 1609 1610
f 1599 1601 1611
f 1599 1611 1609
f 1601 1602 1612
f 1601 1612 1611
f 1602 1603 1613
f 1602 1613 1612
f 1605 1604 1614
f 1605 1614 1615
f 1604 1606 1616
f 1604 1616 1614
f 1606 1617 1618
f 1606 1618 1616
f 1562 1584 1580
f 1562 1580 1579
f 1610 1609 1619
f 1610 1619 1620
f 1609 1611 1621
f 1609 1621 1619
f 1611 1612 1622
f 1611 1622 1621
f 1612 1613 1623
f 1612 1623 1622
f 1615 1614 1624
f 1615 1624 1625
f 1614 1616 1626
f 1614 1626 1624
f 1616 1618 1627
f 1616 1627 1626
f 1628 1629 1630
f 1628 1630 1631
f 1620 1619 1632
f 1620 1632 1633
f 1619 1621 1634
f 1619 1634 1632
f 1621 1622 1635
f 1621 1635 1634
f 1622 1623 1636
f 1622 1636 1635
f 1625 1624 1637
f 1625 1637 1638
f 1624 1626 1639
f 1624 1639 1637
f 1626 1627 1640
f 1626 1640 1639
f 1631 1630 1641
f 1631 1641 1642
f 1643 1644 1629
f 1643 1629 1628
f 1595 1598 1644
f 1595 1644 1643
f 1645 980 828
f 1645 828 1646
f 1647 1648 1527
f 1647 1527 1526
f 1648 1649 1530
f 1648 1530 1527
f 1649 1650 1532
f 1649 1532 1530
f 1650 1651 1534
f 1650 1534 1532
f 1651 1652 1536
f 1651 1536 1534
f 1653 1654 1539
f 1653 1539 1538
f 1654 1655 1542
f 1654 1542 1539
f 1655 1656 1544
f 1655 1544 1542
f 1656 1657 1546
f 1656 1546 1544
f 1598 1581 1658
f 1598 1658 1644
f 1630 1659 1660
f 1630 1660 1641
f 1661 1562 1579
f 1661 1579 1662
f 1629 1663 1659
f 1629 1659 1630
f 1644 1658 1663
f 1644 1663 1629
f 1662 1579 1582
f 1662 1582 1664
f 1665 1559 1562
f 1665 1562 1661
f 1666 827 826
f 1666 826 1667
f 1668 819 827
f 1668 827 1666
f 1667 826 964
f 1667 964 1669
f 1670 1526 1529
f 1670 1529 1671
f 1672 795 796
f 1672 796 1673
f 1674 852 858
f 1674 858 1675
f 1676 1118 880
f 1676 880 1677
f 1678 846 852
f 1678 852 1674
f 1677 880 879
f 1677 879 1679
f 1118 1676 1680
f 1118 1680 870
f 1681 840 846
f 1681 846 1678
f 1682 781 782
f 1682 782 1683
f 1684 864 870
f 1684 870 1680
f 1683 782 840
f 1683 840 1681
f 1675 858 864
f 1675 864 1684
f 1685 1683 1681
f 1685 1681 1686
f 1687 1684 1680
f 1687 1680 1688
f 1689 1682 1683
f 1689 1683 1685
f 1690 1675 1684
f 1690 1684 1687
f 1691 1674 1675
f 1691 1675 1690
f 1692 1678 1674
f 1692 1674 1691
f 1693 1676 1677
f 1693 1677 1694
f 1686 1681 1678
f 1686 1678 1692
f 1676 1693 1688
f 1676 1688 1680
f 1694 1677 1679
f 1694 1679 1695
f 1696 1694 1695
f 1696 1695 1697
f 1698 1691 1690
f 1698 1690 1699
f 1699 1690 1687
f 1699 1687 1700
f 1700 1687 1688
f 1700 1688 1701
f 1702 1689 1685
f 1702 1685 1703
f 1693 1704 1701
f 1693 1701 1688
f 1703 1685 1686
f 1703 1686 1705
f 1704 1693 1694
f 1704 1694 1696
f 1705 1686 1692
f 1705 1692 1706
f 1706 1692 1691
f 1706 1691 1698
f 1707 1645 1646
f 1707 1646 1671
f 1708 1666 1667
f 1708 1667 1709
f 1710 1668 1666
f 1710 1666 1708
f 1709 1667 1669
f 1709 1669 1711
f 795 1672 1646
f 795 1646 828
f 1670 1672 1673
f 1670 1673 1712
f 1549 1707 1671
f 1549 1671 1529
f 1682 1689 1712
f 1682 1712 1673
f 1526 1670 1712
f 1526 1712 1647
f 1661 1709 1711
f 1661 1711 1665
f 1672 1670 1671
f 1672 1671 1646
f 1664 1710 1708
f 1664 1708 1662
f 1662 1708 1709
f 1662 1709 1661
f 1689 1702 1647
f 1689 1647 1712
f 1682 1673 796
f 1682 796 781
f 820 1713 1714
f 820 1714 946
f 1713 1715 1716
f 1713 1716 1714
f 1715 1717 1718
f 1715 1718 1716
f 1717 1597 1596
f 1717 1596 1718
f 1658 1719 1720
f 1658 1720 1663
f 1663 1720 1721
f 1663 1721 1659
f 1659 1721 1722
f 1659 1722 1660
f 1581 1580 1719
f 1581 1719 1658
f 1668 1713 820
f 1668 820 819
f 1715 1713 1668
f 1715 1668 1710
f 1710 1664 1717
f 1710 1717 1715
f 1664 1582 1597
f 1664 1597 1717
f 1580 1584 1600
f 1580 1600 1719
f 1721 1620 1633
f 1721 1633 1722
f 1720 1610 1620
f 1720 1620 1721
f 1719 1600 1610
f 1719 1610 1720
f 1723 1696 1697
f 1723 1697 1724
f 1725 1703 1705
f 1725 1705 1726
f 1704 1727 1728
f 1704 1728 1701
f 1726 1705 1706
f 1726 1706 1729
f 1727 1704 1696
f 1727 1696 1723
f 1729 1706 1698
f 1729 1698 1730
f 1730 1698 1699
f 1730 1699 1731
f 1731 1699 1700
f 1731 1700 1732
f 1732 1700 1701
f 1732 1701 1728
f 1733 1702 1703
f 1733 1703 1725
f 1734 1730 1731
f 1734 1731 1735
f 1735 1731 1732
f 1735 1732 1736
f 1736 1732 1728
f 1736 1728 1737
f 1738 1733 1725
f 1738 1725 1739
f 1740 1723 1724
f 1740 1724 1741
f 1739 1725 1726
f 1739 1726 1742
f 1727 1743 1737
f 1727 1737 1728
f 1742 1726 1729
f 1742 1729 1744
f 1743 1727 1723
f 1743 1723 1740
f 1744 1729 1730
f 1744 1730 1734
f 1745 1746 1747
f 1745 1747 1748
f 1749 1750 1751
f 1749 1751 1752
f 1746 1753 1754
f 1746 1754 1747
f 1755 1756 1757
f 1755 1757 1758
f 1756 1749 1752
f 1756 1752 1757
f 1759 1760 1746
f 1759 1746 1745
f 1761 1762 1750
f 1761 1750 1749
f 1760 1763 1753
f 1760 1753 1746
f 1764 1765 1756
f 1764 1756 1755
f 1765 1761 1749
f 1765 1749 1756
f 1766 1767 1760
f 1766 1760 1759
f 1768 1769 1762
f 1768 1762 1761
f 1767 1770 1763
f 1767 1763 1760
f 1771 1772 1765
f 1771 1765 1764
f 1772 1768 1761
f 1772 1761 1765
f 1773 1774 1767
f 1773 1767 1766
f 1775 1776 1769
f 1775 1769 1768
f 1774 1777 1770
f 1774 1770 1767
f 1778 1779 1772
f 1778 1772 1771
f 1779 1775 1768
f 1779 1768 1772
f 1780 1781 1774
f 1780 1774 1773
f 1782 1783 1776
f 1782 1776 1775
f 1781 1784 1777
f 1781 1777 1774
f 1785 1786 1779
f 1785 1779 1778
f 1786 1782 1775
f 1786 1775 1779
f 1787 1788 1781
f 1787 1781 1780
f 1789 1790 1783
f 1789 1783 1782
f 1788 1791 1784
f 1788 1784 1781
f 1792 1793 1786
f 1792 1786 1785
f 1793 1789 1782
f 1793 1782 1786
f 1748 1734 1735
f 1748 1735 1745
f 1745 1735 1736
f 1745 1736 1759
f 1759 1736 1737
f 1759 1737 1766
f 1743 1773 1766
f 1743 1766 1737
f 1773 1743 1740
f 1773 1740 1780
f 1780 1740 1741
f 1780 1741 1787
f 1649 1648 1733
f 1649 1733 1738
f 1648 1647 1702
f 1648 1702 1733
f 1794 1738 1739
f 1794 1739 1795
f 1795 1739 1742
f 1795 1742 1796
f 1796 1742 1744
f 1796 1744 1797
f 1798 1799 1800
f 1798 1800 1801
f 1802 1794 1795
f 1802 1795 1803
f 1804 1805 1806
f 1804 1806 1807
f 1803 1795 1796
f 1803 1796 1808
f 1805 1809 1810
f 1805 1810 1806
f 1808 1796 1797
f 1808 1797 1811
f 1812 1813 1799
f 1812 1799 1798
f 1807 1814 1815
f 1807 1815 1816
f 1817 1807 1816
f 1817 1816 1818
f 1819 1802 1803
f 1819 1803 1820
f 1807 1806 1821
f 1807 1821 1814
f 1820 1803 1808
f 1820 1808 1822
f 1806 1810 1823
f 1806 1823 1821
f 1822 1808 1811
f 1822 1811 1824
f 1824 1811 1825
f 1824 1825 1826
f 1826 1825 1827
f 1826 1827 1828
f 1818 1816 1829
f 1818 1829 1830
f 1816 1815 1831
f 1816 1831 1829
f 1832 1819 1820
f 1832 1820 1833
f 1833 1820 1822
f 1833 1822 1834
f 1834 1822 1824
f 1834 1824 1835
f 1835 1824 1826
f 1835 1826 1836
f 1836 1826 1828
f 1836 1828 1812
f 1837 1838 1798
f 1837 1798 1801
f 1830 1829 1839
f 1830 1839 1840
f 1829 1831 1841
f 1829 1841 1839
f 1842 1843 1844
f 1842 1844 1845
f 1846 1617 1592
f 1846 1592 1847
f 1845 1844 1848
f 1845 1848 1849
f 1841 1831 1847
f 1841 1847 1608
f 1849 1848 1850
f 1849 1850 1851
f 1851 1850 1838
f 1851 1838 1837
f 1852 1837 1801
f 1852 1801 1853
f 1840 1839 1854
f 1840 1854 1855
f 1839 1841 1856
f 1839 1856 1854
f 1857 1842 1845
f 1857 1845 1858
f 1841 1608 1607
f 1841 1607 1856
f 1858 1845 1849
f 1858 1849 1859
f 1576 1594 1591
f 1576 1591 1574
f 1859 1849 1851
f 1859 1851 1860
f 1860 1851 1837
f 1860 1837 1852
f 1861 1860 1852
f 1861 1852 1862
f 1862 1852 1853
f 1862 1853 1863
f 1855 1854 1864
f 1855 1864 1865
f 1854 1856 1866
f 1854 1866 1864
f 1867 1857 1858
f 1867 1858 1868
f 1856 1607 1869
f 1856 1869 1866
f 1868 1858 1859
f 1868 1859 1870
f 1607 1594 1593
f 1607 1593 1869
f 1870 1859 1860
f 1870 1860 1861
f 1618 1871 1872
f 1618 1872 1627
f 1592 1591 1608
f 1592 1608 1847
f 1592 1617 1606
f 1592 1606 1590
f 1846 1871 1618
f 1846 1618 1617
f 1828 1873 1813
f 1828 1813 1812
f 1843 1832 1833
f 1843 1833 1844
f 1844 1833 1834
f 1844 1834 1848
f 1815 1846 1847
f 1815 1847 1831
f 1848 1834 1835
f 1848 1835 1850
f 1850 1835 1836
f 1850 1836 1838
f 1838 1836 1812
f 1838 1812 1798
f 1603 1605 1615
f 1603 1615 1613
f 1568 1572 1589
f 1568 1589 1587
f 1536 1538 1541
f 1536 1541 1537
f 1652 1653 1538
f 1652 1538 1536
f 1587 1589 1605
f 1587 1605 1603
f 1537 1541 1555
f 1537 1555 1553
f 1567 1569 1572
f 1567 1572 1568
f 1623 1625 1638
f 1623 1638 1636
f 1613 1615 1625
f 1613 1625 1623
f 1814 1871 1846
f 1814 1846 1815
f 1650 1649 1738
f 1650 1738 1794
f 1651 1650 1794
f 1651 1794 1802
f 1802 1819 1652
f 1802 1652 1651
f 1653 1652 1819
f 1653 1819 1832
f 1832 1843 1654
f 1832 1654 1653
f 1843 1842 1655
f 1843 1655 1654
f 1656 1655 1842
f 1656 1842 1857
f 1857 1867 1657
f 1857 1657 1656
f 1871 1814 1821
f 1871 1821 1872
f 1801 1800 1874
f 1801 1874 1853
f 1853 1874 1875
f 1853 1875 1863
f 1876 1804 1807
f 1876 1807 1817
f 1872 1821 1823
f 1872 1823 1877
f 1872 1877 1640
f 1872 1640 1627
f 1878 1873 1828
f 1878 1828 1827
f 1864 1866 1879
f 1864 1879 1880
f 1881 1867 1868
f 1881 1868 1882
f 1546 1883 1884
f 1546 1884 1547
f 1866 1869 1885
f 1866 1885 1879
f 1886 1887 1863
f 1886 1863 1875
f 1882 1868 1870
f 1882 1870 1888
f 1547 1884 1889
f 1547 1889 1558
f 1888 1870 1861
f 1888 1861 1890
f 1883 1546 1657
f 1883 1657 1891
f 1890 1861 1862
f 1890 1862 1892
f 1892 1862 1863
f 1892 1863 1887
f 1891 1657 1867
f 1891 1867 1881
f 1577 1893 1894
f 1577 1894 1578
f 1865 1864 1880
f 1865 1880 1895
f 1578 1894 1896
f 1578 1896 1593
f 1869 1593 1896
f 1869 1896 1885
f 1880 1879 1897
f 1880 1897 1898
f 1899 1881 1882
f 1899 1882 1900
f 1884 1901 1902
f 1884 1902 1889
f 1879 1885 1903
f 1879 1903 1897
f 1900 1882 1888
f 1900 1888 1904
f 1885 1896 1905
f 1885 1905 1903
f 1904 1888 1890
f 1904 1890 1906
f 1907 1891 1881
f 1907 1881 1899
f 1906 1890 1892
f 1906 1892 1908
f 1893 1909 1910
f 1893 1910 1894
f 1911 1912 1887
f 1911 1887 1886
f 1908 1892 1887
f 1908 1887 1912
f 1894 1910 1905
f 1894 1905 1896
f 1895 1880 1898
f 1895 1898 1913
f 1914 1883 1891
f 1914 1891 1907
f 1883 1914 1901
f 1883 1901 1884
f 1897 1903 1915
f 1897 1915 1916
f 1917 1900 1904
f 1917 1904 1918
f 1903 1905 1919
f 1903 1919 1915
f 1918 1904 1906
f 1918 1906 1920
f 1921 1907 1899
f 1921 1899 1922
f 1920 1906 1908
f 1920 1908 1923
f 1909 1924 1925
f 1909 1925 1910
f 1926 1927 1912
f 1926 1912 1911
f 1923 1908 1912
f 1923 1912 1927
f 1910 1925 1919
f 1910 1919 1905
f 1913 1898 1928
f 1913 1928 1929
f 1930 1914 1907
f 1930 1907 1921
f 1914 1930 1931
f 1914 1931 1901
f 1898 1897 1916
f 1898 1916 1928
f 1922 1899 1900
f 1922 1900 1917
f 1901 1931 1932
f 1901 1932 1902
f 1915 1919 1933
f 1915 1933 1934
f 1935 1918 1920
f 1935 1920 1936
f 1937 1921 1922
f 1937 1922 1938
f 1936 1920 1923
f 1936 1923 1939
f 1924 1940 1941
f 1924 1941 1925
f 1942 1943 1927
f 1942 1927 1926
f 1939 1923 1927
f 1939 1927 1943
f 1925 1941 1933
f 1925 1933 1919
f 1929 1928 1944
f 1929 1944 1945
f 1946 1930 1921
f 1946 1921 1937
f 1930 1946 1947
f 1930 1947 1931
f 1928 1916 1948
f 1928 1948 1944
f 1938 1922 1917
f 1938 1917 1949
f 1931 1947 1950
f 1931 1950 1932
f 1916 1915 1934
f 1916 1934 1948
f 1949 1917 1918
f 1949 1918 1935
f 1951 1952 1953
f 1951 1953 1954
f 1955 1956 1957
f 1955 1957 1958
f 1952 1959 1960
f 1952 1960 1953
f 1961 1962 1957
f 1961 1957 1956
f 1959 1963 1964
f 1959 1964 1960
f 1961 1965 1966
f 1961 1966 1962
f 1963 1967 1968
f 1963 1968 1964
f 1969 1970 1971
f 1969 1971 1972
f 1965 1973 1974
f 1965 1974 1966
f 1967 1975 1976
f 1967 1976 1968
f 1970 1977 1978
f 1970 1978 1971
f 1979 1969 1972
f 1979 1972 1980
f 1975 1981 1982
f 1975 1982 1976
f 1977 1951 1954
f 1977 1954 1978
f 1973 1979 1980
f 1973 1980 1974
f 1981 1955 1958
f 1981 1958 1982
f 1955 1965 1961
f 1955 1961 1956
f 1981 1973 1965
f 1981 1965 1955
f 1975 1979 1973
f 1975 1973 1981
f 1967 1969 1979
f 1967 1979 1975
f 1969 1967 1963
f 1969 1963 1970
f 1970 1963 1959
f 1970 1959 1977
f 1977 1959 1952
f 1977 1952 1951
f 1954 1953 1983
f 1954 1983 1984
f 1958 1957 1985
f 1958 1985 1986
f 1953 1960 1987
f 1953 1987 1983
f 1962 1988 1985
f 1962 1985 1957
f 1960 1964 1989
f 1960 1989 1987
f 1962 1966 1990
f 1962 1990 1988
f 1964 1968 1991
f 1964 1991 1989
f 1972 1971 1992
f 1972 1992 1993
f 1966 1974 1994
f 1966 1994 1990
f 1968 1976 1995
f 1968 1995 1991
f 1971 1978 1996
f 1971 1996 1992
f 1980 1972 1993
f 1980 1993 1997
f 1976 1982 1998
f 1976 1998 1995
f 1978 1954 1984
f 1978 1984 1996
f 1974 1980 1997
f 1974 1997 1994
f 1982 1958 1986
f 1982 1986 1998
f 1988 1999 2000
f 1988 2000 1985
f 1987 1989 2001
f 1987 2001 2002
f 1988 1990 2003
f 1988 2003 1999
f 1989 1991 2004
f 1989 2004 2001
f 1993 1992 2005
f 1993 2005 2006
f 1990 1994 2007
f 1990 2007 2003
f 1991 1995 2008
f 1991 2008 2004
f 1992 1996 2009
f 1992 2009 2005
f 1997 1993 2006
f 1997 2006 2010
f 1995 1998 2011
f 1995 2011 2008
f 1996 1984 2012
f 1996 2012 2009
f 1994 1997 2010
f 1994 2010 2007
f 1998 1986 2013
f 1998 2013 2011
f 1984 1983 2014
f 1984 2014 2012
f 1986 1985 2000
f 1986 2000 2013
f 1983 1987 2002
f 1983 2002 2014
f 2015 2016 2017
f 2015 2017 2018
f 2019 2020 2021
f 2019 2021 2022
f 2023 2024 2017
f 2023 2017 2016
f 2020 2025 2026
f 2020 2026 2021
f 2023 2027 2028
f 2023 2028 2024
f 2025 2029 2030
f 2025 2030 2026
f 2031 2032 2033
f 2031 2033 2034
f 2027 2035 2036
f 2027 2036 2028
f 2029 2037 2038
f 2029 2038 2030
f 2032 2039 2040
f 2032 2040 2033
f 2041 2031 2034
f 2041 2034 2042
f 2037 2043 2044
f 2037 2044 2038
f 2039 2045 2046
f 2039 2046 2040
f 2035 2041 2042
f 2035 2042 2036
f 2043 2015 2018
f 2043 2018 2044
f 2045 2019 2022
f 2045 2022 2046
f 2024 2047 2048
f 2024 2048 2017
f 2021 2026 2049
f 2021 2049 2050
f 2024 2028 2051
f 2024 2051 2047
f 2026 2030 2052
f 2026 2052 2049
f 2034 2033 2053
f 2034 2053 2054
f 2028 2036 2055
f 2028 2055 2051
f 2030 2038 2056
f 2030 2056 2052
f 2033 2040 2057
f 2033 2057 2053
f 2042 2034 2054
f 2042 2054 2058
f 2038 2044 2059
f 2038 2059 2056
f 2040 2046 2060
f 2040 2060 2057
f 2036 2042 2058
f 2036 2058 2055
f 2044 2018 2061
f 2044 2061 2059
f 2046 2022 2062
f 2046 2062 2060
f 2018 2017 2048
f 2018 2048 2061
f 2022 2021 2050
f 2022 2050 2062
f 2061 2048 2063
f 2061 2063 2064
f 2062 2050 2065
f 2062 2065 2066
f 2047 2067 2063
f 2047 2063 2048
f 2050 2049 2068
f 2050 2068 2065
f 2047 2051 2069
f 2047 2069 2067
f 2049 2052 2070
f 2049 2070 2068
f 2054 2053 2071
f 2054 2071 2072
f 2051 2055 2073
f 2051 2073 2069
f 2052 2056 2074
f 2052 2074 2070
f 2053 2057 2075
f 2053 2075 2071
f 2058 2054 2072
f 2058 2072 2076
f 2056 2059 2077
f 2056 2077 2074
f 2057 2060 2078
f 2057 2078 2075
f 2055 2058 2076
f 2055 2076 2073
f 2059 2061 2064
f 2059 2064 2077
f 2060 2062 2066
f 2060 2066 2078
f 2013 2000 2016
f 2013 2016 2015
f 2014 2002 2020
f 2014 2020 2019
f 1999 2023 2016
f 1999 2016 2000
f 2002 2001 2025
f 2002 2025 2020
f 1999 2003 2027
f 1999 2027 2023
f 2001 2004 2029
f 2001 2029 2025
f 2006 2005 2032
f 2006 2032 2031
f 2003 2007 2035
f 2003 2035 2027
f 2004 2008 2037
f 2004 2037 2029
f 2005 2009 2039
f 2005 2039 2032
f 2010 2006 2031
f 2010 2031 2041
f 2008 2011 2043
f 2008 2043 2037
f 2009 2012 2045
f 2009 2045 2039
f 2007 2010 2041
f 2007 2041 2035
f 2011 2013 2015
f 2011 2015 2043
f 2012 2014 2019
f 2012 2019 2045
f 2063 2067 1632
f 2063 1632 1634
f 2064 2063 1634
f 2064 1634 1635
f 2067 2069 1633
f 2067 1633 1632
f 1722 1633 2069
f 1722 2069 2073
f 1660 1722 2073
f 1660 2073 2076
f 2079 2076 2072
f 2079 2072 2080
f 2080 2072 2071
f 2080 2071 2081
f 2081 2071 2075
f 2081 2075 2082
f 2083 2079 2080
f 2083 2080 2084
f 2084 2080 2081
f 2084 2081 2085
f 2085 2081 2082
f 2085 2082 2086
f 1642 1641 2079
f 1642 2079 2083
f 1641 1660 2076
f 1641 2076 2079
f 1635 1636 2077
f 1635 2077 2064
f 1638 1637 2087
f 1638 2087 2088
f 2089 2090 2091
f 2089 2091 2092
f 2093 2094 2095
f 2093 2095 2096
f 2097 2098 2099
f 2097 2099 2100
f 2101 2102 2103
f 2101 2103 2104
f 2105 2106 2107
f 2105 2107 2108
f 2109 2110 2111
f 2109 2111 2112
f 2113 2114 2115
f 2113 2115 2116
f 2117 2118 2119
f 2117 2119 2120
f 2121 2122 2123
f 2121 2123 2124
f 2125 2126 2127
f 2125 2127 2128
f 2129 2130 2099
f 2129 2099 2098
f 2131 2132 2133
f 2131 2133 2134
f 2135 2136 2137
f 2135 2137 2138
f 2139 2140 2141
f 2139 2141 2142
f 2143 2120 2119
f 2143 2119 2144
f 2145 2112 2111
f 2145 2111 2146
f 2147 2096 2095
f 2147 2095 2148
f 2126 2149 2150
f 2126 2150 2127
f 2136 2151 2152
f 2136 2152 2137
f 2153 2154 2137
f 2153 2137 2152
f 2155 2156 2091
f 2155 2091 2090
f 2157 2158 2095
f 2157 2095 2094
f 2159 2160 2161
f 2159 2161 2162
f 2163 2164 2165
f 2163 2165 2166
f 2167 2168 2169
f 2167 2169 2170
f 2171 2172 2173
f 2171 2173 2174
f 2162 2161 2164
f 2162 2164 2163
f 2175 2176 2177
f 2175 2177 2178
f 2179 2180 2177
f 2179 2177 2181
f 2182 2183 2184
f 2182 2184 2185
f 2186 2187 2180
f 2186 2180 2179
f 2188 2189 2190
f 2188 2190 2191
f 2192 2193 2194
f 2192 2194 2195
f 2196 2197 2198
f 2196 2198 2199
f 2191 2190 2197
f 2191 2197 2196
f 2190 2200 2201
f 2190 2201 2197
f 2197 2201 2202
f 2197 2202 2198
f 2092 2091 2098
f 2092 2098 2097
f 2108 2107 2102
f 2108 2102 2101
f 2116 2115 2122
f 2116 2122 2121
f 2203 2204 2205
f 2203 2205 2206
f 2156 2129 2098
f 2156 2098 2091
f 2207 2208 2209
f 2207 2209 2210
f 2211 2212 2213
f 2211 2213 2214
f 2193 2215 2216
f 2193 2216 2194
f 2189 2217 2200
f 2189 2200 2190
f 2187 2167 2170
f 2187 2170 2180
f 2183 2218 2219
f 2183 2219 2184
f 2180 2170 2178
f 2180 2178 2177
f 2176 2220 2181
f 2176 2181 2177
f 2221 2222 2223
f 2221 2223 2224
f 2169 2225 2174
f 2169 2174 2173
f 2160 2188 2191
f 2160 2191 2161
f 2168 2226 2225
f 2168 2225 2169
f 2161 2191 2196
f 2161 2196 2164
f 2227 2182 2185
f 2227 2185 2228
f 2164 2196 2199
f 2164 2199 2165
f 2172 2175 2178
f 2172 2178 2173
f 2229 2159 2162
f 2229 2162 2230
f 2231 2163 2166
f 2231 2166 2232
f 2233 2234 2235
f 2233 2235 2236
f 2237 2238 2239
f 2237 2239 2240
f 2138 2137 2154
f 2138 2154 2241
f 2242 2158 2140
f 2242 2140 2139
f 2243 2132 2154
f 2243 2154 2153
f 2244 2245 2246
f 2244 2246 2247
f 2248 2141 2140
f 2248 2140 2249
f 2245 2237 2240
f 2245 2240 2246
f 2214 2213 2250
f 2214 2250 2251
f 2252 2253 2254
f 2252 2254 2255
f 2256 2257 2258
f 2256 2258 2259
f 2260 2261 2262
f 2260 2262 2263
f 2264 2265 2266
f 2264 2266 2267
f 2268 2269 2270
f 2268 2270 2266
f 2271 2272 2273
f 2271 2273 2274
f 2275 2276 2277
f 2275 2277 2278
f 2118 2260 2263
f 2118 2263 2119
f 2279 2280 2253
f 2279 2253 2252
f 2281 2282 2280
f 2281 2280 2279
f 2246 2240 2129
f 2246 2129 2156
f 2283 2263 2262
f 2283 2262 2284
f 2278 2277 2204
f 2278 2204 2203
f 2272 2285 2286
f 2272 2286 2273
f 2287 2171 2174
f 2287 2174 2288
f 2247 2246 2156
f 2247 2156 2155
f 2230 2162 2163
f 2230 2163 2231
f 2253 2097 2100
f 2253 2100 2254
f 2289 2290 2235
f 2289 2235 2234
f 2114 2281 2279
f 2114 2279 2115
f 2122 2252 2255
f 2122 2255 2123
f 2144 2119 2263
f 2144 2263 2283
f 2291 2268 2266
f 2291 2266 2265
f 2267 2266 2270
f 2267 2270 2288
f 2261 2093 2096
f 2261 2096 2262
f 2273 2286 2149
f 2273 2149 2126
f 2274 2273 2126
f 2274 2126 2125
f 2115 2279 2252
f 2115 2252 2122
f 2148 2095 2158
f 2148 2158 2242
f 2241 2154 2132
f 2241 2132 2131
f 2240 2239 2130
f 2240 2130 2129
f 2210 2209 2276
f 2210 2276 2275
f 2133 2292 2285
f 2133 2285 2272
f 2249 2140 2158
f 2249 2158 2157
f 2292 2133 2132
f 2292 2132 2243
f 2251 2250 2208
f 2251 2208 2207
f 2134 2133 2272
f 2134 2272 2271
f 2282 2089 2092
f 2282 2092 2280
f 2280 2092 2097
f 2280 2097 2253
f 2284 2262 2096
f 2284 2096 2147
f 2293 2113 2116
f 2293 2116 2294
f 2295 2117 2120
f 2295 2120 2296
f 2297 2121 2124
f 2297 2124 2298
f 2299 2296 2120
f 2299 2120 2143
f 2294 2116 2121
f 2294 2121 2297
f 2127 2150 2300
f 2127 2300 2301
f 2206 2205 2302
f 2206 2302 2303
f 2128 2127 2301
f 2128 2301 2304
f 2301 2300 2269
f 2301 2269 2268
f 2303 2302 2290
f 2303 2290 2289
f 2304 2301 2268
f 2304 2268 2291
f 2305 2293 2294
f 2305 2294 2306
f 2307 2295 2296
f 2307 2296 2308
f 2309 2297 2298
f 2309 2298 2310
f 2311 2308 2296
f 2311 2296 2299
f 2306 2294 2297
f 2306 2297 2309
f 2257 2227 2228
f 2257 2228 2258
f 2215 2221 2224
f 2215 2224 2216
f 2170 2169 2173
f 2170 2173 2178
f 2204 2312 2313
f 2204 2313 2205
f 2208 2314 2315
f 2208 2315 2209
f 2212 2316 2317
f 2212 2317 2213
f 2216 2224 2318
f 2216 2318 2319
f 2195 2194 2320
f 2195 2320 2321
f 2194 2216 2319
f 2194 2319 2320
f 2224 2223 2322
f 2224 2322 2318
f 2213 2317 2323
f 2213 2323 2250
f 2236 2235 2324
f 2236 2324 2325
f 2276 2326 2327
f 2276 2327 2277
f 2290 2328 2324
f 2290 2324 2235
f 2277 2327 2312
f 2277 2312 2204
f 2250 2323 2314
f 2250 2314 2208
f 2209 2315 2326
f 2209 2326 2276
f 2205 2313 2329
f 2205 2329 2302
f 2302 2329 2328
f 2302 2328 2290
f 2330 2251 2207
f 2330 2207 2331
f 2332 2211 2214
f 2332 2214 2333
f 2333 2214 2251
f 2333 2251 2330
f 2334 2289 2234
f 2334 2234 2335
f 2336 2337 2215
f 2336 2215 2193
f 2338 2210 2275
f 2338 2275 2339
f 2340 2206 2303
f 2340 2303 2341
f 2342 2343 2222
f 2342 2222 2221
f 2344 2203 2206
f 2344 2206 2340
f 2331 2207 2210
f 2331 2210 2338
f 2345 2278 2203
f 2345 2203 2344
f 2337 2342 2221
f 2337 2221 2215
f 2346 2336 2193
f 2346 2193 2192
f 2341 2303 2289
f 2341 2289 2334
f 2347 2335 2234
f 2347 2234 2233
f 2339 2275 2278
f 2339 2278 2345
f 2348 2192 2195
f 2348 2195 2349
f 2200 2350 2351
f 2200 2351 2201
f 2321 2352 2349
f 2321 2349 2195
f 2217 2353 2350
f 2217 2350 2200
f 2354 2179 2181
f 2354 2181 2355
f 2218 2356 2357
f 2218 2357 2219
f 2346 2358 2356
f 2346 2356 2218
f 2220 2359 2355
f 2220 2355 2181
f 2360 2186 2179
f 2360 2179 2354
f 2201 2351 2361
f 2201 2361 2202
f 2358 2362 2363
f 2358 2363 2356
f 2360 2354 2363
f 2360 2363 2362
f 2354 2355 2364
f 2354 2364 2363
f 2363 2364 2357
f 2363 2357 2356
f 2365 2351 2350
f 2365 2350 2353
f 2365 2364 2355
f 2365 2355 2359
f 2307 2229 2230
f 2307 2230 2310
f 2309 2231 2232
f 2309 2232 2306
f 2222 2233 2236
f 2222 2236 2223
f 2311 2256 2259
f 2311 2259 2308
f 2226 2264 2267
f 2226 2267 2225
f 2305 2287 2288
f 2305 2288 2270
f 2310 2230 2231
f 2310 2231 2309
f 2225 2267 2288
f 2225 2288 2174
f 2223 2236 2325
f 2223 2325 2322
f 2343 2347 2233
f 2343 2233 2222
f 2366 2367 2368
f 2366 2368 2369
f 2370 2371 2372
f 2370 2372 2373
f 2374 2375 2376
f 2374 2376 2377
f 2378 2379 2380
f 2378 2380 2381
f 2382 2383 2384
f 2382 2384 2385
f 2386 2387 2388
f 2386 2388 2389
f 2390 2391 2392
f 2390 2392 2393
f 2394 2395 2396
f 2394 2396 2397
f 2398 2399 2400
f 2398 2400 2401
f 2402 2403 2404
f 2402 2404 2405
f 2406 2407 2376
f 2406 2376 2375
f 2408 2409 2410
f 2408 2410 2411
f 2412 2413 2414
f 2412 2414 2415
f 2416 2417 2418
f 2416 2418 2419
f 2420 2397 2396
f 2420 2396 2421
f 2422 2389 2388
f 2422 2388 2423
f 2424 2373 2372
f 2424 2372 2425
f 2403 2426 2427
f 2403 2427 2404
f 2413 2428 2429
f 2413 2429 2414
f 2430 2431 2414
f 2430 2414 2429
f 2432 2433 2368
f 2432 2368 2367
f 2434 2435 2372
f 2434 2372 2371
f 2436 2437 2438
f 2436 2438 2439
f 2440 2441 2442
f 2440 2442 2443
f 2444 2445 2446
f 2444 2446 2447
f 2448 2449 2450
f 2448 2450 2451
f 2439 2438 2441
f 2439 2441 2440
f 2452 2453 2454
f 2452 2454 2455
f 2456 2457 2454
f 2456 2454 2458
f 2459 2460 2461
f 2459 2461 2462
f 2463 2464 2457
f 2463 2457 2456
f 2465 2466 2467
f 2465 2467 2468
f 2469 2470 2471
f 2469 2471 2472
f 2473 2474 2475
f 2473 2475 2476
f 2468 2467 2474
f 2468 2474 2473
f 2467 2477 2478
f 2467 2478 2474
f 2474 2478 2479
f 2474 2479 2475
f 2369 2368 2375
f 2369 2375 2374
f 2385 2384 2379
f 2385 2379 2378
f 2393 2392 2399
f 2393 2399 2398
f 2480 2481 2482
f 2480 2482 2483
f 2433 2406 2375
f 2433 2375 2368
f 2484 2485 2486
f 2484 2486 2487
f 2488 2489 2490
f 2488 2490 2491
f 2470 2492 2493
f 2470 2493 2471
f 2466 2494 2477
f 2466 2477 2467
f 2464 2444 2447
f 2464 2447 2457
f 2460 2495 2496
f 2460 2496 2461
f 2457 2447 2455
f 2457 2455 2454
f 2453 2497 2458
f 2453 2458 2454
f 2498 2499 2500
f 2498 2500 2501
f 2446 2502 2451
f 2446 2451 2450
f 2437 2465 2468
f 2437 2468 2438
f 2445 2503 2502
f 2445 2502 2446
f 2438 2468 2473
f 2438 2473 2441
f 2504 2459 2462
f 2504 2462 2505
f 2441 2473 2476
f 2441 2476 2442
f 2449 2452 2455
f 2449 2455 2450
f 2506 2436 2439
f 2506 2439 2507
f 2508 2440 2443
f 2508 2443 2509
f 2510 2511 2512
f 2510 2512 2513
f 2514 2515 2516
f 2514 2516 2517
f 2415 2414 2431
f 2415 2431 2518
f 2519 2435 2417
f 2519 2417 2416
f 2520 2409 2431
f 2520 2431 2430
f 2521 2522 2523
f 2521 2523 2524
f 2525 2418 2417
f 2525 2417 2526
f 2522 2514 2517
f 2522 2517 2523
f 2491 2490 2527
f 2491 2527 2528
f 2529 2530 2531
f 2529 2531 2532
f 2533 2534 2535
f 2533 2535 2536
f 2537 2538 2539
f 2537 2539 2540
f 2541 2542 2543
f 2541 2543 2544
f 2545 2546 2547
f 2545 2547 2543
f 2548 2549 2550
f 2548 2550 2551
f 2552 2553 2554
f 2552 2554 2555
f 2395 2537 2540
f 2395 2540 2396
f 2556 2557 2530
f 2556 2530 2529
f 2558 2559 2557
f 2558 2557 2556
f 2523 2517 2406
f 2523 2406 2433
f 2560 2540 2539
f 2560 2539 2561
f 2555 2554 2481
f 2555 2481 2480
f 2549 2562 2563
f 2549 2563 2550
f 2564 2448 2451
f 2564 2451 2565
f 2524 2523 2433
f 2524 2433 2432
f 2507 2439 2440
f 2507 2440 2508
f 2530 2374 2377
f 2530 2377 2531
f 2566 2567 2512
f 2566 2512 2511
f 2391 2558 2556
f 2391 2556 2392
f 2399 2529 2532
f 2399 2532 2400
f 2421 2396 2540
f 2421 2540 2560
f 2568 2545 2543
f 2568 2543 2542
f 2544 2543 2547
f 2544 2547 2565
f 2538 2370 2373
f 2538 2373 2539
f 2550 2563 2426
f 2550 2426 2403
f 2551 2550 2403
f 2551 2403 2402
f 2392 2556 2529
f 2392 2529 2399
f 2425 2372 2435
f 2425 2435 2519
f 2518 2431 2409
f 2518 2409 2408
f 2517 2516 2407
f 2517 2407 2406
f 2487 2486 2553
f 2487 2553 2552
f 2410 2569 2562
f 2410 2562 2549
f 2526 2417 2435
f 2526 2435 2434
f 2569 2410 2409
f 2569 2409 2520
f 2528 2527 2485
f 2528 2485 2484
f 2411 2410 2549
f 2411 2549 2548
f 2559 2366 2369
f 2559 2369 2557
f 2557 2369 2374
f 2557 2374 2530
f 2561 2539 2373
f 2561 2373 2424
f 2570 2390 2393
f 2570 2393 2571
f 2572 2394 2397
f 2572 2397 2573
f 2574 2398 2401
f 2574 2401 2575
f 2576 2573 2397
f 2576 2397 2420
f 2571 2393 2398
f 2571 2398 2574
f 2404 2427 2577
f 2404 2577 2578
f 2483 2482 2579
f 2483 2579 2580
f 2405 2404 2578
f 2405 2578 2581
f 2578 2577 2546
f 2578 2546 2545
f 2580 2579 2567
f 2580 2567 2566
f 2581 2578 2545
f 2581 2545 2568
f 2582 2570 2571
f 2582 2571 2583
f 2584 2572 2573
f 2584 2573 2585
f 2586 2574 2575
f 2586 2575 2587
f 2588 2585 2573
f 2588 2573 2576
f 2583 2571 2574
f 2583 2574 2586
f 2534 2504 2505
f 2534 2505 2535
f 2492 2498 2501
f 2492 2501 2493
f 2447 2446 2450
f 2447 2450 2455
f 2481 2589 2590
f 2481 2590 2482
f 2485 2591 2592
f 2485 2592 2486
f 2489 2593 2594
f 2489 2594 2490
f 2493 2501 2595
f 2493 2595 2596
f 2472 2471 2597
f 2472 2597 2598
f 2471 2493 2596
f 2471 2596 2597
f 2501 2500 2599
f 2501 2599 2595
f 2490 2594 2600
f 2490 2600 2527
f 2513 2512 2601
f 2513 2601 2602
f 2553 2603 2604
f 2553 2604 2554
f 2567 2605 2601
f 2567 2601 2512
f 2554 2604 2589
f 2554 2589 2481
f 2527 2600 2591
f 2527 2591 2485
f 2486 2592 2603
f 2486 2603 2553
f 2482 2590 2606
f 2482 2606 2579
f 2579 2606 2605
f 2579 2605 2567
f 2607 2528 2484
f 2607 2484 2608
f 2609 2488 2491
f 2609 2491 2610
f 2610 2491 2528
f 2610 2528 2607
f 2611 2566 2511
f 2611 2511 2612
f 2613 2614 2492
f 2613 2492 2470
f 2615 2487 2552
f 2615 2552 2616
f 2617 2483 2580
f 2617 2580 2618
f 2619 2620 2499
f 2619 2499 2498
f 2621 2480 2483
f 2621 2483 2617
f 2608 2484 2487
f 2608 2487 2615
f 2622 2555 2480
f 2622 2480 2621
f 2614 2619 2498
f 2614 2498 2492
f 2623 2613 2470
f 2623 2470 2469
f 2618 2580 2566
f 2618 2566 2611
f 2624 2612 2511
f 2624 2511 2510
f 2616 2552 2555
f 2616 2555 2622
f 2625 2469 2472
f 2625 2472 2626
f 2477 2627 2628
f 2477 2628 2478
f 2598 2629 2626
f 2598 2626 2472
f 2494 2630 2627
f 2494 2627 2477
f 2631 2456 2458
f 2631 2458 2632
f 2495 2633 2634
f 2495 2634 2496
f 2623 2635 2633
f 2623 2633 2495
f 2497 2636 2632
f 2497 2632 2458
f 2637 2463 2456
f 2637 2456 2631
f 2478 2628 2638
f 2478 2638 2479
f 2635 2639 2640
f 2635 2640 2633
f 2637 2631 2640
f 2637 2640 2639
f 2631 2632 2641
f 2631 2641 2640
f 2640 2641 2634
f 2640 2634 2633
f 2642 2628 2627
f 2642 2627 2630
f 2642 2641 2632
f 2642 2632 2636
f 2584 2506 2507
f 2584 2507 2587
f 2586 2508 2509
f 2586 2509 2583
f 2499 2510 2513
f 2499 2513 2500
f 2588 2533 2536
f 2588 2536 2585
f 2503 2541 2544
f 2503 2544 2502
f 2582 2564 2565
f 2582 2565 2547
f 2587 2507 2508
f 2587 2508 2586
f 2502 2544 2565
f 2502 2565 2451
f 2500 2513 2602
f 2500 2602 2599
f 2620 2624 2510
f 2620 2510 2499
f 2643 2644 2645
f 2643 2645 2646
f 2647 2648 2649
f 2647 2649 2650
f 2651 2652 2653
f 2651 2653 2654
f 2655 2656 2657
f 2655 2657 2658
f 2659 2660 2661
f 2659 2661 2662
f 2663 2664 2665
f 2663 2665 2666
f 2667 2668 2669
f 2667 2669 2670
f 2671 2672 2673
f 2671 2673 2674
f 2675 2676 2677
f 2675 2677 2678
f 2679 2680 2681
f 2679 2681 2682
f 2683 2684 2653
f 2683 2653 2652
f 2685 2686 2687
f 2685 2687 2688
f 2689 2690 2691
f 2689 2691 2692
f 2693 2694 2695
f 2693 2695 2696
f 2697 2674 2673
f 2697 2673 2698
f 2699 2666 2665
f 2699 2665 2700
f 2701 2650 2649
f 2701 2649 2702
f 2680 2703 2704
f 2680 2704 2681
f 2690 2705 2706
f 2690 2706 2691
f 2707 2708 2691
f 2707 2691 2706
f 2709 2710 2645
f 2709 2645 2644
f 2711 2712 2649
f 2711 2649 2648
f 2713 2714 2715
f 2713 2715 2716
f 2717 2718 2719
f 2717 2719 2720
f 2721 2722 2723
f 2721 2723 2724
f 2725 2726 2727
f 2725 2727 2728
f 2716 2715 2718
f 2716 2718 2717
f 2729 2730 2731
f 2729 2731 2732
f 2733 2734 2731
f 2733 2731 2735
f 2736 2737 2738
f 2736 2738 2739
f 2740 2741 2734
f 2740 2734 2733
f 2742 2743 2744
f 2742 2744 2745
f 2746 2747 2748
f 2746 2748 2749
f 2750 2751 2752
f 2750 2752 2753
f 2745 2744 2751
f 2745 2751 2750
f 2744 2754 2755
f 2744 2755 2751
f 2751 2755 2756
f 2751 2756 2752
f 2646 2645 2652
f 2646 2652 2651
f 2662 2661 2656
f 2662 2656 2655
f 2670 2669 2676
f 2670 2676 2675
f 2757 2758 2759
f 2757 2759 2760
f 2710 2683 2652
f 2710 2652 2645
f 2761 2762 2763
f 2761 2763 2764
f 2765 2766 2767
f 2765 2767 2768
f 2747 2769 2770
f 2747 2770 2748
f 2743 2771 2754
f 2743 2754 2744
f 2741 2721 2724
f 2741 2724 2734
f 2737 2772 2773
f 2737 2773 2738
f 2734 2724 2732
f 2734 2732 2731
f 2730 2774 2735
f 2730 2735 2731
f 2775 2776 2777
f 2775 2777 2778
f 2723 2779 2728
f 2723 2728 2727
f 2714 2742 2745
f 2714 2745 2715
f 2722 2780 2779
f 2722 2779 2723
f 2715 2745 2750
f 2715 2750 2718
f 2781 2736 2739
f 2781 2739 2782
f 2718 2750 2753
f 2718 2753 2719
f 2726 2729 2732
f 2726 2732 2727
f 2783 2713 2716
f 2783 2716 2784
f 2785 2717 2720
f 2785 2720 2786
f 2787 2788 2789
f 2787 2789 2790
f 2791 2792 2793
f 2791 2793 2794
f 2692 2691 2708
f 2692 2708 2795
f 2796 2712 2694
f 2796 2694 2693
f 2797 2686 2708
f 2797 2708 2707
f 2798 2799 2800
f 2798 2800 2801
f 2802 2695 2694
f 2802 2694 2803
f 2799 2791 2794
f 2799 2794 2800
f 2768 2767 2804
f 2768 2804 2805
f 2806 2807 2808
f 2806 2808 2809
f 2810 2811 2812
f 2810 2812 2813
f 2814 2815 2816
f 2814 2816 2817
f 2818 2819 2820
f 2818 2820 2821
f 2822 2823 2824
f 2822 2824 2820
f 2825 2826 2827
f 2825 2827 2828
f 2829 2830 2831
f 2829 2831 2832
f 2672 2814 2817
f 2672 2817 2673
f 2833 2834 2807
f 2833 2807 2806
f 2835 2836 2834
f 2835 2834 2833
f 2800 2794 2683
f 2800 2683 2710
f 2837 2817 2816
f 2837 2816 2838
f 2832 2831 2758
f 2832 2758 2757
f 2826 2839 2840
f 2826 2840 2827
f 2841 2725 2728
f 2841 2728 2842
f 2801 2800 2710
f 2801 2710 2709
f 2784 2716 2717
f 2784 2717 2785
f 2807 2651 2654
f 2807 2654 2808
f 2843 2844 2789
f 2843 2789 2788
f 2668 2835 2833
f 2668 2833 2669
f 2676 2806 2809
f 2676 2809 2677
f 2698 2673 2817
f 2698 2817 2837
f 2845 2822 2820
f 2845 2820 2819
f 2821 2820 2824
f 2821 2824 2842
f 2815 2647 2650
f 2815 2650 2816
f 2827 2840 2703
f 2827 2703 2680
f 2828 2827 2680
f 2828 2680 2679
f 2669 2833 2806
f 2669 2806 2676
f 2702 2649 2712
f 2702 2712 2796
f 2795 2708 2686
f 2795 2686 2685
f 2794 2793 2684
f 2794 2684 2683
f 2764 2763 2830
f 2764 2830 2829
f 2687 2846 2839
f 2687 2839 2826
f 2803 2694 2712
f 2803 2712 2711
f 2846 2687 2686
f 2846 2686 2797
f 2805 2804 2762
f 2805 2762 2761
f 2688 2687 2826
f 2688 2826 2825
f 2836 2643 2646
f 2836 2646 2834
f 2834 2646 2651
f 2834 2651 2807
f 2838 2816 2650
f 2838 2650 2701
f 2847 2667 2670
f 2847 2670 2848
f 2849 2671 2674
f 2849 2674 2850
f 2851 2675 2678
f 2851 2678 2852
f 2853 2850 2674
f 2853 2674 2697
f 2848 2670 2675
f 2848 2675 2851
f 2681 2704 2854
f 2681 2854 2855
f 2760 2759 2856
f 2760 2856 2857
f 2682 2681 2855
f 2682 2855 2858
f 2855 2854 2823
f 2855 2823 2822
f 2857 2856 2844
f 2857 2844 2843
f 2858 2855 2822
f 2858 2822 2845
f 2859 2847 2848
f 2859 2848 2860
f 2861 2849 2850
f 2861 2850 2862
f 2863 2851 2852
f 2863 2852 2864
f 2865 2862 2850
f 2865 2850 2853
f 2860 2848 2851
f 2860 2851 2863
f 2811 2781 2782
f 2811 2782 2812
f 2769 2775 2778
f 2769 2778 2770
f 2724 2723 2727
f 2724 2727 2732
f 2758 2866 2867
f 2758 2867 2759
f 2762 2868 2869
f 2762 2869 2763
f 2766 2870 2871
f 2766 2871 2767
f 2770 2778 2872
f 2770 2872 2873
f 2749 2748 2874
f 2749 2874 2875
f 2748 2770 2873
f 2748 2873 2874
f 2778 2777 2876
f 2778 2876 2872
f 2767 2871 2877
f 2767 2877 2804
f 2790 2789 2878
f 2790 2878 2879
f 2830 2880 2881
f 2830 2881 2831
f 2844 2882 2878
f 2844 2878 2789
f 2831 2881 2866
f 2831 2866 2758
f 2804 2877 2868
f 2804 2868 2762
f 2763 2869 2880
f 2763 2880 2830
f 2759 2867 2883
f 2759 2883 2856
f 2856 2883 2882
f 2856 2882 2844
f 2884 2805 2761
f 2884 2761 2885
f 2886 2765 2768
f 2886 2768 2887
f 2887 2768 2805
f 2887 2805 2884
f 2888 2843 2788
f 2888 2788 2889
f 2890 2891 2769
f 2890 2769 2747
f 2892 2764 2829
f 2892 2829 2893
f 2894 2760 2857
f 2894 2857 2895
f 2896 2897 2776
f 2896 2776 2775
f 2898 2757 2760
f 2898 2760 2894
f 2885 2761 2764
f 2885 2764 2892
f 2899 2832 2757
f 2899 2757 2898
f 2891 2896 2775
f 2891 2775 2769
f 2900 2890 2747
f 2900 2747 2746
f 2895 2857 2843
f 2895 2843 2888
f 2901 2889 2788
f 2901 2788 2787
f 2893 2829 2832
f 2893 2832 2899
f 2902 2746 2749
f 2902 2749 2903
f 2754 2904 2905
f 2754 2905 2755
f 2875 2906 2903
f 2875 2903 2749
f 2771 2907 2904
f 2771 2904 2754
f 2908 2733 2735
f 2908 2735 2909
f 2772 2910 2911
f 2772 2911 2773
f 2900 2912 2910
f 2900 2910 2772
f 2774 2913 2909
f 2774 2909 2735
f 2914 2740 2733
f 2914 2733 2908
f 2755 2905 2915
f 2755 2915 2756
f 2912 2916 2917
f 2912 2917 2910
f 2914 2908 2917
f 2914 2917 2916
f 2908 2909 2918
f 2908 2918 2917
f 2917 2918 2911
f 2917 2911 2910
f 2919 2905 2904
f 2919 2904 2907
f 2919 2918 2909
f 2919 2909 2913
f 2861 2783 2784
f 2861 2784 2864
f 2863 2785 2786
f 2863 2786 2860
f 2776 2787 2790
f 2776 2790 2777
f 2865 2810 2813
f 2865 2813 2862
f 2780 2818 2821
f 2780 2821 2779
f 2859 2841 2842
f 2859 2842 2824
f 2864 2784 2785
f 2864 2785 2863
f 2779 2821 2842
f 2779 2842 2728
f 2777 2790 2879
f 2777 2879 2876
f 2897 2901 2787
f 2897 2787 2776
f 2920 2921 2922
f 2920 2922 2923
f 2924 2925 2926
f 2924 2926 2927
f 2928 2929 2930
f 2928 2930 2931
f 2932 2933 2934
f 2932 2934 2935
f 2936 2937 2938
f 2936 2938 2939
f 2940 2941 2942
f 2940 2942 2943
f 2944 2945 2946
f 2944 2946 2947
f 2948 2949 2950
f 2948 2950 2951
f 2952 2953 2954
f 2952 2954 2955
f 2956 2957 2958
f 2956 2958 2959
f 2960 2961 2930
f 2960 2930 2929
f 2962 2963 2964
f 2962 2964 2965
f 2966 2967 2968
f 2966 2968 2969
f 2970 2971 2972
f 2970 2972 2973
f 2974 2951 2950
f 2974 2950 2975
f 2976 2943 2942
f 2976 2942 2977
f 2978 2927 2926
f 2978 2926 2979
f 2957 2980 2981
f 2957 2981 2958
f 2967 2982 2983
f 2967 2983 2968
f 2984 2985 2968
f 2984 2968 2983
f 2986 2987 2922
f 2986 2922 2921
f 2988 2989 2926
f 2988 2926 2925
f 2990 2991 2992
f 2990 2992 2993
f 2994 2995 2996
f 2994 2996 2997
f 2998 2999 3000
f 2998 3000 3001
f 3002 3003 3004
f 3002 3004 3005
f 2993 2992 2995
f 2993 2995 2994
f 3006 3007 3008
f 3006 3008 3009
f 3010 3011 3008
f 3010 3008 3012
f 3013 3014 3015
f 3013 3015 3016
f 3017 3018 3011
f 3017 3011 3010
f 3019 3020 3021
f 3019 3021 3022
f 3023 3024 3025
f 3023 3025 3026
f 3027 3028 3029
f 3027 3029 3030
f 3022 3021 3028
f 3022 3028 3027
f 3021 3031 3032
f 3021 3032 3028
f 3028 3032 3033
f 3028 3033 3029
f 2923 2922 2929
f 2923 2929 2928
f 2939 2938 2933
f 2939 2933 2932
f 2947 2946 2953
f 2947 2953 2952
f 3034 3035 3036
f 3034 3036 3037
f 2987 2960 2929
f 2987 2929 2922
f 3038 3039 3040
f 3038 3040 3041
f 3042 3043 3044
f 3042 3044 3045
f 3024 3046 3047
f 3024 3047 3025
f 3020 3048 3031
f 3020 3031 3021
f 3018 2998 3001
f 3018 3001 3011
f 3014 3049 3050
f 3014 3050 3015
f 3011 3001 3009
f 3011 3009 3008
f 3007 3051 3012
f 3007 3012 3008
f 3052 3053 3054
f 3052 3054 3055
f 3000 3056 3005
f 3000 3005 3004
f 2991 3019 3022
f 2991 3022 2992
f 2999 3057 3056
f 2999 3056 3000
f 2992 3022 3027
f 2992 3027 2995
f 3058 3013 3016
f 3058 3016 3059
f 2995 3027 3030
f 2995 3030 2996
f 3003 3006 3009
f 3003 3009 3004
f 3060 2990 2993
f 3060 2993 3061
f 3062 2994 2997
f 3062 2997 3063
f 3064 3065 3066
f 3064 3066 3067
f 3068 3069 3070
f 3068 3070 3071
f 2969 2968 2985
f 2969 2985 3072
f 3073 2989 2971
f 3073 2971 2970
f 3074 2963 2985
f 3074 2985 2984
f 3075 3076 3077
f 3075 3077 3078
f 3079 2972 2971
f 3079 2971 3080
f 3076 3068 3071
f 3076 3071 3077
f 3045 3044 3081
f 3045 3081 3082
f 3083 3084 3085
f 3083 3085 3086
f 3087 3088 3089
f 3087 3089 3090
f 3091 3092 3093
f 3091 3093 3094
f 3095 3096 3097
f 3095 3097 3098
f 3099 3100 3101
f 3099 3101 3097
f 3102 3103 3104
f 3102 3104 3105
f 3106 3107 3108
f 3106 3108 3109
f 2949 3091 3094
f 2949 3094 2950
f 3110 3111 3084
f 3110 3084 3083
f 3112 3113 3111
f 3112 3111 3110
f 3077 3071 2960
f 3077 2960 2987
f 3114 3094 3093
f 3114 3093 3115
f 3109 3108 3035
f 3109 3035 3034
f 3103 3116 3117
f 3103 3117 3104
f 3118 3002 3005
f 3118 3005 3119
f 3078 3077 2987
f 3078 2987 2986
f 3061 2993 2994
f 3061 2994 3062
f 3084 2928 2931
f 3084 2931 3085
f 3120 3121 3066
f 3120 3066 3065
f 2945 3112 3110
f 2945 3110 2946
f 2953 3083 3086
f 2953 3086 2954
f 2975 2950 3094
f 2975 3094 3114
f 3122 3099 3097
f 3122 3097 3096
f 3098 3097 3101
f 3098 3101 3119
f 3092 2924 2927
f 3092 2927 3093
f 3104 3117 2980
f 3104 2980 2957
f 3105 3104 2957
f 3105 2957 2956
f 2946 3110 3083
f 2946 3083 2953
f 2979 2926 2989
f 2979 2989 3073
f 3072 2985 2963
f 3072 2963 2962
f 3071 3070 2961
f 3071 2961 2960
f 3041 3040 3107
f 3041 3107 3106
f 2964 3123 3116
f 2964 3116 3103
f 3080 2971 2989
f 3080 2989 2988
f 3123 2964 2963
f 3123 2963 3074
f 3082 3081 3039
f 3082 3039 3038
f 2965 2964 3103
f 2965 3103 3102
f 3113 2920 2923
f 3113 2923 3111
f 3111 2923 2928
f 3111 2928 3084
f 3115 3093 2927
f 3115 2927 2978
f 3124 2944 2947
f 3124 2947 3125
f 3126 2948 2951
f 3126 2951 3127
f 3128 2952 2955
f 3128 2955 3129
f 3130 3127 2951
f 3130 2951 2974
f 3125 2947 2952
f 3125 2952 3128
f 2958 2981 3131
f 2958 3131 3132
f 3037 3036 3133
f 3037 3133 3134
f 2959 2958 3132
f 2959 3132 3135
f 3132 3131 3100
f 3132 3100 3099
f 3134 3133 3121
f 3134 3121 3120
f 3135 3132 3099
f 3135 3099 3122
f 3136 3124 3125
f 3136 3125 3137
f 3138 3126 3127
f 3138 3127 3139
f 3140 3128 3129
f 3140 3129 3141
f 3142 3139 3127
f 3142 3127 3130
f 3137 3125 3128
f 3137 3128 3140
f 3088 3058 3059
f 3088 3059 3089
f 3046 3052 3055
f 3046 3055 3047
f 3001 3000 3004
f 3001 3004 3009
f 3035 3143 3144
f 3035 3144 3036
f 3039 3145 3146
f 3039 3146 3040
f 3043 3147 3148
f 3043 3148 3044
f 3047 3055 3149
f 3047 3149 3150
f 3026 3025 3151
f 3026 3151 3152
f 3025 3047 3150
f 3025 3150 3151
f 3055 3054 3153
f 3055 3153 3149
f 3044 3148 3154
f 3044 3154 3081
f 3067 3066 3155
f 3067 3155 3156
f 3107 3157 3158
f 3107 3158 3108
f 3121 3159 3155
f 3121 3155 3066
f 3108 3158 3143
f 3108 3143 3035
f 3081 3154 3145
f 3081 3145 3039
f 3040 3146 3157
f 3040 3157 3107
f 3036 3144 3160
f 3036 3160 3133
f 3133 3160 3159
f 3133 3159 3121
f 3161 3082 3038
f 3161 3038 3162
f 3163 3042 3045
f 3163 3045 3164
f 3164 3045 3082
f 3164 3082 3161
f 3165 3120 3065
f 3165 3065 3166
f 3167 3168 3046
f 3167 3046 3024
f 3169 3041 3106
f 3169 3106 3170
f 3171 3037 3134
f 3171 3134 3172
f 3173 3174 3053
f 3173 3053 3052
f 3175 3034 3037
f 3175 3037 3171
f 3162 3038 3041
f 3162 3041 3169
f 3176 3109 3034
f 3176 3034 3175
f 3168 3173 3052
f 3168 3052 3046
f 3177 3167 3024
f 3177 3024 3023
f 3172 3134 3120
f 3172 3120 3165
f 3178 3166 3065
f 3178 3065 3064
f 3170 3106 3109
f 3170 3109 3176
f 3179 3023 3026
f 3179 3026 3180
f 3031 3181 3182
f 3031 3182 3032
f 3152 3183 3180
f 3152 3180 3026
f 3048 3184 3181
f 3048 3181 3031
f 3185 3010 3012
f 3185 3012 3186
f 3049 3187 3188
f 3049 3188 3050
f 3177 3189 3187
f 3177 3187 3049
f 3051 3190 3186
f 3051 3186 3012
f 3191 3017 3010
f 3191 3010 3185
f 3032 3182 3192
f 3032 3192 3033
f 3189 3193 3194
f 3189 3194 3187
f 3191 3185 3194
f 3191 3194 3193
f 3185 3186 3195
f 3185 3195 3194
f 3194 3195 3188
f 3194 3188 3187
f 3196 3182 3181
f 3196 3181 3184
f 3196 3195 3186
f 3196 3186 3190
f 3138 3060 3061
f 3138 3061 3141
f 3140 3062 3063
f 3140 3063 3137
f 3053 3064 3067
f 3053 3067 3054
f 3142 3087 3090
f 3142 3090 3139
f 3057 3095 3098
f 3057 3098 3056
f 3136 3118 3119
f 3136 3119 3101
f 3141 3061 3062
f 3141 3062 3140
f 3056 3098 3119
f 3056 3119 3005
f 3054 3067 3156
f 3054 3156 3153
f 3174 3178 3064
f 3174 3064 3053
f 3197 3198 3199
f 3197 3199 3200
f 3201 3202 3203
f 3201 3203 3204
f 3205 3206 3202
f 3205 3202 3201
f 3207 3208 3209
f 3207 3209 3210
f 3211 3204 3203
f 3211 3203 3212
f 3208 3213 3198
f 3208 3198 3209
f 3214 3215 3216
f 3214 3216 3217
f 3218 3219 3220
f 3218 3220 3221
f 3222 3223 3224
f 3222 3224 3225
f 3221 3220 3226
f 3221 3226 3227
f 3217 3216 3219
f 3217 3219 3218
f 3228 3229 3230
f 3228 3230 3231
f 3232 3233 3230
f 3232 3230 3234
f 3235 3236 3237
f 3235 3237 3238
f 3239 3240 3233
f 3239 3233 3232
f 3238 3237 3241
f 3238 3241 3242
f 3243 3244 3245
f 3243 3245 3246
f 3247 3248 3229
f 3247 3229 3228
f 3242 3241 3248
f 3242 3248 3247
f 3241 3249 3250
f 3241 3250 3248
f 3248 3250 3251
f 3248 3251 3229
f 3200 3199 3206
f 3200 3206 3205
f 3252 3253 3254
f 3252 3254 3255
f 3244 3256 3257
f 3244 3257 3245
f 3237 3258 3249
f 3237 3249 3241
f 3240 3222 3225
f 3240 3225 3233
f 3236 3259 3258
f 3236 3258 3237
f 3233 3225 3231
f 3233 3231 3230
f 3229 3251 3234
f 3229 3234 3230
f 3260 3261 3262
f 3260 3262 3263
f 3224 3264 3227
f 3224 3227 3226
f 3215 3238 3242
f 3215 3242 3216
f 3223 3265 3264
f 3223 3264 3224
f 3216 3242 3247
f 3216 3247 3219
f 3266 3235 3238
f 3266 3238 3215
f 3219 3247 3228
f 3219 3228 3220
f 3220 3228 3231
f 3220 3231 3226
f 3267 3214 3217
f 3267 3217 3268
f 3269 3218 3221
f 3269 3221 3270
f 3271 3272 3273
f 3271 3273 3274
f 3275 3276 3214
f 3275 3214 3267
f 3277 3278 3279
f 3277 3279 3280
f 3281 3282 3283
f 3281 3283 3279
f 3202 3284 3285
f 3202 3285 3203
f 3270 3221 3227
f 3270 3227 3286
f 3268 3217 3218
f 3268 3218 3269
f 3287 3288 3273
f 3287 3273 3272
f 3198 3213 3289
f 3198 3289 3199
f 3206 3290 3284
f 3206 3284 3202
f 3212 3203 3285
f 3212 3285 3291
f 3292 3281 3279
f 3292 3279 3278
f 3280 3279 3283
f 3280 3283 3286
f 3199 3289 3290
f 3199 3290 3206
f 3282 3197 3200
f 3282 3200 3293
f 3294 3201 3204
f 3294 3204 3295
f 3296 3205 3201
f 3296 3201 3294
f 3297 3295 3204
f 3297 3204 3211
f 3293 3200 3205
f 3293 3205 3296
f 3209 3198 3197
f 3209 3197 3298
f 3255 3254 3299
f 3255 3299 3300
f 3210 3209 3298
f 3210 3298 3301
f 3298 3197 3282
f 3298 3282 3281
f 3300 3299 3288
f 3300 3288 3287
f 3301 3298 3281
f 3301 3281 3292
f 3283 3282 3293
f 3283 3293 3302
f 3303 3294 3295
f 3303 3295 3304
f 3305 3296 3294
f 3305 3294 3303
f 3306 3304 3295
f 3306 3295 3297
f 3302 3293 3296
f 3302 3296 3305
f 3276 3266 3215
f 3276 3215 3214
f 3256 3260 3263
f 3256 3263 3257
f 3225 3224 3226
f 3225 3226 3231
f 3253 3207 3210
f 3253 3210 3254
f 3257 3263 3223
f 3257 3223 3222
f 3246 3245 3240
f 3246 3240 3239
f 3245 3257 3222
f 3245 3222 3240
f 3263 3262 3265
f 3263 3265 3223
f 3274 3273 3278
f 3274 3278 3277
f 3288 3292 3278
f 3288 3278 3273
f 3254 3210 3301
f 3254 3301 3299
f 3299 3301 3292
f 3299 3292 3288
f 3297 3287 3272
f 3297 3272 3306
f 3236 3235 3256
f 3236 3256 3244
f 3212 3255 3300
f 3212 3300 3211
f 3266 3276 3261
f 3266 3261 3260
f 3291 3252 3255
f 3291 3255 3212
f 3235 3266 3260
f 3235 3260 3256
f 3259 3236 3244
f 3259 3244 3243
f 3211 3300 3287
f 3211 3287 3297
f 3275 3306 3272
f 3275 3272 3271
f 3307 3243 3246
f 3307 3246 3308
f 3249 3309 3310
f 3249 3310 3250
f 3239 3311 3308
f 3239 3308 3246
f 3258 3312 3309
f 3258 3309 3249
f 3313 3232 3234
f 3313 3234 3314
f 3259 3315 3312
f 3259 3312 3258
f 3243 3307 3315
f 3243 3315 3259
f 3251 3316 3314
f 3251 3314 3234
f 3311 3239 3232
f 3311 3232 3313
f 3250 3310 3316
f 3250 3316 3251
f 3307 3308 3317
f 3307 3317 3315
f 3311 3313 3317
f 3311 3317 3308
f 3313 3314 3318
f 3313 3318 3317
f 3317 3318 3312
f 3317 3312 3315
f 3318 3310 3309
f 3318 3309 3312
f 3310 3318 3314
f 3310 3314 3316
f 3304 3267 3268
f 3304 3268 3303
f 3305 3269 3270
f 3305 3270 3302
f 3261 3271 3274
f 3261 3274 3262
f 3306 3275 3267
f 3306 3267 3304
f 3265 3277 3280
f 3265 3280 3264
f 3302 3270 3286
f 3302 3286 3283
f 3303 3268 3269
f 3303 3269 3305
f 3264 3280 3286
f 3264 3286 3227
f 3262 3274 3277
f 3262 3277 3265
f 3276 3275 3271
f 3276 3271 3261
f 2285 2292 2090
f 2285 2090 2089
f 2100 2099 2094
f 2100 2094 2093
f 2151 3319 2106
f 2151 2106 2105
f 2104 2103 2110
f 2104 2110 2109
f 2300 2150 2114
f 2300 2114 2113
f 2124 2123 2118
f 2124 2118 2117
f 2243 2155 2090
f 2243 2090 2292
f 2130 2157 2094
f 2130 2094 2099
f 2258 2228 2160
f 2258 2160 2159
f 2166 2165 2172
f 2166 2172 2171
f 2199 2198 2176
f 2199 2176 2175
f 2185 2184 2189
f 2185 2189 2188
f 2184 2219 2217
f 2184 2217 2189
f 2198 2202 2220
f 2198 2220 2176
f 2228 2185 2188
f 2228 2188 2160
f 2165 2199 2175
f 2165 2175 2172
f 2259 2258 2159
f 2259 2159 2229
f 2152 2244 2247
f 2152 2247 2153
f 2238 2248 2249
f 2238 2249 2239
f 2255 2254 2261
f 2255 2261 2260
f 2123 2255 2260
f 2123 2260 2118
f 2149 2286 2282
f 2149 2282 2281
f 2232 2166 2171
f 2232 2171 2287
f 2153 2247 2155
f 2153 2155 2243
f 2150 2149 2281
f 2150 2281 2114
f 2254 2100 2093
f 2254 2093 2261
f 2239 2249 2157
f 2239 2157 2130
f 2286 2285 2089
f 2286 2089 2282
f 2269 2300 2113
f 2269 2113 2293
f 2298 2124 2117
f 2298 2117 2295
f 2270 2269 2293
f 2270 2293 2305
f 2310 2298 2295
f 2310 2295 2307
f 2219 2357 2353
f 2219 2353 2217
f 2202 2361 2359
f 2202 2359 2220
f 2364 2365 2353
f 2364 2353 2357
f 2351 2365 2359
f 2351 2359 2361
f 2308 2259 2229
f 2308 2229 2307
f 2306 2232 2287
f 2306 2287 2305
f 2562 2569 2367
f 2562 2367 2366
f 2377 2376 2371
f 2377 2371 2370
f 2428 3320 2383
f 2428 2383 2382
f 2381 2380 2387
f 2381 2387 2386
f 2577 2427 2391
f 2577 2391 2390
f 2401 2400 2395
f 2401 2395 2394
f 2520 2432 2367
f 2520 2367 2569
f 2407 2434 2371
f 2407 2371 2376
f 2535 2505 2437
f 2535 2437 2436
f 2443 2442 2449
f 2443 2449 2448
f 2476 2475 2453
f 2476 2453 2452
f 2462 2461 2466
f 2462 2466 2465
f 2461 2496 2494
f 2461 2494 2466
f 2475 2479 2497
f 2475 2497 2453
f 2505 2462 2465
f 2505 2465 2437
f 2442 2476 2452
f 2442 2452 2449
f 2536 2535 2436
f 2536 2436 2506
f 2429 2521 2524
f 2429 2524 2430
f 2515 2525 2526
f 2515 2526 2516
f 2532 2531 2538
f 2532 2538 2537
f 2400 2532 2537
f 2400 2537 2395
f 2426 2563 2559
f 2426 2559 2558
f 2509 2443 2448
f 2509 2448 2564
f 2430 2524 2432
f 2430 2432 2520
f 2427 2426 2558
f 2427 2558 2391
f 2531 2377 2370
f 2531 2370 2538
f 2516 2526 2434
f 2516 2434 2407
f 2563 2562 2366
f 2563 2366 2559
f 2546 2577 2390
f 2546 2390 2570
f 2575 2401 2394
f 2575 2394 2572
f 2547 2546 2570
f 2547 2570 2582
f 2587 2575 2572
f 2587 2572 2584
f 2496 2634 2630
f 2496 2630 2494
f 2479 2638 2636
f 2479 2636 2497
f 2641 2642 2630
f 2641 2630 2634
f 2628 2642 2636
f 2628 2636 2638
f 2585 2536 2506
f 2585 2506 2584
f 2583 2509 2564
f 2583 2564 2582
f 2839 2846 2644
f 2839 2644 2643
f 2654 2653 2648
f 2654 2648 2647
f 2705 3321 2660
f 2705 2660 2659
f 2658 2657 2664
f 2658 2664 2663
f 2854 2704 2668
f 2854 2668 2667
f 2678 2677 2672
f 2678 2672 2671
f 2797 2709 2644
f 2797 2644 2846
f 2684 2711 2648
f 2684 2648 2653
f 2812 2782 2714
f 2812 2714 2713
f 2720 2719 2726
f 2720 2726 2725
f 2753 2752 2730
f 2753 2730 2729
f 2739 2738 2743
f 2739 2743 2742
f 2738 2773 2771
f 2738 2771 2743
f 2752 2756 2774
f 2752 2774 2730
f 2782 2739 2742
f 2782 2742 2714
f 2719 2753 2729
f 2719 2729 2726
f 2813 2812 2713
f 2813 2713 2783
f 2706 2798 2801
f 2706 2801 2707
f 2792 2802 2803
f 2792 2803 2793
f 2809 2808 2815
f 2809 2815 2814
f 2677 2809 2814
f 2677 2814 2672
f 2703 2840 2836
f 2703 2836 2835
f 2786 2720 2725
f 2786 2725 2841
f 2707 2801 2709
f 2707 2709 2797
f 2704 2703 2835
f 2704 2835 2668
f 2808 2654 2647
f 2808 2647 2815
f 2793 2803 2711
f 2793 2711 2684
f 2840 2839 2643
f 2840 2643 2836
f 2823 2854 2667
f 2823 2667 2847
f 2852 2678 2671
f 2852 2671 2849
f 2824 2823 2847
f 2824 2847 2859
f 2864 2852 2849
f 2864 2849 2861
f 2773 2911 2907
f 2773 2907 2771
f 2756 2915 2913
f 2756 2913 2774
f 2918 2919 2907
f 2918 2907 2911
f 2905 2919 2913
f 2905 2913 2915
f 2862 2813 2783
f 2862 2783 2861
f 2860 2786 2841
f 2860 2841 2859
f 3116 3123 2921
f 3116 2921 2920
f 2931 2930 2925
f 2931 2925 2924
f 2982 3322 2937
f 2982 2937 2936
f 2935 2934 2941
f 2935 2941 2940
f 3131 2981 2945
f 3131 2945 2944
f 2955 2954 2949
f 2955 2949 2948
f 3074 2986 2921
f 3074 2921 3123
f 2961 2988 2925
f 2961 2925 2930
f 3089 3059 2991
f 3089 2991 2990
f 2997 2996 3003
f 2997 3003 3002
f 3030 3029 3007
f 3030 3007 3006
f 3016 3015 3020
f 3016 3020 3019
f 3015 3050 3048
f 3015 3048 3020
f 3029 3033 3051
f 3029 3051 3007
f 3059 3016 3019
f 3059 3019 2991
f 2996 3030 3006
f 2996 3006 3003
f 3090 3089 2990
f 3090 2990 3060
f 2983 3075 3078
f 2983 3078 2984
f 3069 3079 3080
f 3069 3080 3070
f 3086 3085 3092
f 3086 3092 3091
f 2954 3086 3091
f 2954 3091 2949
f 2980 3117 3113
f 2980 3113 3112
f 3063 2997 3002
f 3063 3002 3118
f 2984 3078 2986
f 2984 2986 3074
f 2981 2980 3112
f 2981 3112 2945
f 3085 2931 2924
f 3085 2924 3092
f 3070 3080 2988
f 3070 2988 2961
f 3117 3116 2920
f 3117 2920 3113
f 3100 3131 2944
f 3100 2944 3124
f 3129 2955 2948
f 3129 2948 3126
f 3101 3100 3124
f 3101 3124 3136
f 3141 3129 3126
f 3141 3126 3138
f 3050 3188 3184
f 3050 3184 3048
f 3033 3192 3190
f 3033 3190 3051
f 3195 3196 3184
f 3195 3184 3188
f 3182 3196 3190
f 3182 3190 3192
f 3139 3090 3060
f 3139 3060 3138
f 3137 3063 3118
f 3137 3118 3136
f 2312 2125 2128
f 2312 2128 2313
f 2314 2131 2134
f 2314 2134 2315
f 2316 2135 2138
f 2316 2138 2317
f 2319 2318 2168
f 2319 2168 2167
f 2321 2320 2187
f 2321 2187 2186
f 2320 2319 2167
f 2320 2167 2187
f 2318 2322 2226
f 2318 2226 2168
f 2317 2138 2241
f 2317 2241 2323
f 2325 2324 2265
f 2325 2265 2264
f 2326 2271 2274
f 2326 2274 2327
f 2328 2291 2265
f 2328 2265 2324
f 2327 2274 2125
f 2327 2125 2312
f 2323 2241 2131
f 2323 2131 2314
f 2315 2134 2271
f 2315 2271 2326
f 2313 2128 2304
f 2313 2304 2329
f 2329 2304 2291
f 2329 2291 2328
f 2139 2330 2331
f 2139 2331 2242
f 2145 2332 2333
f 2145 2333 2142
f 2142 2333 2330
f 2142 2330 2139
f 2299 2334 2335
f 2299 2335 2311
f 2183 2182 2337
f 2183 2337 2336
f 2148 2338 2339
f 2148 2339 2147
f 2144 2340 2341
f 2144 2341 2143
f 2227 2257 2343
f 2227 2343 2342
f 2283 2344 2340
f 2283 2340 2144
f 2242 2331 2338
f 2242 2338 2148
f 2284 2345 2344
f 2284 2344 2283
f 2182 2227 2342
f 2182 2342 2337
f 2218 2183 2336
f 2218 2336 2346
f 2143 2341 2334
f 2143 2334 2299
f 2256 2311 2335
f 2256 2335 2347
f 2147 2339 2345
f 2147 2345 2284
f 2192 2348 2358
f 2192 2358 2346
f 2352 2321 2186
f 2352 2186 2360
f 2348 2349 2362
f 2348 2362 2358
f 2352 2360 2362
f 2352 2362 2349
f 2322 2325 2264
f 2322 2264 2226
f 2257 2256 2347
f 2257 2347 2343
f 2589 2402 2405
f 2589 2405 2590
f 2591 2408 2411
f 2591 2411 2592
f 2593 2412 2415
f 2593 2415 2594
f 2596 2595 2445
f 2596 2445 2444
f 2598 2597 2464
f 2598 2464 2463
f 2597 2596 2444
f 2597 2444 2464
f 2595 2599 2503
f 2595 2503 2445
f 2594 2415 2518
f 2594 2518 2600
f 2602 2601 2542
f 2602 2542 2541
f 2603 2548 2551
f 2603 2551 2604
f 2605 2568 2542
f 2605 2542 2601
f 2604 2551 2402
f 2604 2402 2589
f 2600 2518 2408
f 2600 2408 2591
f 2592 2411 2548
f 2592 2548 2603
f 2590 2405 2581
f 2590 2581 2606
f 2606 2581 2568
f 2606 2568 2605
f 2416 2607 2608
f 2416 2608 2519
f 2422 2609 2610
f 2422 2610 2419
f 2419 2610 2607
f 2419 2607 2416
f 2576 2611 2612
f 2576 2612 2588
f 2460 2459 2614
f 2460 2614 2613
f 2425 2615 2616
f 2425 2616 2424
f 2421 2617 2618
f 2421 2618 2420
f 2504 2534 2620
f 2504 2620 2619
f 2560 2621 2617
f 2560 2617 2421
f 2519 2608 2615
f 2519 2615 2425
f 2561 2622 2621
f 2561 2621 2560
f 2459 2504 2619
f 2459 2619 2614
f 2495 2460 2613
f 2495 2613 2623
f 2420 2618 2611
f 2420 2611 2576
f 2533 2588 2612
f 2533 2612 2624
f 2424 2616 2622
f 2424 2622 2561
f 2469 2625 2635
f 2469 2635 2623
f 2629 2598 2463
f 2629 2463 2637
f 2625 2626 2639
f 2625 2639 2635
f 2629 2637 2639
f 2629 2639 2626
f 2599 2602 2541
f 2599 2541 2503
f 2534 2533 2624
f 2534 2624 2620
f 2866 2679 2682
f 2866 2682 2867
f 2868 2685 2688
f 2868 2688 2869
f 2870 2689 2692
f 2870 2692 2871
f 2873 2872 2722
f 2873 2722 2721
f 2875 2874 2741
f 2875 2741 2740
f 2874 2873 2721
f 2874 2721 2741
f 2872 2876 2780
f 2872 2780 2722
f 2871 2692 2795
f 2871 2795 2877
f 2879 2878 2819
f 2879 2819 2818
f 2880 2825 2828
f 2880 2828 2881
f 2882 2845 2819
f 2882 2819 2878
f 2881 2828 2679
f 2881 2679 2866
f 2877 2795 2685
f 2877 2685 2868
f 2869 2688 2825
f 2869 2825 2880
f 2867 2682 2858
f 2867 2858 2883
f 2883 2858 2845
f 2883 2845 2882
f 2693 2884 2885
f 2693 2885 2796
f 2699 2886 2887
f 2699 2887 2696
f 2696 2887 2884
f 2696 2884 2693
f 2853 2888 2889
f 2853 2889 2865
f 2737 2736 2891
f 2737 2891 2890
f 2702 2892 2893
f 2702 2893 2701
f 2698 2894 2895
f 2698 2895 2697
f 2781 2811 2897
f 2781 2897 2896
f 2837 2898 2894
f 2837 2894 2698
f 2796 2885 2892
f 2796 2892 2702
f 2838 2899 2898
f 2838 2898 2837
f 2736 2781 2896
f 2736 2896 2891
f 2772 2737 2890
f 2772 2890 2900
f 2697 2895 2888
f 2697 2888 2853
f 2810 2865 2889
f 2810 2889 2901
f 2701 2893 2899
f 2701 2899 2838
f 2746 2902 2912
f 2746 2912 2900
f 2906 2875 2740
f 2906 2740 2914
f 2902 2903 2916
f 2902 2916 2912
f 2906 2914 2916
f 2906 2916 2903
f 2876 2879 2818
f 2876 2818 2780
f 2811 2810 2901
f 2811 2901 2897
f 3143 2956 2959
f 3143 2959 3144
f 3145 2962 2965
f 3145 2965 3146
f 3147 2966 2969
f 3147 2969 3148
f 3150 3149 2999
f 3150 2999 2998
f 3152 3151 3018
f 3152 3018 3017
f 3151 3150 2998
f 3151 2998 3018
f 3149 3153 3057
f 3149 3057 2999
f 3148 2969 3072
f 3148 3072 3154
f 3156 3155 3096
f 3156 3096 3095
f 3157 3102 3105
f 3157 3105 3158
f 3159 3122 3096
f 3159 3096 3155
f 3158 3105 2956
f 3158 2956 3143
f 3154 3072 2962
f 3154 2962 3145
f 3146 2965 3102
f 3146 3102 3157
f 3144 2959 3135
f 3144 3135 3160
f 3160 3135 3122
f 3160 3122 3159
f 2970 3161 3162
f 2970 3162 3073
f 2976 3163 3164
f 2976 3164 2973
f 2973 3164 3161
f 2973 3161 2970
f 3130 3165 3166
f 3130 3166 3142
f 3014 3013 3168
f 3014 3168 3167
f 2979 3169 3170
f 2979 3170 2978
f 2975 3171 3172
f 2975 3172 2974
f 3058 3088 3174
f 3058 3174 3173
f 3114 3175 3171
f 3114 3171 2975
f 3073 3162 3169
f 3073 3169 2979
f 3115 3176 3175
f 3115 3175 3114
f 3013 3058 3173
f 3013 3173 3168
f 3049 3014 3167
f 3049 3167 3177
f 2974 3172 3165
f 2974 3165 3130
f 3087 3142 3166
f 3087 3166 3178
f 2978 3170 3176
f 2978 3176 3115
f 3023 3179 3189
f 3023 3189 3177
f 3183 3152 3017
f 3183 3017 3191
f 3179 3180 3193
f 3179 3193 3189
f 3183 3191 3193
f 3183 3193 3180
f 3153 3156 3095
f 3153 3095 3057
f 3088 3087 3178
f 3088 3178 3174
f 2656 3323 3324
f 2656 3324 2657
f 3325 3326 3327
f 3325 3327 3328
f 3329 2933 2938
f 3329 2938 3330
f 3331 3332 2977
f 3331 2977 3333
f 2106 3334 3335
f 2106 3335 2107
f 3336 3337 3338
f 3336 3338 3339
f 2933 3329 3340
f 2933 3340 2934
f 3341 2941 2934
f 3341 2934 3340
f 3342 3343 3344
f 3342 3344 3345
f 3332 3331 3343
f 3332 3343 3342
f 3346 3347 3348
f 3346 3348 3349
f 3334 2106 3319
f 3334 3319 3350
f 3351 3352 3328
f 3351 3328 3327
f 3353 2379 2384
f 3353 2384 3354
f 3339 3338 3355
f 3339 3355 3356
f 3357 3358 3345
f 3357 3345 3344
f 3337 3336 3359
f 3337 3359 3360
f 3361 3362 3349
f 3361 3349 3348
f 2379 3353 3363
f 2379 3363 2380
f 3364 2102 2107
f 3364 2107 3335
f 3350 3319 3360
f 3350 3360 3359
f 3333 2977 2942
f 3333 2942 3365
f 2941 3341 3365
f 2941 3365 2942
f 3366 3367 3356
f 3366 3356 3355
f 3323 2656 2661
f 3323 2661 3368
f 2102 3364 3369
f 2102 3369 2103
f 3370 3361 3348
f 3370 3348 3371
f 3372 3373 3374
f 3372 3374 3375
f 3376 3357 3344
f 3376 3344 3377
f 3378 3379 3380
f 3378 3380 3381
f 3382 3351 3327
f 3382 3327 3375
f 3383 3384 3385
f 3383 3385 3371
f 3386 3387 3388
f 3386 3388 3389
f 3390 3387 3391
f 3390 3391 3392
f 3384 3393 3394
f 3384 3394 3395
f 2664 2657 3324
f 2664 3324 3396
f 3390 3397 3388
f 3390 3388 3387
f 3390 3398 3399
f 3390 3399 3397
f 3373 3400 3401
f 3373 3401 3374
f 3402 3403 3404
f 3402 3404 3405
f 3392 3391 3374
f 3392 3374 3401
f 3406 3368 2661
f 3406 2661 2660
f 3407 3408 3409
f 3407 3409 3395
f 3410 3392 3401
f 3410 3401 3411
f 3395 3409 3385
f 3395 3385 3384
f 3400 3412 3411
f 3400 3411 3401
f 3413 3414 3415
f 3413 3415 3416
f 3417 3418 3419
f 3417 3419 3420
f 3414 3413 3421
f 3414 3421 3422
f 3420 3419 3423
f 3420 3423 3424
f 3425 3426 3424
f 3425 3424 3423
f 3427 3428 3429
f 3427 3429 3430
f 3431 3432 3426
f 3431 3426 3425
f 3428 3433 3434
f 3428 3434 3429
f 3418 3417 3435
f 3418 3435 3436
f 3437 3438 3439
f 3437 3439 3440
f 3441 3442 3443
f 3441 3443 3444
f 3445 3446 3447
f 3445 3447 3448
f 3440 3439 3449
f 3440 3449 3450
f 3435 3451 3452
f 3435 3452 3453
f 2387 2380 3363
f 2387 3363 3454
f 3444 3443 3455
f 3444 3455 3448
f 3456 3457 3446
f 3456 3446 3445
f 3441 3458 3438
f 3441 3438 3437
f 3459 3420 3424
f 3459 3424 3460
f 3453 3452 3461
f 3453 3461 3462
f 3463 3464 3415
f 3463 3415 3414
f 3436 3435 3453
f 3436 3453 3465
f 3415 3464 3466
f 3415 3466 3432
f 2237 2101 2104
f 2237 2104 2238
f 2244 2105 2108
f 2244 2108 2245
f 2248 2109 2112
f 2248 2112 2141
f 3337 3360 2136
f 3337 2136 2135
f 2142 2141 2112
f 2142 2112 2145
f 3360 3319 2151
f 3360 2151 2136
f 2245 2108 2101
f 2245 2101 2237
f 3366 3355 2212
f 3366 2212 2211
f 3355 3338 2316
f 3355 2316 2212
f 3467 3366 2211
f 3467 2211 2332
f 2152 2151 2105
f 2152 2105 2244
f 2238 2104 2109
f 2238 2109 2248
f 3338 3337 2135
f 3338 2135 2316
f 2146 3467 2332
f 2146 2332 2145
f 3468 3325 2488
f 3468 2488 2609
f 2521 2382 2385
f 2521 2385 2522
f 2525 2386 2389
f 2525 2389 2418
f 2419 2418 2389
f 2419 2389 2422
f 2696 2695 2666
f 2696 2666 2699
f 3469 3470 2413
f 3469 2413 2412
f 3471 3346 2765
f 3471 2765 2886
f 3349 3362 2870
f 3349 2870 2766
f 3325 3328 2489
f 3325 2489 2488
f 2799 2662 2655
f 2799 2655 2791
f 3352 3469 2412
f 3352 2412 2593
f 2515 2381 2386
f 2515 2386 2525
f 2802 2663 2666
f 2802 2666 2695
f 2429 2428 2382
f 2429 2382 2521
f 2798 2659 2662
f 2798 2662 2799
f 2423 3468 2609
f 2423 2609 2422
f 3328 3352 2593
f 3328 2593 2489
f 3345 3358 3147
f 3345 3147 3043
f 2522 2385 2378
f 2522 2378 2514
f 3470 3320 2428
f 3470 2428 2413
f 3362 3472 2689
f 3362 2689 2870
f 2514 2378 2381
f 2514 2381 2515
f 2700 3471 2886
f 2700 2886 2699
f 3342 3345 3043
f 3342 3043 3042
f 3472 3473 2690
f 3472 2690 2689
f 3068 2932 2935
f 3068 2935 3069
f 3474 3475 2967
f 3474 2967 2966
f 3075 2936 2939
f 3075 2939 3076
f 2792 2658 2663
f 2792 2663 2802
f 3473 3321 2705
f 3473 2705 2690
f 2791 2655 2658
f 2791 2658 2792
f 2706 2705 2659
f 2706 2659 2798
f 3346 3349 2766
f 3346 2766 2765
f 3069 2935 2940
f 3069 2940 3079
f 3076 2939 2932
f 3076 2932 3068
f 3358 3474 2966
f 3358 2966 3147
f 3332 3342 3042
f 3332 3042 3163
f 2983 2982 2936
f 2983 2936 3075
f 2977 3332 3163
f 2977 3163 2976
f 3475 3322 2982
f 3475 2982 2967
f 3079 2940 2943
f 3079 2943 2972
f 2973 2972 2943
f 2973 2943 2976
f 3476 1934 1933
f 3476 1933 3477
f 3478 1935 1936
f 3478 1936 3479
f 3480 1937 1938
f 3480 1938 3481
f 3479 1936 1939
f 3479 1939 3482
f 1940 3483 3484
f 1940 3484 1941
f 1942 3485 3486
f 1942 3486 1943
f 3482 1939 1943
f 3482 1943 3486
f 1941 3484 3477
f 1941 3477 1933
f 3487 1945 1944
f 3487 1944 3488
f 3489 1946 1937
f 3489 1937 3480
f 1946 3489 3490
f 1946 3490 1947
f 3488 1944 1948
f 3488 1948 3491
f 3481 1938 1949
f 3481 1949 3492
f 1947 3490 3493
f 1947 3493 1950
f 3491 1948 1934
f 3491 1934 3476
f 3492 1949 1935
f 3492 1935 3478
f 3494 3482 3486
f 3494 3486 3495
f 3484 3496 3497
f 3484 3497 3477
f 3498 3487 3488
f 3498 3488 3499
f 3500 3489 3480
f 3500 3480 3501
f 3489 3500 3502
f 3489 3502 3490
f 3499 3488 3491
f 3499 3491 3503
f 3504 3481 3492
f 3504 3492 3505
f 3490 3502 3506
f 3490 3506 3493
f 3503 3491 3476
f 3503 3476 3507
f 3505 3492 3478
f 3505 3478 3508
f 3507 3476 3477
f 3507 3477 3497
f 3508 3478 3479
f 3508 3479 3509
f 3501 3480 3481
f 3501 3481 3504
f 3509 3479 3482
f 3509 3482 3494
f 3483 3510 3496
f 3483 3496 3484
f 3485 3511 3495
f 3485 3495 3486
f 3512 3498 3499
f 3512 3499 3513
f 3514 3500 3501
f 3514 3501 3515
f 3500 3514 3516
f 3500 3516 3502
f 3513 3499 3503
f 3513 3503 3517
f 3518 3504 3505
f 3518 3505 3519
f 3502 3516 3520
f 3502 3520 3506
f 3517 3503 3507
f 3517 3507 3521
f 3519 3505 3508
f 3519 3508 3522
f 3521 3507 3497
f 3521 3497 3523
f 3522 3508 3509
f 3522 3509 3524
f 3515 3501 3504
f 3515 3504 3518
f 3524 3509 3494
f 3524 3494 3525
f 3510 3526 3527
f 3510 3527 3496
f 3511 3528 3529
f 3511 3529 3495
f 3525 3494 3495
f 3525 3495 3529
f 3496 3527 3523
f 3496 3523 3497
f 3530 3513 3517
f 3530 3517 3531
f 3532 3518 3519
f 3532 3519 3533
f 3516 3534 3535
f 3516 3535 3520
f 3531 3517 3521
f 3531 3521 3536
f 3533 3519 3522
f 3533 3522 3537
f 3536 3521 3523
f 3536 3523 3538
f 3537 3522 3524
f 3537 3524 3539
f 3540 3515 3518
f 3540 3518 3532
f 3539 3524 3525
f 3539 3525 3541
f 3526 3542 3543
f 3526 3543 3527
f 3528 3544 3545
f 3528 3545 3529
f 3541 3525 3529
f 3541 3529 3545
f 3527 3543 3538
f 3527 3538 3523
f 3546 3512 3513
f 3546 3513 3530
f 3547 3514 3515
f 3547 3515 3540
f 3514 3547 3534
f 3514 3534 3516
f 3548 3546 3530
f 3548 3530 3549
f 3550 3547 3540
f 3550 3540 3551
f 3547 3550 3552
f 3547 3552 3534
f 3549 3530 3531
f 3549 3531 3553
f 3554 3532 3533
f 3554 3533 3555
f 3534 3552 3556
f 3534 3556 3535
f 3553 3531 3536
f 3553 3536 3557
f 3555 3533 3537
f 3555 3537 3558
f 3557 3536 3538
f 3557 3538 3559
f 3558 3537 3539
f 3558 3539 3560
f 3551 3540 3532
f 3551 3532 3554
f 3560 3539 3541
f 3560 3541 3561
f 3542 3562 3563
f 3542 3563 3543
f 3544 3564 3565
f 3544 3565 3545
f 3561 3541 3545
f 3561 3545 3565
f 3543 3563 3559
f 3543 3559 3538
f 3566 3549 3553
f 3566 3553 3567
f 3568 3554 3555
f 3568 3555 3569
f 3552 3570 3571
f 3552 3571 3556
f 3567 3553 3557
f 3567 3557 3572
f 3569 3555 3558
f 3569 3558 3573
f 3572 3557 3559
f 3572 3559 3574
f 3573 3558 3560
f 3573 3560 3575
f 3576 3551 3554
f 3576 3554 3568
f 3575 3560 3561
f 3575 3561 3577
f 3562 3578 3579
f 3562 3579 3563
f 3564 3580 3581
f 3564 3581 3565
f 3577 3561 3565
f 3577 3565 3581
f 3563 3579 3574
f 3563 3574 3559
f 3582 3548 3549
f 3582 3549 3566
f 3583 3550 3551
f 3583 3551 3576
f 3550 3583 3570
f 3550 3570 3552
f 3584 3567 3572
f 3584 3572 3585
f 3586 3569 3573
f 3586 3573 3587
f 3585 3572 3574
f 3585 3574 3588
f 3587 3573 3575
f 3587 3575 3589
f 3590 3576 3568
f 3590 3568 3591
f 3589 3575 3577
f 3589 3577 3592
f 3578 3593 3594
f 3578 3594 3579
f 3580 3595 3596
f 3580 3596 3581
f 3592 3577 3581
f 3592 3581 3596
f 3579 3594 3588
f 3579 3588 3574
f 3597 3582 3566
f 3597 3566 3598
f 3599 3583 3576
f 3599 3576 3590
f 3583 3599 3600
f 3583 3600 3570
f 3598 3566 3567
f 3598 3567 3584
f 3591 3568 3569
f 3591 3569 3586
f 3570 3600 3601
f 3570 3601 3571
f 3602 3585 3588
f 3602 3588 3603
f 3604 3587 3589
f 3604 3589 3605
f 3606 3590 3591
f 3606 3591 3607
f 3605 3589 3592
f 3605 3592 3608
f 3593 3609 3610
f 3593 3610 3594
f 3595 3611 3612
f 3595 3612 3596
f 3608 3592 3596
f 3608 3596 3612
f 3594 3610 3603
f 3594 3603 3588
f 3613 3597 3598
f 3613 3598 3614
f 3615 3599 3590
f 3615 3590 3606
f 3599 3615 3616
f 3599 3616 3600
f 3614 3598 3584
f 3614 3584 3617
f 3607 3591 3586
f 3607 3586 3618
f 3600 3616 3619
f 3600 3619 3601
f 3617 3584 3585
f 3617 3585 3602
f 3618 3586 3587
f 3618 3587 3604
f 3620 3606 3607
f 3620 3607 3621
f 3622 3605 3608
f 3622 3608 3623
f 3609 3624 3625
f 3609 3625 3610
f 3611 3626 3627
f 3611 3627 3612
f 3623 3608 3612
f 3623 3612 3627
f 3610 3625 3628
f 3610 3628 3603
f 3629 3613 3614
f 3629 3614 3630
f 3631 3615 3606
f 3631 3606 3620
f 3615 3631 3632
f 3615 3632 3616
f 3630 3614 3617
f 3630 3617 3633
f 3621 3607 3618
f 3621 3618 3634
f 3616 3632 3635
f 3616 3635 3619
f 3633 3617 3602
f 3633 3602 3636
f 3634 3618 3604
f 3634 3604 3637
f 3636 3602 3603
f 3636 3603 3628
f 3637 3604 3605
f 3637 3605 3622
f 3626 3638 3639
f 3626 3639 3627
f 3640 3623 3627
f 3640 3627 3639
f 3625 3641 3642
f 3625 3642 3628
f 3643 3629 3630
f 3643 3630 3644
f 3645 3631 3620
f 3645 3620 3646
f 3631 3645 3647
f 3631 3647 3632
f 3644 3630 3633
f 3644 3633 3648
f 3649 3621 3634
f 3649 3634 3650
f 3632 3647 3651
f 3632 3651 3635
f 3648 3633 3636
f 3648 3636 3652
f 3650 3634 3637
f 3650 3637 3653
f 3652 3636 3628
f 3652 3628 3642
f 3653 3637 3622
f 3653 3622 3654
f 3646 3620 3621
f 3646 3621 3649
f 3654 3622 3623
f 3654 3623 3640
f 3624 3655 3641
f 3624 3641 3625
f 3656 3643 3644
f 3656 3644 3657
f 3658 3645 3646
f 3658 3646 3659
f 3645 3658 3660
f 3645 3660 3647
f 3657 3644 3648
f 3657 3648 3661
f 3662 3649 3650
f 3662 3650 3663
f 3647 3660 3664
f 3647 3664 3651
f 3661 3648 3652
f 3661 3652 3665
f 3663 3650 3653
f 3663 3653 3666
f 3665 3652 3642
f 3665 3642 3667
f 3666 3653 3654
f 3666 3654 3668
f 3659 3646 3649
f 3659 3649 3662
f 3668 3654 3640
f 3668 3640 3669
f 3655 3670 3671
f 3655 3671 3641
f 3638 3672 3673
f 3638 3673 3639
f 3669 3640 3639
f 3669 3639 3673
f 3641 3671 3667
f 3641 3667 3642
f 3674 3657 3661
f 3674 3661 3675
f 3676 3662 3663
f 3676 3663 3677
f 3660 3678 3679
f 3660 3679 3664
f 3675 3661 3665
f 3675 3665 3680
f 3677 3663 3666
f 3677 3666 3681
f 3680 3665 3667
f 3680 3667 3682
f 3681 3666 3668
f 3681 3668 3683
f 3684 3659 3662
f 3684 3662 3676
f 3683 3668 3669
f 3683 3669 3685
f 3670 3686 3687
f 3670 3687 3671
f 3672 3688 3689
f 3672 3689 3673
f 3685 3669 3673
f 3685 3673 3689
f 3671 3687 3682
f 3671 3682 3667
f 3690 3656 3657
f 3690 3657 3674
f 3691 3658 3659
f 3691 3659 3684
f 3658 3691 3678
f 3658 3678 3660
f 3692 3675 3680
f 3692 3680 3693
f 3694 3677 3681
f 3694 3681 3695
f 3693 3680 3682
f 3693 3682 3696
f 3695 3681 3683
f 3695 3683 3697
f 3698 3684 3676
f 3698 3676 3699
f 3697 3683 3685
f 3697 3685 3700
f 3686 3701 3702
f 3686 3702 3687
f 3688 3703 3704
f 3688 3704 3689
f 3700 3685 3689
f 3700 3689 3704
f 3687 3702 3696
f 3687 3696 3682
f 3705 3690 3674
f 3705 3674 3706
f 3707 3691 3684
f 3707 3684 3698
f 3691 3707 3708
f 3691 3708 3678
f 3706 3674 3675
f 3706 3675 3692
f 3699 3676 3677
f 3699 3677 3694
f 3678 3708 3709
f 3678 3709 3679
f 3710 3693 3696
f 3710 3696 3711
f 3712 3695 3697
f 3712 3697 3713
f 3714 3698 3699
f 3714 3699 3715
f 3713 3697 3700
f 3713 3700 3716
f 3701 3717 3718
f 3701 3718 3702
f 3703 3719 3720
f 3703 3720 3704
f 3716 3700 3704
f 3716 3704 3720
f 3702 3718 3711
f 3702 3711 3696
f 3721 3705 3706
f 3721 3706 3722
f 3723 3707 3698
f 3723 3698 3714
f 3707 3723 3724
f 3707 3724 3708
f 3722 3706 3692
f 3722 3692 3725
f 3715 3699 3694
f 3715 3694 3726
f 3708 3724 3727
f 3708 3727 3709
f 3725 3692 3693
f 3725 3693 3710
f 3726 3694 3695
f 3726 3695 3712
f 3728 3714 3715
f 3728 3715 3729
f 3730 3713 3716
f 3730 3716 3731
f 3732 3733 3734
f 3732 3734 3735
f 3736 3737 3738
f 3736 3738 3739
f 3731 3716 3720
f 3731 3720 3739
f 3735 3734 3740
f 3735 3740 3741
f 3742 3721 3722
f 3742 3722 3743
f 3744 3723 3714
f 3744 3714 3728
f 3744 3745 3746
f 3744 3746 3747
f 3743 3722 3725
f 3743 3725 3748
f 3729 3715 3726
f 3729 3726 3749
f 3747 3746 3750
f 3747 3750 3751
f 3748 3725 3710
f 3748 3710 3752
f 3749 3726 3712
f 3749 3712 3753
f 3752 3710 3711
f 3752 3711 3741
f 3753 3712 3713
f 3753 3713 3730
f 3432 3466 3754
f 3432 3754 3426
f 3417 3755 3451
f 3417 3451 3435
f 3403 3402 3462
f 3403 3462 3461
f 3755 3417 3420
f 3755 3420 3459
f 3756 3757 3460
f 3756 3460 3754
f 3758 3759 3451
f 3758 3451 3755
f 3426 3754 3460
f 3426 3460 3424
f 3760 3761 3340
f 3760 3340 3329
f 3762 3354 2384
f 3762 2384 2383
f 2110 2103 3369
f 2110 3369 3763
f 2383 3320 2111
f 2383 2111 2110
f 2110 3763 3762
f 2110 3762 2383
f 3329 3330 3764
f 3329 3764 3760
f 3464 3764 3330
f 3464 3330 3765
f 2660 3321 2388
f 2660 2388 2387
f 3754 3466 3766
f 3754 3766 3756
f 2387 3454 3406
f 2387 3406 2660
f 3466 3464 3765
f 3466 3765 3396
f 3463 3767 3761
f 3463 3761 3760
f 3414 3422 3767
f 3414 3767 3463
f 3765 3330 2938
f 3765 2938 2937
f 2664 3396 3765
f 2664 3765 2937
f 2937 3322 2665
f 2937 2665 2664
f 3760 3764 3464
f 3760 3464 3463
f 3768 3409 3408
f 3768 3408 3769
f 3770 3771 3750
f 3770 3750 3746
f 3772 3770 3746
f 3772 3746 3745
f 3208 3773 3774
f 3208 3774 3213
f 3775 3291 3285
f 3775 3285 3776
f 3777 3207 3253
f 3777 3253 3778
f 3252 3779 3778
f 3252 3778 3253
f 3780 3284 3290
f 3780 3290 3781
f 3776 3285 3284
f 3776 3284 3780
f 3779 3252 3291
f 3779 3291 3775
f 3781 3290 3289
f 3781 3289 3782
f 3207 3777 3773
f 3207 3773 3208
f 3782 3289 3213
f 3782 3213 3774
f 3783 3781 3782
f 3783 3782 3784
f 3784 3782 3774
f 3784 3774 3785
f 3777 3786 3787
f 3777 3787 3773
f 3788 3775 3776
f 3788 3776 3789
f 3773 3787 3785
f 3773 3785 3774
f 3786 3777 3778
f 3786 3778 3790
f 3779 3791 3790
f 3779 3790 3778
f 3791 3779 3775
f 3791 3775 3788
f 3792 3780 3781
f 3792 3781 3783
f 3789 3776 3780
f 3789 3780 3792
f 3793 3792 3783
f 3793 3783 3794
f 3795 3789 3792
f 3795 3792 3793
f 3794 3783 3784
f 3794 3784 3796
f 3796 3784 3785
f 3796 3785 3797
f 3786 3798 3799
f 3786 3799 3787
f 3800 3788 3789
f 3800 3789 3795
f 3787 3799 3797
f 3787 3797 3785
f 3798 3786 3790
f 3798 3790 3801
f 3791 3802 3801
f 3791 3801 3790
f 3802 3791 3788
f 3802 3788 3800
f 3803 3798 3801
f 3803 3801 3804
f 3802 3805 3804
f 3802 3804 3801
f 3805 3802 3800
f 3805 3800 3806
f 3807 3793 3794
f 3807 3794 3808
f 3809 3795 3793
f 3809 3793 3807
f 3808 3794 3796
f 3808 3796 3810
f 3810 3796 3797
f 3810 3797 3811
f 3798 3803 3812
f 3798 3812 3799
f 3806 3800 3795
f 3806 3795 3809
f 3799 3812 3811
f 3799 3811 3797
f 3803 3813 3814
f 3803 3814 3812
f 3815 3806 3809
f 3815 3809 3816
f 3812 3814 3817
f 3812 3817 3811
f 3813 3803 3804
f 3813 3804 3818
f 3805 3819 3818
f 3805 3818 3804
f 3819 3805 3806
f 3819 3806 3815
f 3820 3807 3808
f 3820 3808 3821
f 3816 3809 3807
f 3816 3807 3820
f 3821 3808 3810
f 3821 3810 3822
f 3822 3810 3811
f 3822 3811 3817
f 3823 3821 3822
f 3823 3822 3824
f 3824 3822 3817
f 3824 3817 3825
f 3813 3826 3827
f 3813 3827 3814
f 3828 3815 3816
f 3828 3816 3829
f 3814 3827 3825
f 3814 3825 3817
f 3826 3813 3818
f 3826 3818 3830
f 3819 3831 3830
f 3819 3830 3818
f 3831 3819 3815
f 3831 3815 3828
f 3832 3820 3821
f 3832 3821 3823
f 3829 3816 3820
f 3829 3820 3832
f 3833 3834 3824
f 3833 3824 3825
f 3835 3833 3825
f 3835 3825 3827
f 3836 3837 3838
f 3836 3838 3839
f 3839 3838 3840
f 3839 3840 3841
f 3841 3840 3842
f 3841 3842 3843
f 3837 3844 3845
f 3837 3845 3838
f 3844 3846 3847
f 3844 3847 3845
f 3846 3848 3849
f 3846 3849 3847
f 3850 3851 3852
f 3850 3852 3853
f 3848 3854 3855
f 3848 3855 3849
f 3854 3856 3857
f 3854 3857 3855
f 3858 3859 3860
f 3858 3860 3857
f 3861 3858 3857
f 3861 3857 3856
f 2146 2111 3320
f 2146 3320 3470
f 2423 2388 3321
f 2423 3321 3473
f 3467 2146 3470
f 3467 3470 3469
f 3469 3352 3366
f 3469 3366 3467
f 3352 3351 3367
f 3352 3367 3366
f 3386 3367 3351
f 3386 3351 3382
f 3399 3398 3836
f 3399 3836 3862
f 3392 3410 3398
f 3392 3398 3390
f 3863 3835 3827
f 3863 3827 3826
f 3468 2423 3473
f 3468 3473 3472
f 3472 3362 3325
f 3472 3325 3468
f 2700 2665 3322
f 2700 3322 3475
f 3471 2700 3475
f 3471 3475 3474
f 3474 3358 3346
f 3474 3346 3471
f 3358 3357 3347
f 3358 3347 3346
f 3383 3347 3357
f 3383 3357 3376
f 3768 3400 3373
f 3768 3373 3864
f 3769 3412 3400
f 3769 3400 3768
f 3409 3768 3864
f 3409 3864 3385
f 3370 3864 3373
f 3370 3373 3372
f 3326 3325 3362
f 3326 3362 3361
f 3393 3381 3380
f 3393 3380 3394
f 3456 3865 3434
f 3456 3434 3433
f 3432 3431 3416
f 3432 3416 3415
f 3461 3452 3866
f 3461 3866 3867
f 3461 3867 3868
f 3461 3868 3403
f 3755 3459 3869
f 3755 3869 3758
f 3422 3379 3378
f 3422 3378 3767
f 3870 3863 3826
f 3870 3826 3830
f 3871 3872 3433
f 3871 3433 3428
f 3873 3437 3440
f 3873 3440 3874
f 3457 3456 3433
f 3457 3433 3872
f 3865 3456 3445
f 3865 3445 3875
f 3874 3440 3450
f 3874 3450 3876
f 3458 3441 3444
f 3458 3444 3877
f 3875 3445 3448
f 3875 3448 3455
f 3442 3441 3437
f 3442 3437 3873
f 3877 3444 3448
f 3877 3448 3447
f 3380 3878 3879
f 3380 3879 3394
f 3855 3857 3860
f 3855 3860 3880
f 3395 3394 3879
f 3395 3879 3407
f 3849 3855 3880
f 3849 3880 3881
f 3882 3870 3830
f 3882 3830 3831
f 3831 3828 3883
f 3831 3883 3882
f 3884 3883 3828
f 3884 3828 3829
f 3885 3884 3829
f 3885 3829 3832
f 3832 3823 3886
f 3832 3886 3885
f 3450 3853 3852
f 3450 3852 3876
f 3887 3888 3889
f 3887 3889 3890
f 3890 3891 3892
f 3890 3892 3887
f 3421 3893 3379
f 3421 3379 3422
f 3894 3895 3851
f 3894 3851 3850
f 3772 3896 3897
f 3772 3897 3898
f 3896 3899 3900
f 3896 3900 3897
f 3899 3901 3902
f 3899 3902 3900
f 3901 3903 3904
f 3901 3904 3902
f 3903 3905 3906
f 3903 3906 3904
f 3907 3732 3717
f 3907 3717 3908
f 3909 3908 3717
f 3909 3717 3701
f 3910 3911 3686
f 3910 3686 3670
f 3912 3913 980
f 3912 980 1645
f 3913 3914 979
f 3913 979 980
f 3914 3915 977
f 3914 977 979
f 3915 3916 978
f 3915 978 977
f 3916 3917 1139
f 3916 1139 978
f 3917 3918 973
f 3917 973 1139
f 3918 3919 974
f 3918 974 973
f 3920 3919 958
f 3920 958 970
f 3920 3921 834
f 3920 834 985
f 3922 3921 957
f 3922 957 955
f 3922 3923 971
f 3922 971 835
f 3924 3923 956
f 3924 956 1134
f 282 285 356
f 282 356 355
f 3925 356 285
f 3925 285 302
f 3926 3927 758
f 3926 758 423
f 3928 3926 423
f 3928 423 398
f 3929 3930 397
f 3929 397 457
f 3931 3929 457
f 3931 457 456
f 3932 3931 456
f 3932 456 474
f 3932 3933 451
f 3932 451 448
f 3934 3933 475
f 3934 475 461
f 3935 3934 461
f 3935 461 460
f 3936 3935 460
f 3936 460 564
f 3936 3937 587
f 3936 587 557
f 3938 3937 579
f 3938 579 598
f 3939 3938 598
f 3939 598 616
f 3939 3940 637
f 3939 637 608
f 3940 3941 663
f 3940 663 637
f 3942 3941 653
f 3942 653 675
f 3943 3942 675
f 3943 675 695
f 3943 3944 717
f 3943 717 687
f 3944 3945 725
f 3944 725 717
f 3945 3946 743
f 3945 743 725
f 3947 3946 731
f 3947 731 738
f 3947 3948 724
f 3947 724 742
f 3948 3949 716
f 3948 716 724
f 3950 3949 710
f 3950 710 697
f 3950 3951 666
f 3950 666 686
f 3952 3951 677
f 3952 677 656
f 3953 3952 656
f 3953 656 625
f 3953 3954 607
f 3953 607 636
f 3954 3955 589
f 3954 589 607
f 3956 3955 600
f 3956 600 582
f 3957 3956 582
f 3957 582 561
f 3957 3958 453
f 3957 453 556
f 3959 3958 468
f 3959 468 467
f 3960 3959 467
f 3960 467 466
f 3961 3960 466
f 3961 466 465
f 3961 3962 443
f 3961 443 447
f 3963 3962 464
f 3963 464 463
f 3963 3964 472
f 3963 472 444
f 3965 3966 757
f 3965 757 469
f 3966 3967 754
f 3966 754 757
f 360 3968 3925
f 360 3925 302
f 360 361 3969
f 360 3969 3968
f 3970 3912 1645
f 3970 1645 1707
f 3970 3971 1665
f 3970 1665 1711
f 3972 3971 1549
f 3972 1549 1548
f 3973 3972 1548
f 3973 1548 1550
f 3974 3973 1550
f 3974 1550 1551
f 3975 3974 1551
f 3975 1551 1552
f 3975 3976 1567
f 3975 1567 1565
f 3977 3976 1553
f 3977 1553 1555
f 3977 3978 1570
f 3977 1570 1569
f 3978 3979 1573
f 3978 1573 1570
f 3980 3979 1556
f 3980 1556 1557
f 3980 3981 1577
f 3980 1577 1575
f 3981 3982 1893
f 3981 1893 1577
f 3982 3983 1909
f 3982 1909 1893
f 3984 3983 1902
f 3984 1902 1932
f 3984 3985 1940
f 3984 1940 1924
f 3985 3986 3483
f 3985 3483 1940
f 3905 3987 3988
f 3905 3988 3906
f 3987 3989 3990
f 3987 3990 3988
f 1669 964 3913
f 1669 3913 3912
f 964 963 3914
f 964 3914 3913
f 963 965 3915
f 963 3915 3914
f 965 823 3916
f 965 3916 3915
f 823 822 3917
f 823 3917 3916
f 822 959 3918
f 822 3918 3917
f 959 958 3919
f 959 3919 3918
f 985 974 3919
f 985 3919 3920
f 970 957 3921
f 970 3921 3920
f 835 834 3921
f 835 3921 3922
f 955 956 3923
f 955 3923 3922
f 3991 3992 359
f 3991 359 310
f 3993 3969 361
f 3993 361 364
f 3993 364 363
f 3993 363 3994
f 756 755 3927
f 756 3927 3926
f 470 756 3926
f 470 3926 3928
f 445 471 3930
f 445 3930 3929
f 446 445 3929
f 446 3929 3931
f 448 446 3931
f 448 3931 3932
f 474 475 3933
f 474 3933 3932
f 452 451 3933
f 452 3933 3934
f 454 452 3934
f 454 3934 3935
f 557 454 3935
f 557 3935 3936
f 564 579 3937
f 564 3937 3936
f 590 587 3937
f 590 3937 3938
f 608 590 3938
f 608 3938 3939
f 616 645 3940
f 616 3940 3939
f 645 653 3941
f 645 3941 3940
f 667 663 3941
f 667 3941 3942
f 687 667 3942
f 687 3942 3943
f 695 707 3944
f 695 3944 3943
f 707 730 3945
f 707 3945 3944
f 730 731 3946
f 730 3946 3945
f 742 743 3946
f 742 3946 3947
f 738 719 3948
f 738 3948 3947
f 719 710 3949
f 719 3949 3948
f 686 716 3949
f 686 3949 3950
f 697 677 3951
f 697 3951 3950
f 662 666 3951
f 662 3951 3952
f 636 662 3952
f 636 3952 3953
f 625 618 3954
f 625 3954 3953
f 618 600 3955
f 618 3955 3954
f 586 589 3955
f 586 3955 3956
f 556 586 3956
f 556 3956 3957
f 561 468 3958
f 561 3958 3957
f 449 453 3958
f 449 3958 3959
f 450 449 3959
f 450 3959 3960
f 447 450 3960
f 447 3960 3961
f 465 464 3962
f 465 3962 3961
f 444 443 3962
f 444 3962 3963
f 463 426 3964
f 463 3964 3963
f 391 390 3966
f 391 3966 3965
f 390 3995 3967
f 390 3967 3966
f 3996 3994 363
f 3996 363 366
f 3997 3998 3999
f 3997 3999 4000
f 3998 4001 4002
f 3998 4002 3999
f 4001 4003 4004
f 4001 4004 4002
f 4005 4006 4007
f 4005 4007 4008
f 4006 4009 4010
f 4006 4010 4007
f 4009 4011 4012
f 4009 4012 4010
f 4011 4013 4014
f 4011 4014 4012
f 4013 4015 4016
f 4013 4016 4014
f 4015 4017 4018
f 4015 4018 4016
f 1711 1669 3912
f 1711 3912 3970
f 1707 1549 3971
f 1707 3971 3970
f 1559 1665 3971
f 1559 3971 3972
f 1560 1559 3972
f 1560 3972 3973
f 1563 1560 3973
f 1563 3973 3974
f 1565 1563 3974
f 1565 3974 3975
f 1552 1553 3976
f 1552 3976 3975
f 1569 1567 3976
f 1569 3976 3977
f 1555 1554 3978
f 1555 3978 3977
f 1554 1556 3979
f 1554 3979 3978
f 1575 1573 3979
f 1575 3979 3980
f 1557 1558 3981
f 1557 3981 3980
f 1558 1889 3982
f 1558 3982 3981
f 1889 1902 3983
f 1889 3983 3982
f 1924 1909 3983
f 1924 3983 3984
f 1932 1950 3985
f 1932 3985 3984
f 1950 3493 3986
f 1950 3986 3985
f 3873 3874 4019
f 3873 4019 3898
f 3442 3873 3898
f 3442 3898 3897
f 3897 3900 3443
f 3897 3443 3442
f 3900 3902 3455
f 3900 3455 3443
f 3875 3455 3902
f 3875 3902 3904
f 3701 3686 3911
f 3701 3911 3909
f 3865 3875 3904
f 3865 3904 3906
f 3906 3988 3434
f 3906 3434 3865
f 4020 3989 3738
f 4020 3738 3737
f 3751 3750 4021
f 3751 4021 3907
f 3709 3727 3908
f 3709 3908 3909
f 1753 4022 4023
f 1753 4023 1754
f 1763 4024 4022
f 1763 4022 1753
f 1770 4025 4024
f 1770 4024 1763
f 1777 4026 4025
f 1777 4025 1770
f 1784 4027 4026
f 1784 4026 1777
f 1791 4028 4027
f 1791 4027 1784
f 1873 4029 4030
f 1873 4030 1813
f 1813 4030 4031
f 1813 4031 1799
f 1799 4031 4032
f 1799 4032 1800
f 1800 4032 4033
f 1800 4033 1874
f 1874 4033 4034
f 1874 4034 1875
f 1878 4035 4029
f 1878 4029 1873
f 1875 4034 4036
f 1875 4036 1886
f 1886 4036 4037
f 1886 4037 1911
f 1911 4037 4038
f 1911 4038 1926
f 1926 4038 4039
f 1926 4039 1942
f 3485 1942 4039
f 3485 4039 4040
f 3511 3485 4040
f 3511 4040 4041
f 3528 3511 4041
f 3528 4041 4042
f 3544 3528 4042
f 3544 4042 4043
f 3564 3544 4043
f 3564 4043 4044
f 3580 3564 4044
f 3580 4044 4045
f 3595 3580 4045
f 3595 4045 4046
f 3611 3595 4046
f 3611 4046 4047
f 3626 3611 4047
f 3626 4047 4048
f 3638 3626 4048
f 3638 4048 4049
f 3672 3638 4049
f 3672 4049 4050
f 3688 3672 4050
f 3688 4050 4051
f 3703 3688 4051
f 3703 4051 4052
f 3719 3703 4052
f 3719 4052 4053
f 3736 3719 4053
f 3736 4053 4054
f 4055 4020 3737
f 4055 3737 4056
f 3429 3434 3988
f 3429 3988 3990
f 3766 3466 3396
f 3766 3396 3324
f 3864 3370 3371
f 3864 3371 3385
f 4057 3336 3389
f 4057 3389 3388
f 3756 3766 3324
f 3756 3324 3323
f 3323 3368 3757
f 3323 3757 3756
f 3326 3372 3375
f 3326 3375 3327
f 3460 3757 3368
f 3460 3368 3406
f 3393 3376 3377
f 3393 3377 3381
f 3336 3339 3356
f 3336 3356 3389
f 3406 3454 3459
f 3406 3459 3460
f 3869 3459 3454
f 3869 3454 3363
f 3758 3869 3363
f 3758 3363 3353
f 3353 3354 3759
f 3353 3759 3758
f 3391 3382 3375
f 3391 3375 3374
f 3347 3383 3371
f 3347 3371 3348
f 3331 3333 3381
f 3331 3381 3377
f 3451 3759 3354
f 3451 3354 3762
f 3367 3386 3389
f 3367 3389 3356
f 3762 3763 3452
f 3762 3452 3451
f 3866 3452 3763
f 3866 3763 3369
f 3867 3866 3369
f 3867 3369 3364
f 3331 3377 3344
f 3331 3344 3343
f 3364 3335 3868
f 3364 3868 3867
f 3403 3868 3335
f 3403 3335 3334
f 3334 3350 3404
f 3334 3404 3403
f 3405 3404 4058
f 3405 4058 4059
f 4057 4060 4059
f 4057 4059 4058
f 3333 3365 3378
f 3333 3378 3381
f 3767 3378 3365
f 3767 3365 3341
f 3341 3340 3761
f 3341 3761 3767
f 3350 3359 4058
f 3350 4058 3404
f 3387 3386 3382
f 3387 3382 3391
f 3384 3383 3376
f 3384 3376 3393
f 3361 3370 3372
f 3361 3372 3326
f 3823 3824 3834
f 3823 3834 3886
f 4061 4062 3883
f 4061 3883 3884
f 4063 4061 3884
f 4063 3884 3885
f 3462 4064 3465
f 3462 3465 3453
f 3853 3450 3449
f 3853 3449 4065
f 3430 3429 3990
f 3430 3990 4066
f 3850 4063 3885
f 3850 3885 3886
f 3430 4066 4067
f 3430 4067 3888
f 4068 4064 3462
f 4068 3462 3402
f 4064 4068 4065
f 4064 4065 3449
f 4065 4068 4061
f 4065 4061 4063
f 3402 3405 4061
f 3402 4061 4068
f 3465 4064 3449
f 3465 3449 3439
f 3436 3465 3439
f 3436 3439 3438
f 3858 3861 3891
f 3858 3891 3890
f 3890 3889 3859
f 3890 3859 3858
f 4069 3888 4067
f 4069 4067 4070
f 4071 4069 4070
f 4071 4070 4072
f 4073 4071 4072
f 4073 4072 4074
f 4075 4073 4074
f 4075 4074 4076
f 4077 4075 4076
f 4077 4076 4078
f 3895 4077 4078
f 3895 4078 4079
f 3851 3895 4079
f 3851 4079 4080
f 3852 3851 4080
f 3852 4080 4081
f 4069 4082 3889
f 4069 3889 3888
f 3842 3895 3894
f 3842 3894 3843
f 4071 4083 4082
f 4071 4082 4069
f 3889 4082 3860
f 3889 3860 3859
f 3847 3849 3881
f 3847 3881 4084
f 4084 4085 3845
f 4084 3845 3847
f 3880 3860 4082
f 3880 4082 4083
f 4083 4086 3881
f 4083 3881 3880
f 4086 4087 4084
f 4086 4084 3881
f 4087 4088 4085
f 4087 4085 4084
f 4073 4086 4083
f 4073 4083 4071
f 4087 4086 4073
f 4087 4073 4075
f 4075 4077 4088
f 4075 4088 4087
f 3845 4085 3840
f 3845 3840 3838
f 4085 4088 3842
f 4085 3842 3840
f 3842 4088 4077
f 3842 4077 3895
f 3379 3893 3878
f 3379 3878 3380
f 3418 3436 3438
f 3418 3438 3458
f 3458 3877 3419
f 3458 3419 3418
f 3877 3447 3423
f 3877 3423 3419
f 3425 3423 3447
f 3425 3447 3446
f 3431 3425 3446
f 3431 3446 3457
f 3416 3431 3457
f 3416 3457 3872
f 3413 3416 3872
f 3413 3872 3871
f 3878 3893 3892
f 3878 3892 3891
f 3891 3861 3879
f 3891 3879 3878
f 3407 3879 3861
f 3407 3861 3856
f 3856 3854 3408
f 3856 3408 3407
f 3769 3408 3854
f 3769 3854 3848
f 3848 3846 3412
f 3848 3412 3769
f 3846 3844 3411
f 3846 3411 3412
f 3410 3411 3844
f 3410 3844 3837
f 3837 3836 3398
f 3837 3398 3410
f 4057 4058 3359
f 4057 3359 3336
f 3397 3399 4059
f 3397 4059 4060
f 4057 3388 3397
f 4057 3397 4060
f 3405 4059 4062
f 3405 4062 4061
f 4022 1755 1758
f 4022 1758 4023
f 4024 1764 1755
f 4024 1755 4022
f 4025 1771 1764
f 4025 1764 4024
f 4026 1778 1771
f 4026 1771 4025
f 4027 1785 1778
f 4027 1778 4026
f 4028 1792 1785
f 4028 1785 4027
f 4029 1817 1818
f 4029 1818 4030
f 4030 1818 1830
f 4030 1830 4031
f 4031 1830 1840
f 4031 1840 4032
f 4032 1840 1855
f 4032 1855 4033
f 4033 1855 1865
f 4033 1865 4034
f 4035 1876 1817
f 4035 1817 4029
f 4034 1865 1895
f 4034 1895 4036
f 4036 1895 1913
f 4036 1913 4037
f 4037 1913 1929
f 4037 1929 4038
f 4038 1929 1945
f 4038 1945 4039
f 3887 3427 3430
f 3887 3430 3888
f 4040 4039 1945
f 4040 1945 3487
f 4041 4040 3487
f 4041 3487 3498
f 4042 4041 3498
f 4042 3498 3512
f 4043 4042 3512
f 4043 3512 3546
f 4044 4043 3546
f 4044 3546 3548
f 4045 4044 3548
f 4045 3548 3582
f 4046 4045 3582
f 4046 3582 3597
f 4047 4046 3597
f 4047 3597 3613
f 4048 4047 3613
f 4048 3613 3629
f 4049 4048 3629
f 4049 3629 3643
f 4050 4049 3643
f 4050 3643 3656
f 4051 4050 3656
f 4051 3656 3690
f 4052 4051 3690
f 4052 3690 3705
f 4053 4052 3705
f 4053 3705 3721
f 4054 4053 3721
f 4054 3721 3742
f 3876 3852 4081
f 3876 4081 4089
f 3874 3876 4089
f 3874 4089 4019
f 3893 3421 4090
f 3893 4090 3892
f 3887 3892 4090
f 3887 4090 3427
f 3871 4090 3421
f 3871 3421 3413
f 3427 4090 3871
f 3427 3871 3428
f 4091 4092 3655
f 4091 3655 3624
f 4091 4093 3619
f 4091 3619 3635
f 4094 4093 3609
f 4094 3609 3593
f 4094 4095 3571
f 4094 3571 3601
f 4096 4095 3578
f 4096 3578 3562
f 4097 4096 3562
f 4097 3562 3542
f 4098 4097 3542
f 4098 3542 3526
f 4099 4098 3526
f 4099 3526 3510
f 3635 3651 4092
f 3635 4092 4091
f 3624 3609 4093
f 3624 4093 4091
f 3601 3619 4093
f 3601 4093 4094
f 3593 3578 4095
f 3593 4095 4094
f 3556 3571 4095
f 3556 4095 4096
f 3535 3556 4096
f 3535 4096 4097
f 3520 3535 4097
f 3520 4097 4098
f 3506 3520 4098
f 3506 4098 4099
f 4092 3910 3670
f 4092 3670 3655
f 3909 3911 3679
f 3909 3679 3709
f 3986 4099 3510
f 3986 3510 3483
f 3651 3664 3910
f 3651 3910 4092
f 3493 3506 4099
f 3493 4099 3986
f 3664 3679 3911
f 3664 3911 3910
f 4063 3850 3853
f 4063 3853 4065
f 3882 3883 4062
f 3882 4062 3862
f 3862 3836 3870
f 3862 3870 3882
f 3836 3839 3863
f 3836 3863 3870
f 3839 3841 3835
f 3839 3835 3863
f 3841 3843 3833
f 3841 3833 3835
f 3843 3894 3834
f 3843 3834 3833
f 3894 3850 3886
f 3894 3886 3834
f 4100 4101 3733
f 4100 3733 4021
f 4101 4102 3734
f 4101 3734 3733
f 4102 4103 3740
f 4102 3740 3734
f 4104 4103 4078
f 4104 4078 4076
f 4105 4104 4076
f 4105 4076 4074
f 4106 4105 4074
f 4106 4074 4072
f 4107 4106 4072
f 4107 4072 4070
f 4107 4055 4056
f 4107 4056 4108
f 3771 4100 4021
f 3771 4021 3750
f 4109 3728 3729
f 4109 3729 4110
f 4111 3730 3731
f 4111 3731 4112
f 3717 3732 3735
f 3717 3735 3718
f 3719 3736 3739
f 3719 3739 3720
f 4112 3731 3739
f 4112 3739 3738
f 3718 3735 3741
f 3718 3741 3711
f 4108 3742 3743
f 4108 3743 4113
f 3745 3744 3728
f 3745 3728 4109
f 3723 3744 3747
f 3723 3747 3724
f 4113 3743 3748
f 4113 3748 4114
f 4110 3729 3749
f 4110 3749 4115
f 3724 3747 3751
f 3724 3751 3727
f 4114 3748 3752
f 4114 3752 4116
f 4115 3749 3753
f 4115 3753 4117
f 4116 3752 3741
f 4116 3741 3740
f 4117 3753 3730
f 4117 3730 4111
f 4021 3733 3732
f 4021 3732 3907
f 3727 3751 3907
f 3727 3907 3908
f 3737 3736 4054
f 3737 4054 4056
f 4056 4054 3742
f 4056 3742 4108
f 4067 4066 4020
f 4067 4020 4055
f 3745 4109 3896
f 3745 3896 3772
f 4114 4116 4104
f 4114 4104 4105
f 3898 4019 3770
f 3898 3770 3772
f 4079 4078 4103
f 4079 4103 4102
f 4019 4089 3771
f 4019 3771 3770
f 4112 3738 3989
f 4112 3989 3987
f 4089 4081 4100
f 4089 4100 3771
f 4115 4117 3903
f 4115 3903 3901
f 4111 4112 3987
f 4111 3987 3905
f 4080 4079 4102
f 4080 4102 4101
f 4108 4113 4106
f 4108 4106 4107
f 4110 4115 3901
f 4110 3901 3899
f 4117 4111 3905
f 4117 3905 3903
f 4070 4067 4055
f 4070 4055 4107
f 4116 3740 4103
f 4116 4103 4104
f 4109 4110 3899
f 4109 3899 3896
f 4066 3990 3989
f 4066 3989 4020
f 4113 4114 4105
f 4113 4105 4106
f 4081 4080 4101
f 4081 4101 4100
f 4059 3399 3862
f 4059 3862 4062
f 1776 4118 4119
f 1776 4119 1769
f 1809 4120 4121
f 1809 4121 1810
f 1769 4119 4122
f 1769 4122 1762
f 1639 4123 2087
f 1639 2087 1637
f 1823 4124 4125
f 1823 4125 1877
f 1640 4126 4123
f 1640 4123 1639
f 1810 4121 4124
f 1810 4124 1823
f 1762 4122 4127
f 1762 4127 1750
f 1877 4125 4126
f 1877 4126 1640
f 1790 4128 4129
f 1790 4129 1783
f 1750 4127 4130
f 1750 4130 1751
f 1783 4129 4118
f 1783 4118 1776
f 4129 4131 4132
f 4129 4132 4118
f 4126 4133 4134
f 4126 4134 4123
f 4128 4135 4131
f 4128 4131 4129
f 4127 4136 4137
f 4127 4137 4130
f 4120 4138 4139
f 4120 4139 4121
f 4122 4140 4136
f 4122 4136 4127
f 4121 4139 4141
f 4121 4141 4124
f 4119 4142 4140
f 4119 4140 4122
f 4124 4141 4143
f 4124 4143 4125
f 4118 4132 4142
f 4118 4142 4119
f 4123 4134 4144
f 4123 4144 2087
f 4125 4143 4133
f 4125 4133 4126
f 4143 4145 4146
f 4143 4146 4133
f 4131 4147 4148
f 4131 4148 4132
f 4133 4146 4149
f 4133 4149 4134
f 4135 4150 4147
f 4135 4147 4131
f 4136 4151 4152
f 4136 4152 4137
f 4138 4153 4154
f 4138 4154 4139
f 4140 4155 4151
f 4140 4151 4136
f 4139 4154 4156
f 4139 4156 4141
f 4142 4157 4155
f 4142 4155 4140
f 4141 4156 4145
f 4141 4145 4143
f 4132 4148 4157
f 4132 4157 4142
f 4134 4149 4158
f 4134 4158 4144
f 4145 4159 4160
f 4145 4160 4146
f 4147 4161 4162
f 4147 4162 4148
f 4146 4160 4163
f 4146 4163 4149
f 4150 4164 4161
f 4150 4161 4147
f 4151 4165 4166
f 4151 4166 4152
f 4153 4167 4168
f 4153 4168 4154
f 4155 4169 4165
f 4155 4165 4151
f 4154 4168 4170
f 4154 4170 4156
f 4157 4171 4169
f 4157 4169 4155
f 4156 4170 4159
f 4156 4159 4145
f 4148 4162 4171
f 4148 4171 4157
f 4149 4163 4172
f 4149 4172 4158
f 4159 4173 4174
f 4159 4174 4160
f 4161 4175 4176
f 4161 4176 4162
f 4160 4174 4177
f 4160 4177 4163
f 4164 4178 4175
f 4164 4175 4161
f 4165 4179 4180
f 4165 4180 4166
f 4167 4181 4182
f 4167 4182 4168
f 4169 4183 4179
f 4169 4179 4165
f 4168 4182 4184
f 4168 4184 4170
f 4171 4185 4183
f 4171 4183 4169
f 4170 4184 4173
f 4170 4173 4159
f 4162 4176 4185
f 4162 4185 4171
f 4163 4177 4186
f 4163 4186 4172
f 4173 4187 4188
f 4173 4188 4174
f 4175 4189 4190
f 4175 4190 4176
f 4174 4188 4191
f 4174 4191 4177
f 4178 4192 4189
f 4178 4189 4175
f 4179 4193 4194
f 4179 4194 4180
f 4181 4195 4196
f 4181 4196 4182
f 4183 4197 4193
f 4183 4193 4179
f 4182 4196 4198
f 4182 4198 4184
f 4185 4199 4197
f 4185 4197 4183
f 4184 4198 4187
f 4184 4187 4173
f 4176 4190 4199
f 4176 4199 4185
f 4177 4191 4200
f 4177 4200 4186
f 4191 4201 4202
f 4191 4202 4200
f 4187 4203 4204
f 4187 4204 4188
f 4189 4205 4206
f 4189 4206 4190
f 4188 4204 4201
f 4188 4201 4191
f 4192 4207 4205
f 4192 4205 4189
f 4193 4208 4209
f 4193 4209 4194
f 4195 4210 4211
f 4195 4211 4196
f 4197 4212 4208
f 4197 4208 4193
f 4196 4211 4213
f 4196 4213 4198
f 4199 4214 4212
f 4199 4212 4197
f 4198 4213 4203
f 4198 4203 4187
f 4190 4206 4214
f 4190 4214 4199
f 4206 4215 4216
f 4206 4216 4214
f 4201 4217 4218
f 4201 4218 4202
f 4203 4219 4220
f 4203 4220 4204
f 4205 4221 4215
f 4205 4215 4206
f 4204 4220 4217
f 4204 4217 4201
f 4207 4222 4221
f 4207 4221 4205
f 4208 4223 4224
f 4208 4224 4209
f 4210 4225 4226
f 4210 4226 4211
f 4212 4227 4223
f 4212 4223 4208
f 4211 4226 4228
f 4211 4228 4213
f 4214 4216 4227
f 4214 4227 4212
f 4213 4228 4219
f 4213 4219 4203
f 4229 4230 4231
f 4229 4231 4232
f 4215 4233 4234
f 4215 4234 4216
f 4235 4236 4237
f 4235 4237 4238
f 4232 4231 4239
f 4232 4239 4240
f 4221 4241 4233
f 4221 4233 4215
f 4240 4239 4236
f 4240 4236 4235
f 4222 4242 4241
f 4222 4241 4221
f 4223 4243 4244
f 4223 4244 4224
f 4227 4245 4243
f 4227 4243 4223
f 4216 4234 4245
f 4216 4245 4227
f 4230 4246 4247
f 4230 4247 4231
f 4248 4249 4250
f 4248 4250 4251
f 4236 4252 4253
f 4236 4253 4237
f 4231 4247 4254
f 4231 4254 4239
f 4255 4256 4249
f 4255 4249 4248
f 4239 4254 4252
f 4239 4252 4236
f 4257 4258 4256
f 4257 4256 4255
f 1744 1734 1748
f 1744 1748 1797
f 4259 4260 4261
f 4259 4261 4262
f 4263 4264 4260
f 4263 4260 4259
f 4251 4250 4264
f 4251 4264 4263
f 2088 2077 1636
f 2088 1636 1638
f 2074 2077 2088
f 2074 2088 4265
f 2087 4144 4265
f 2087 4265 2088
f 4144 4158 4266
f 4144 4266 4265
f 2070 2074 4265
f 2070 4265 4266
f 4267 4268 4269
f 4267 4269 4270
f 4200 4202 4267
f 4200 4267 4271
f 4267 4270 4272
f 4267 4272 4271
f 4186 4200 4271
f 4186 4271 4273
f 4274 4275 4276
f 4274 4276 4277
f 4271 4272 4278
f 4271 4278 4273
f 4277 4276 4279
f 4277 4279 4280
f 2065 4281 4282
f 2065 4282 2066
f 4283 4284 4275
f 4283 4275 4274
f 4172 4186 4273
f 4172 4273 4285
f 4286 4287 4288
f 4286 4288 4289
f 4281 4290 4291
f 4281 4291 4282
f 4273 4278 2068
f 4273 2068 4285
f 4289 4288 4292
f 4289 4292 4293
f 4294 4295 4287
f 4294 4287 4286
f 4296 4286 4289
f 4296 4289 4297
f 4297 4289 4293
f 4297 4293 4298
f 4299 4294 4286
f 4299 4286 4296
f 4290 4300 4301
f 4290 4301 4291
f 4158 4172 4285
f 4158 4285 4266
f 4302 4299 4296
f 4302 4296 4303
f 4304 4297 4298
f 4304 4298 4305
f 4303 4296 4297
f 4303 4297 4304
f 4300 4306 4307
f 4300 4307 4301
f 2068 2070 4266
f 2068 4266 4285
f 2078 4302 4303
f 2078 4303 2075
f 2082 4304 4305
f 2082 4305 2086
f 2075 4303 4304
f 2075 4304 2082
f 4308 4309 4310
f 4308 4310 4311
f 2065 2068 4278
f 2065 4278 4281
f 4290 4281 4278
f 4290 4278 4272
f 4300 4290 4272
f 4300 4272 4270
f 4300 4270 4269
f 4300 4269 4306
f 4308 4312 4313
f 4308 4313 4309
f 4202 4218 4268
f 4202 4268 4267
f 4314 4315 4313
f 4314 4313 4312
f 4238 4237 4315
f 4238 4315 4314
f 2078 2066 4282
f 2078 4282 4302
f 4282 4291 4299
f 4282 4299 4302
f 4294 4299 4291
f 4294 4291 4301
f 4295 4294 4301
f 4295 4301 4307
f 4283 4295 4307
f 4283 4307 4311
f 4316 4229 4228
f 4316 4228 4226
f 4317 4316 4226
f 4317 4226 4225
f 4318 4319 4320
f 4318 4320 4321
f 4322 4323 4319
f 4322 4319 4318
f 4324 4325 4323
f 4324 4323 4322
f 4326 4327 4325
f 4326 4325 4324
f 4319 4328 4329
f 4319 4329 4320
f 4323 4330 4328
f 4323 4328 4319
f 4325 4331 4330
f 4325 4330 4323
f 4327 4332 4331
f 4327 4331 4325
f 4329 4328 4330
f 4329 4330 4333
f 4330 4331 4332
f 4330 4332 4333
f 4318 4321 4279
f 4318 4279 4276
f 4310 4334 4335
f 4310 4335 4284
f 4309 4336 4334
f 4309 4334 4310
f 4315 4337 4338
f 4315 4338 4313
f 4313 4338 4336
f 4313 4336 4309
f 4284 4335 4339
f 4284 4339 4275
f 4237 4253 4337
f 4237 4337 4315
f 4276 4275 4339
f 4276 4339 4318
f 4336 4340 4341
f 4336 4341 4334
f 4338 4342 4340
f 4338 4340 4336
f 4246 4343 4344
f 4246 4344 4247
f 4337 4345 4342
f 4337 4342 4338
f 4247 4344 4346
f 4247 4346 4254
f 4334 4341 4347
f 4334 4347 4335
f 4253 4348 4345
f 4253 4345 4337
f 4252 4349 4348
f 4252 4348 4253
f 4254 4346 4349
f 4254 4349 4252
f 4335 4347 4350
f 4335 4350 4339
f 4339 4350 4322
f 4339 4322 4318
f 4228 4229 4232
f 4228 4232 4219
f 4217 4235 4238
f 4217 4238 4218
f 4219 4232 4240
f 4219 4240 4220
f 4220 4240 4235
f 4220 4235 4217
f 4233 4248 4251
f 4233 4251 4234
f 4241 4255 4248
f 4241 4248 4233
f 4242 4257 4255
f 4242 4255 4241
f 4243 4259 4262
f 4243 4262 4244
f 4245 4263 4259
f 4245 4259 4243
f 4234 4251 4263
f 4234 4263 4245
f 4287 4274 4277
f 4287 4277 4288
f 4288 4277 4280
f 4288 4280 4292
f 4295 4283 4274
f 4295 4274 4287
f 4306 4308 4311
f 4306 4311 4307
f 4306 4269 4312
f 4306 4312 4308
f 4268 4314 4312
f 4268 4312 4269
f 4218 4238 4314
f 4218 4314 4268
f 4284 4283 4311
f 4284 4311 4310
f 4351 4230 4229
f 4351 4229 4316
f 4352 4351 4316
f 4352 4316 4317
f 4348 4353 4354
f 4348 4354 4345
f 4342 4355 4356
f 4342 4356 4340
f 4346 4357 4358
f 4346 4358 4349
f 4347 4359 4360
f 4347 4360 4350
f 4350 4360 4324
f 4350 4324 4322
f 4340 4356 4361
f 4340 4361 4341
f 4343 4362 4363
f 4343 4363 4344
f 4345 4354 4355
f 4345 4355 4342
f 4341 4361 4359
f 4341 4359 4347
f 4349 4358 4353
f 4349 4353 4348
f 4344 4363 4357
f 4344 4357 4346
f 4362 4343 4364
f 4362 4364 4365
f 4343 4246 4366
f 4343 4366 4364
f 4246 4230 4351
f 4246 4351 4366
f 4352 4367 4366
f 4352 4366 4351
f 4256 4368 4369
f 4256 4369 4249
f 4260 4370 4371
f 4260 4371 4261
f 4249 4369 4372
f 4249 4372 4250
f 4250 4372 4373
f 4250 4373 4264
f 4258 4374 4368
f 4258 4368 4256
f 4264 4373 4370
f 4264 4370 4260
f 4373 4375 4376
f 4373 4376 4370
f 4368 4377 4378
f 4368 4378 4369
f 4370 4376 4379
f 4370 4379 4371
f 4369 4378 4380
f 4369 4380 4372
f 4372 4380 4375
f 4372 4375 4373
f 4374 4381 4377
f 4374 4377 4368
f 4367 4382 4364
f 4367 4364 4366
f 4382 4383 4365
f 4382 4365 4364
f 4384 4385 4386
f 4384 4386 4387
f 4388 4389 4390
f 4388 4390 4391
f 4392 4393 4389
f 4392 4389 4388
f 4394 4395 4393
f 4394 4393 4392
f 4396 4397 4395
f 4396 4395 4394
f 4398 4399 4400
f 4398 4400 4401
f 4387 4386 4397
f 4387 4397 4396
f 4399 4402 4403
f 4399 4403 4400
f 4404 4405 4406
f 4404 4406 4407
f 4408 4409 4405
f 4408 4405 4404
f 4410 4411 4409
f 4410 4409 4408
f 4412 4413 4411
f 4412 4411 4410
f 4414 4415 4413
f 4414 4413 4412
f 4416 4417 4415
f 4416 4415 4414
f 4405 4418 4419
f 4405 4419 4406
f 4409 4420 4418
f 4409 4418 4405
f 4421 4422 4423
f 4421 4423 4424
f 4411 4425 4420
f 4411 4420 4409
f 4413 4426 4425
f 4413 4425 4411
f 4415 4427 4426
f 4415 4426 4413
f 4417 4428 4427
f 4417 4427 4415
f 4428 4429 4430
f 4428 4430 4427
f 4418 4431 4432
f 4418 4432 4419
f 4420 4433 4431
f 4420 4431 4418
f 4422 4434 4435
f 4422 4435 4423
f 4425 4436 4433
f 4425 4433 4420
f 4426 4437 4436
f 4426 4436 4425
f 4427 4430 4437
f 4427 4437 4426
f 4429 4438 4439
f 4429 4439 4430
f 4431 4440 4441
f 4431 4441 4432
f 4433 4442 4440
f 4433 4440 4431
f 4434 4443 4444
f 4434 4444 4435
f 4436 4445 4442
f 4436 4442 4433
f 4437 4446 4445
f 4437 4445 4436
f 4430 4439 4446
f 4430 4446 4437
f 4442 4447 4448
f 4442 4448 4440
f 4443 4449 4450
f 4443 4450 4444
f 4445 4451 4447
f 4445 4447 4442
f 4446 4452 4451
f 4446 4451 4445
f 4439 4453 4452
f 4439 4452 4446
f 4438 4454 4453
f 4438 4453 4439
f 4440 4448 4455
f 4440 4455 4441
f 4448 4456 4457
f 4448 4457 4455
f 4449 4458 4459
f 4449 4459 4450
f 4452 4460 4461
f 4452 4461 4451
f 4453 4462 4460
f 4453 4460 4452
f 4454 4463 4462
f 4454 4462 4453
f 4464 4465 4466
f 4464 4466 4467
f 4468 4469 4470
f 4468 4470 4471
f 4467 4466 4472
f 4467 4472 4473
f 4473 4472 4469
f 4473 4469 4468
f 4474 4475 4465
f 4474 4465 4464
f 4475 4476 4477
f 4475 4477 4465
f 4465 4477 4478
f 4465 4478 4466
f 4469 4479 4480
f 4469 4480 4470
f 4466 4478 4481
f 4466 4481 4472
f 4472 4481 4479
f 4472 4479 4469
f 4482 4483 4484
f 4482 4484 4485
f 4485 4484 4486
f 4485 4486 4487
f 4488 4489 4490
f 4488 4490 4491
f 4487 4486 4492
f 4487 4492 4493
f 4493 4492 4489
f 4493 4489 4488
f 4483 4494 4495
f 4483 4495 4484
f 4484 4495 4496
f 4484 4496 4486
f 4489 4497 4498
f 4489 4498 4490
f 4486 4496 4499
f 4486 4499 4492
f 4492 4499 4497
f 4492 4497 4489
f 4494 4500 4501
f 4494 4501 4495
f 4495 4501 4502
f 4495 4502 4496
f 4497 4503 4504
f 4497 4504 4498
f 4496 4502 4505
f 4496 4505 4499
f 4499 4505 4503
f 4499 4503 4497
f 4500 4506 4507
f 4500 4507 4501
f 4501 4507 4508
f 4501 4508 4502
f 4503 4509 4510
f 4503 4510 4504
f 4502 4508 4511
f 4502 4511 4505
f 4505 4511 4509
f 4505 4509 4503
f 4506 4512 4513
f 4506 4513 4507
f 4507 4513 4514
f 4507 4514 4508
f 4515 4516 4517
f 4515 4517 4518
f 4508 4514 4519
f 4508 4519 4511
f 4520 4521 4522
f 4520 4522 4523
f 4474 4401 4400
f 4474 4400 4475
f 4400 4403 4476
f 4400 4476 4475
f 4424 4423 4483
f 4424 4483 4482
f 4423 4435 4494
f 4423 4494 4483
f 4435 4444 4500
f 4435 4500 4494
f 4444 4450 4506
f 4444 4506 4500
f 4450 4459 4512
f 4450 4512 4506
f 4524 4525 4526
f 4524 4526 4527
f 4528 4529 4530
f 4528 4530 4531
f 4531 4530 4532
f 4531 4532 4533
f 4533 4532 4524
f 4533 4524 4534
f 4535 4536 4529
f 4535 4529 4528
f 4536 4537 4538
f 4536 4538 4529
f 4530 4539 4540
f 4530 4540 4532
f 4529 4538 4539
f 4529 4539 4530
f 4527 4526 4541
f 4527 4541 4542
f 4532 4540 4525
f 4532 4525 4524
f 4543 4544 4545
f 4543 4545 4546
f 4547 4548 4549
f 4547 4549 4550
f 4546 4545 4548
f 4546 4548 4547
f 4551 4552 4553
f 4551 4553 4554
f 4550 4549 4555
f 4550 4555 4556
f 4544 4557 4558
f 4544 4558 4545
f 4548 4559 4560
f 4548 4560 4549
f 4545 4558 4559
f 4545 4559 4548
f 4552 4561 4562
f 4552 4562 4553
f 4549 4560 4563
f 4549 4563 4555
f 4557 4564 4565
f 4557 4565 4558
f 4559 4566 4567
f 4559 4567 4560
f 4558 4565 4566
f 4558 4566 4559
f 4561 4568 4569
f 4561 4569 4562
f 4560 4567 4570
f 4560 4570 4563
f 4564 4571 4572
f 4564 4572 4565
f 4565 4572 4573
f 4565 4573 4566
f 4556 4555 4552
f 4556 4552 4551
f 4555 4563 4561
f 4555 4561 4552
f 4563 4570 4568
f 4563 4568 4561
f 4574 4575 4576
f 4574 4576 4577
f 4574 4578 4579
f 4574 4579 4575
f 4578 4580 4581
f 4578 4581 4579
f 4582 4534 4524
f 4582 4524 4527
f 4527 4542 4583
f 4527 4583 4582
f 4584 4384 4387
f 4584 4387 4585
f 4586 4388 4391
f 4586 4391 4587
f 4588 4392 4388
f 4588 4388 4586
f 4589 4394 4392
f 4589 4392 4588
f 1797 1748 1825
f 1797 1825 1811
f 4590 4396 4394
f 4590 4394 4589
f 4585 4387 4396
f 4585 4396 4590
f 4490 4498 4557
f 4490 4557 4544
f 4470 4480 4537
f 4470 4537 4536
f 4471 4470 4536
f 4471 4536 4535
f 4504 4510 4571
f 4504 4571 4564
f 4491 4490 4544
f 4491 4544 4543
f 4498 4504 4564
f 4498 4564 4557
f 1748 1747 1827
f 1748 1827 1825
f 1747 1754 1878
f 1747 1878 1827
f 4035 1878 1754
f 4035 1754 4023
f 1876 4035 4023
f 1876 4023 1758
f 1758 1757 1804
f 1758 1804 1876
f 1757 1752 1805
f 1757 1805 1804
f 1752 1751 1809
f 1752 1809 1805
f 4120 1809 1751
f 4120 1751 4130
f 4130 4137 4138
f 4130 4138 4120
f 4137 4152 4153
f 4137 4153 4138
f 4152 4166 4167
f 4152 4167 4153
f 4166 4180 4181
f 4166 4181 4167
f 4180 4194 4195
f 4180 4195 4181
f 4194 4209 4210
f 4194 4210 4195
f 4209 4224 4225
f 4209 4225 4210
f 4317 4225 4224
f 4317 4224 4244
f 4244 4262 4352
f 4244 4352 4317
f 4262 4261 4367
f 4262 4367 4352
f 4261 4371 4382
f 4261 4382 4367
f 4371 4379 4383
f 4371 4383 4382
f 4587 4391 4399
f 4587 4399 4398
f 4391 4390 4402
f 4391 4402 4399
f 4407 4406 4422
f 4407 4422 4421
f 4406 4419 4434
f 4406 4434 4422
f 4419 4432 4443
f 4419 4443 4434
f 4432 4441 4449
f 4432 4449 4443
f 4458 4449 4441
f 4458 4441 4455
f 4567 4566 4573
f 4567 4573 4591
f 4592 4514 4513
f 4592 4513 4593
f 4512 4594 4593
f 4512 4593 4513
f 4459 4595 4594
f 4459 4594 4512
f 4515 4573 4572
f 4515 4572 4596
f 4514 4592 4597
f 4514 4597 4519
f 4595 4459 4458
f 4595 4458 4598
f 4573 4515 4518
f 4573 4518 4591
f 4510 4520 4523
f 4510 4523 4571
f 4596 4572 4571
f 4596 4571 4523
f 4455 4457 4598
f 4455 4598 4458
f 4599 4600 4581
f 4599 4581 4601
f 4601 4581 4580
f 4601 4580 4602
f 4603 4596 4523
f 4603 4523 4522
f 4516 4515 4596
f 4516 4596 4603
f 4604 4601 4602
f 4604 4602 4605
f 4606 4599 4601
f 4606 4601 4604
f 4607 4604 4605
f 4607 4605 4608
f 4609 4606 4604
f 4609 4604 4607
f 4521 4520 4610
f 4521 4610 4611
f 4610 4520 4510
f 4610 4510 4509
f 4509 4511 4519
f 4509 4519 4610
f 4611 4610 4519
f 4611 4519 4597
f 4461 4612 4447
f 4461 4447 4451
f 4612 4613 4448
f 4612 4448 4447
f 4613 4614 4456
f 4613 4456 4448
f 4615 4609 4607
f 4615 4607 4616
f 4617 4603 4522
f 4617 4522 4618
f 4457 4619 4620
f 4457 4620 4598
f 4614 4621 4622
f 4614 4622 4456
f 4594 4623 4624
f 4594 4624 4593
f 4521 4625 4618
f 4521 4618 4522
f 4595 4626 4623
f 4595 4623 4594
f 4625 4521 4611
f 4625 4611 4627
f 4626 4595 4598
f 4626 4598 4620
f 4516 4628 4629
f 4516 4629 4517
f 4630 4592 4593
f 4630 4593 4624
f 4592 4630 4631
f 4592 4631 4597
f 4616 4607 4608
f 4616 4608 4632
f 4456 4622 4619
f 4456 4619 4457
f 4597 4631 4627
f 4597 4627 4611
f 4628 4516 4603
f 4628 4603 4617
f 4619 4633 4634
f 4619 4634 4620
f 4635 4626 4620
f 4635 4620 4634
f 4636 4628 4617
f 4636 4617 4637
f 4638 4630 4624
f 4638 4624 4639
f 4622 4640 4633
f 4622 4633 4619
f 4641 4616 4632
f 4641 4632 4642
f 4630 4638 4643
f 4630 4643 4631
f 4637 4617 4618
f 4637 4618 4644
f 4645 4625 4627
f 4645 4627 4646
f 4647 4615 4616
f 4647 4616 4641
f 4623 4648 4639
f 4623 4639 4624
f 4628 4636 4649
f 4628 4649 4629
f 4631 4643 4646
f 4631 4646 4627
f 4626 4635 4648
f 4626 4648 4623
f 4625 4645 4644
f 4625 4644 4618
f 4621 4650 4640
f 4621 4640 4622
f 4651 4652 4653
f 4651 4653 4654
f 4655 4656 4653
f 4655 4653 4652
f 4657 4655 4658
f 4657 4658 4659
f 4660 4657 4659
f 4660 4659 4661
f 4660 4661 4662
f 4660 4662 4663
f 4664 4665 4666
f 4664 4666 4663
f 4667 4668 4665
f 4667 4665 4664
f 4667 4669 4670
f 4667 4670 4668
f 4669 4671 4672
f 4669 4672 4670
f 4671 4673 4674
f 4671 4674 4672
f 4675 4673 4676
f 4675 4676 4677
f 4675 4678 4679
f 4675 4679 4680
f 4681 4682 4683
f 4681 4683 4684
f 4685 4686 4687
f 4685 4687 4688
f 4689 4690 4691
f 4689 4691 4692
f 4682 4681 4693
f 4682 4693 4694
f 4695 4696 4697
f 4695 4697 4698
f 4699 4700 4701
f 4699 4701 4702
f 4703 4704 4690
f 4703 4690 4689
f 4705 4706 4684
f 4705 4684 4683
f 4707 4708 4709
f 4707 4709 4710
f 4694 4693 4702
f 4694 4702 4701
f 4711 4712 4706
f 4711 4706 4705
f 4700 4699 4698
f 4700 4698 4697
f 4713 4714 4686
f 4713 4686 4685
f 4688 4687 4715
f 4688 4715 4716
f 4712 4711 4716
f 4712 4716 4715
f 4708 4707 4696
f 4708 4696 4695
f 4693 4717 4718
f 4693 4718 4702
f 4712 4719 4720
f 4712 4720 4706
f 4699 4721 4722
f 4699 4722 4698
f 4714 4723 4724
f 4714 4724 4686
f 4687 4725 4726
f 4687 4726 4715
f 4719 4712 4715
f 4719 4715 4726
f 4727 4708 4695
f 4727 4695 4728
f 4729 4681 4684
f 4729 4684 4730
f 4686 4724 4725
f 4686 4725 4687
f 4731 4689 4692
f 4731 4692 4732
f 4681 4729 4717
f 4681 4717 4693
f 4728 4695 4698
f 4728 4698 4722
f 4721 4699 4702
f 4721 4702 4718
f 4733 4703 4689
f 4733 4689 4731
f 4706 4720 4730
f 4706 4730 4684
f 4708 4727 4734
f 4708 4734 4709
f 4735 4727 4728
f 4735 4728 4736
f 4737 4729 4730
f 4737 4730 4738
f 4724 4739 4740
f 4724 4740 4725
f 4741 4731 4732
f 4741 4732 4742
f 4729 4737 4743
f 4729 4743 4717
f 4736 4728 4722
f 4736 4722 4744
f 4745 4721 4718
f 4745 4718 4746
f 4747 4733 4731
f 4747 4731 4741
f 4720 4748 4738
f 4720 4738 4730
f 4727 4735 4749
f 4727 4749 4734
f 4717 4743 4746
f 4717 4746 4718
f 4719 4750 4748
f 4719 4748 4720
f 4721 4745 4744
f 4721 4744 4722
f 4723 4751 4739
f 4723 4739 4724
f 4725 4740 4752
f 4725 4752 4726
f 4750 4719 4726
f 4750 4726 4752
f 4743 4753 4754
f 4743 4754 4746
f 4750 4755 4756
f 4750 4756 4748
f 4745 4757 4758
f 4745 4758 4744
f 4751 4759 4760
f 4751 4760 4739
f 4740 4761 4762
f 4740 4762 4752
f 4755 4750 4752
f 4755 4752 4762
f 4763 4735 4736
f 4763 4736 4764
f 4765 4737 4738
f 4765 4738 4766
f 4739 4760 4761
f 4739 4761 4740
f 4767 4741 4742
f 4767 4742 4768
f 4737 4765 4753
f 4737 4753 4743
f 4764 4736 4744
f 4764 4744 4758
f 4757 4745 4746
f 4757 4746 4754
f 4769 4747 4741
f 4769 4741 4767
f 4748 4756 4766
f 4748 4766 4738
f 4735 4763 4770
f 4735 4770 4749
f 4771 4763 4764
f 4771 4764 4772
f 4773 4765 4766
f 4773 4766 4774
f 4760 4775 4776
f 4760 4776 4761
f 4777 4767 4768
f 4777 4768 4778
f 4765 4773 4779
f 4765 4779 4753
f 4772 4764 4758
f 4772 4758 4780
f 4781 4757 4754
f 4781 4754 4782
f 4783 4769 4767
f 4783 4767 4777
f 4756 4784 4774
f 4756 4774 4766
f 4763 4771 4785
f 4763 4785 4770
f 4753 4779 4782
f 4753 4782 4754
f 4755 4786 4784
f 4755 4784 4756
f 4757 4781 4780
f 4757 4780 4758
f 4759 4787 4775
f 4759 4775 4760
f 4761 4776 4788
f 4761 4788 4762
f 4786 4755 4762
f 4786 4762 4788
f 4771 4789 4790
f 4771 4790 4785
f 4779 4791 4792
f 4779 4792 4782
f 4786 4793 4794
f 4786 4794 4784
f 4781 4795 4796
f 4781 4796 4780
f 4787 4797 4798
f 4787 4798 4775
f 4776 4799 4800
f 4776 4800 4788
f 4793 4786 4788
f 4793 4788 4800
f 4789 4771 4772
f 4789 4772 4801
f 4802 4773 4774
f 4802 4774 4803
f 4775 4798 4799
f 4775 4799 4776
f 4804 4777 4778
f 4804 4778 4805
f 4773 4802 4791
f 4773 4791 4779
f 4801 4772 4780
f 4801 4780 4796
f 4795 4781 4782
f 4795 4782 4792
f 4806 4783 4777
f 4806 4777 4804
f 4784 4794 4803
f 4784 4803 4774
f 4807 4789 4801
f 4807 4801 4808
f 4809 4802 4803
f 4809 4803 4810
f 4798 4811 4812
f 4798 4812 4799
f 4813 4804 4805
f 4813 4805 4814
f 4802 4809 4815
f 4802 4815 4791
f 4808 4801 4796
f 4808 4796 4816
f 4817 4795 4792
f 4817 4792 4818
f 4819 4806 4804
f 4819 4804 4813
f 4794 4820 4810
f 4794 4810 4803
f 4789 4807 4821
f 4789 4821 4790
f 4791 4815 4818
f 4791 4818 4792
f 4793 4822 4820
f 4793 4820 4794
f 4795 4817 4816
f 4795 4816 4796
f 4797 4823 4811
f 4797 4811 4798
f 4799 4812 4824
f 4799 4824 4800
f 4822 4793 4800
f 4822 4800 4824
f 4825 4817 4818
f 4825 4818 4826
f 4827 4819 4813
f 4827 4813 4828
f 4820 4829 4830
f 4820 4830 4810
f 4807 4831 4832
f 4807 4832 4821
f 4815 4833 4826
f 4815 4826 4818
f 4822 4834 4829
f 4822 4829 4820
f 4817 4825 4835
f 4817 4835 4816
f 4823 4836 4837
f 4823 4837 4811
f 4812 4838 4839
f 4812 4839 4824
f 4834 4822 4824
f 4834 4824 4839
f 4831 4807 4808
f 4831 4808 4840
f 4841 4809 4810
f 4841 4810 4830
f 4811 4837 4838
f 4811 4838 4812
f 4828 4813 4814
f 4828 4814 4842
f 4809 4841 4833
f 4809 4833 4815
f 4840 4808 4816
f 4840 4816 4835
f 4843 4834 4839
f 4843 4839 4844
f 4845 4831 4840
f 4845 4840 4846
f 4847 4841 4830
f 4847 4830 4848
f 4837 4849 4850
f 4837 4850 4838
f 4851 4828 4842
f 4851 4842 4852
f 4841 4847 4853
f 4841 4853 4833
f 4846 4840 4835
f 4846 4835 4854
f 4855 4825 4826
f 4855 4826 4856
f 4857 4827 4828
f 4857 4828 4851
f 4829 4858 4848
f 4829 4848 4830
f 4831 4845 4859
f 4831 4859 4832
f 4833 4853 4856
f 4833 4856 4826
f 4834 4843 4858
f 4834 4858 4829
f 4825 4855 4854
f 4825 4854 4835
f 4836 4860 4849
f 4836 4849 4837
f 4838 4850 4844
f 4838 4844 4839
f 4861 4855 4856
f 4861 4856 4862
f 4863 4857 4851
f 4863 4851 4864
f 4858 4865 4866
f 4858 4866 4848
f 4845 4867 4868
f 4845 4868 4859
f 4853 4869 4862
f 4853 4862 4856
f 4843 4870 4865
f 4843 4865 4858
f 4855 4861 4871
f 4855 4871 4854
f 4860 4872 4873
f 4860 4873 4849
f 4850 4874 4875
f 4850 4875 4844
f 4870 4843 4844
f 4870 4844 4875
f 4867 4845 4846
f 4867 4846 4876
f 4877 4847 4848
f 4877 4848 4866
f 4849 4873 4874
f 4849 4874 4850
f 4864 4851 4852
f 4864 4852 4878
f 4847 4877 4869
f 4847 4869 4853
f 4876 4846 4854
f 4876 4854 4871
f 4872 4879 4880
f 4872 4880 4873
f 4874 4881 4882
f 4874 4882 4875
f 4883 4870 4875
f 4883 4875 4882
f 4884 4867 4876
f 4884 4876 4885
f 4886 4877 4866
f 4886 4866 4887
f 4873 4880 4881
f 4873 4881 4874
f 4888 4864 4878
f 4888 4878 4889
f 4877 4886 4890
f 4877 4890 4869
f 4885 4876 4871
f 4885 4871 4891
f 4892 4861 4862
f 4892 4862 4893
f 4894 4863 4864
f 4894 4864 4888
f 4865 4895 4887
f 4865 4887 4866
f 4867 4884 4896
f 4867 4896 4868
f 4869 4890 4893
f 4869 4893 4862
f 4870 4883 4895
f 4870 4895 4865
f 4861 4892 4891
f 4861 4891 4871
f 4886 4897 4898
f 4886 4898 4890
f 4899 4885 4891
f 4899 4891 4900
f 4901 4892 4893
f 4901 4893 4902
f 4903 4894 4888
f 4903 4888 4904
f 4895 4905 4906
f 4895 4906 4887
f 4884 4907 4908
f 4884 4908 4896
f 4890 4898 4902
f 4890 4902 4893
f 4883 4909 4905
f 4883 4905 4895
f 4892 4901 4900
f 4892 4900 4891
f 4879 4910 4911
f 4879 4911 4880
f 4881 4912 4913
f 4881 4913 4882
f 4909 4883 4882
f 4909 4882 4913
f 4907 4884 4885
f 4907 4885 4899
f 4897 4886 4887
f 4897 4887 4906
f 4880 4911 4912
f 4880 4912 4881
f 4904 4888 4889
f 4904 4889 4914
f 4910 4915 4916
f 4910 4916 4911
f 4912 4917 4918
f 4912 4918 4913
f 4919 4909 4913
f 4919 4913 4918
f 4920 4907 4899
f 4920 4899 4921
f 4922 4897 4906
f 4922 4906 4923
f 4911 4916 4917
f 4911 4917 4912
f 4924 4904 4914
f 4924 4914 4925
f 4897 4922 4926
f 4897 4926 4898
f 4921 4899 4900
f 4921 4900 4927
f 4928 4901 4902
f 4928 4902 4929
f 4930 4903 4904
f 4930 4904 4924
f 4905 4931 4923
f 4905 4923 4906
f 4907 4920 4932
f 4907 4932 4908
f 4898 4926 4929
f 4898 4929 4902
f 4909 4919 4931
f 4909 4931 4905
f 4901 4928 4927
f 4901 4927 4900
f 4933 4924 4925
f 4933 4925 4934
f 4922 4935 4936
f 4922 4936 4926
f 4937 4921 4927
f 4937 4927 4938
f 4939 4928 4929
f 4939 4929 4940
f 4941 4930 4924
f 4941 4924 4933
f 4931 4942 4943
f 4931 4943 4923
f 4920 4944 4945
f 4920 4945 4932
f 4926 4936 4940
f 4926 4940 4929
f 4919 4946 4942
f 4919 4942 4931
f 4928 4939 4938
f 4928 4938 4927
f 4915 4947 4948
f 4915 4948 4916
f 4917 4949 4950
f 4917 4950 4918
f 4946 4919 4918
f 4946 4918 4950
f 4944 4920 4921
f 4944 4921 4937
f 4935 4922 4923
f 4935 4923 4943
f 4916 4948 4949
f 4916 4949 4917
f 4951 4952 4953
f 4951 4953 4954
f 4955 4956 4957
f 4955 4957 4958
f 4959 4960 4961
f 4959 4961 4962
f 4962 4961 4963
f 4962 4963 4964
f 4965 4966 4964
f 4965 4964 4963
f 4967 4968 4966
f 4967 4966 4965
f 4969 4970 4968
f 4969 4968 4967
f 4970 4969 4971
f 4970 4971 4972
f 4973 4974 4970
f 4973 4970 4972
f 4974 4973 4975
f 4974 4975 4976
f 4974 4976 4977
f 4974 4977 4978
f 4939 4979 4980
f 4939 4980 4938
f 4981 4982 4983
f 4981 4983 4984
f 4985 4986 4987
f 4985 4987 4988
f 4989 4990 4991
f 4989 4991 4992
f 4971 4969 4993
f 4971 4993 4994
f 4984 4983 4980
f 4984 4980 4995
f 4996 4997 4990
f 4996 4990 4989
f 4968 4970 4974
f 4968 4974 4978
f 4982 4981 4998
f 4982 4998 4999
f 4994 4993 5000
f 4994 5000 4979
f 5001 5002 4976
f 5001 4976 4975
f 5003 5004 4986
f 5003 4986 4985
f 4988 4987 5005
f 4988 5005 5006
f 5002 5001 5006
f 5002 5006 5005
f 4981 5007 5008
f 4981 5008 4998
f 4993 5009 5010
f 4993 5010 5000
f 5011 5012 4978
f 5011 4978 4977
f 5007 4981 4984
f 5007 4984 5013
f 5014 5015 5016
f 5014 5016 5017
f 4969 4967 5009
f 4969 5009 4993
f 5013 4984 4995
f 5013 4995 5018
f 6 1 4
f 6 4 7
f 1161 2 1
f 1161 1 9
f 1159 1161 9
f 1159 9 14
f 1157 1159 14
f 1157 14 17
f 1153 1157 17
f 1153 17 20
f 1154 1153 20
f 1154 20 23
f 1195 1154 23
f 1195 23 26
f 1191 1195 26
f 1191 26 29
f 1192 1191 29
f 1192 29 32
f 1187 1192 32
f 1187 32 35
f 1184 1183 41
f 1184 41 40
f 1175 1180 43
f 1175 43 42
f 1176 1175 42
f 1176 42 48
f 1171 1176 48
f 1171 48 51
f 57 7 4
f 57 4 54
f 59 57 54
f 59 54 60
f 63 59 60
f 63 60 64
f 67 63 64
f 67 64 68
f 73 72 75
f 73 75 74
f 79 73 74
f 79 74 80
f 83 79 80
f 83 80 84
f 72 67 68
f 72 68 75
f 1188 1525 41
f 1188 41 1183
f 185 104 105
f 185 105 179
f 172 99 100
f 172 100 109
f 157 89 90
f 157 90 93
f 161 86 87
f 161 87 162
f 108 101 102
f 108 102 176
f 120 111 112
f 120 112 122
f 122 112 113
f 122 113 124
f 16 13 101
f 16 101 100
f 165 97 98
f 165 98 166
f 62 66 114
f 62 114 107
f 170 96 97
f 170 97 165
f 162 87 1523
f 162 1523 1521
f 933 94 95
f 933 95 169
f 115 110 111
f 115 111 120
f 176 102 103
f 176 103 182
f 182 103 104
f 182 104 185
f 66 71 110
f 66 110 114
f 180 106 107
f 180 107 117
f 166 98 99
f 166 99 172
f 47 46 91
f 47 91 90
f 179 105 106
f 179 106 180
f 159 88 89
f 159 89 157
f 169 95 96
f 169 96 170
f 5019 5020 5021
f 5019 5021 5022
f 5023 5024 5025
f 5023 5025 5026
f 5027 5028 5029
f 5027 5029 5030
f 5031 5032 5033
f 5031 5033 5034
f 5035 5036 5037
f 5035 5037 5038
f 5039 5040 5041
f 5039 5041 5042
f 5043 5019 5022
f 5043 5022 5044
f 5045 5046 5047
f 5045 5047 5048
f 5048 5047 5040
f 5048 5040 5039
f 5049 5043 5044
f 5049 5044 5050
f 5051 5052 5053
f 5051 5053 5054
f 5055 5056 5057
f 5055 5057 5058
f 5059 5060 5061
f 5059 5061 5062
f 5063 5064 5065
f 5063 5065 5066
f 5058 5057 5052
f 5058 5052 5051
f 5032 5067 5068
f 5032 5068 5033
f 5063 5069 5070
f 5063 5070 5071
f 5072 5027 5030
f 5072 5030 5073
f 5074 5075 5076
f 5074 5076 5077
f 5078 5079 5080
f 5078 5080 5081
f 5082 5083 5084
f 5082 5084 5085
f 5086 5074 5077
f 5086 5077 5087
f 5088 5086 5087
f 5088 5087 5089
f 5083 5090 5091
f 5083 5091 5084
f 5092 5093 5028
f 5092 5028 5027
f 5094 5095 5036
f 5094 5036 5035
f 5096 5039 5042
f 5096 5042 5097
f 5098 5045 5048
f 5098 5048 5099
f 5099 5048 5039
f 5099 5039 5096
f 5100 5051 5054
f 5100 5054 5101
f 5102 5055 5058
f 5102 5058 5103
f 5104 5105 5060
f 5104 5060 5059
f 5071 5106 5064
f 5071 5064 5063
f 5103 5058 5051
f 5103 5051 5100
f 5066 5107 5069
f 5066 5069 5063
f 5108 5092 5027
f 5108 5027 5072
f 5049 5050 5078
f 5049 5078 5081
f 5109 5110 5088
f 5109 5088 5026
f 5111 5112 5113
f 5111 5113 5114
f 5115 5116 5117
f 5115 5117 5118
f 5119 5120 5121
f 5119 5121 5122
f 5123 5124 5125
f 5123 5125 5126
f 5127 5111 5114
f 5127 5114 5128
f 5129 5130 5131
f 5129 5131 5132
f 5133 5134 5135
f 5133 5135 5136
f 5137 5138 5139
f 5137 5139 5140
f 5120 5141 5142
f 5120 5142 5121
f 5137 5143 5144
f 5137 5144 5145
f 5146 5115 5118
f 5146 5118 5147
f 5132 5131 5148
f 5132 5148 5149
f 5124 5150 5151
f 5124 5151 5125
f 5134 5152 5153
f 5134 5153 5135
f 5154 5155 5156
f 5154 5156 5157
f 5158 5159 5160
f 5158 5160 5161
f 5162 5154 5157
f 5162 5157 5163
f 5159 5164 5165
f 5159 5165 5160
f 5166 5167 5116
f 5166 5116 5115
f 5168 5169 5124
f 5168 5124 5123
f 5170 5171 5134
f 5170 5134 5133
f 5145 5172 5138
f 5145 5138 5137
f 5140 5173 5143
f 5140 5143 5137
f 5174 5166 5115
f 5174 5115 5146
f 5169 5175 5150
f 5169 5150 5124
f 5171 5176 5152
f 5171 5152 5134
f 1524 33 34
f 1524 34 1522
f 5177 3996 366
f 5177 366 365
f 305 5178 5177
f 305 5177 365
f 5179 5180 5181
f 5179 5181 5182
f 5183 5184 5185
f 5183 5185 5186
f 5187 5188 5189
f 5187 5189 5190
f 5191 5192 5184
f 5191 5184 5183
f 5187 5190 301
f 5187 301 300
f 312 311 3994
f 312 3994 3996
f 5193 5194 5188
f 5193 5188 5187
f 5193 5187 300
f 5193 300 299
f 5182 5181 5192
f 5182 5192 5191
f 312 5195 367
f 312 367 313
f 5196 5197 5198
f 5196 5198 5199
f 4016 4018 5200
f 4016 5200 5201
f 4014 4016 5201
f 4014 5201 5202
f 4012 4014 5202
f 4012 5202 5203
f 5203 5204 4010
f 5203 4010 4012
f 331 335 491
f 331 491 490
f 5205 491 335
f 5205 335 334
f 5206 5207 367
f 5206 367 5195
f 326 331 372
f 326 372 328
f 320 326 328
f 320 328 323
f 309 320 323
f 309 323 316
f 316 315 310
f 316 310 309
f 310 315 5208
f 310 5208 3991
f 302 296 287
f 302 287 360
f 389 5209 3995
f 389 3995 390
f 315 318 357
f 315 357 5208
f 358 357 318
f 358 318 322
f 1525 35 33
f 1525 33 1524
f 5210 51 52
f 5210 52 5211
f 5211 52 53
f 5211 53 5212
f 5213 5212 53
f 5213 53 88
f 1523 1522 34
f 1523 34 94
f 5214 5215 159
f 5214 159 158
f 1516 1520 229
f 1516 229 228
f 1517 1516 228
f 1517 228 262
f 362 290 291
f 362 291 306
f 306 291 294
f 306 294 303
f 5204 5216 4007
f 5204 4007 4010
f 304 5217 5178
f 304 5178 305
f 286 290 364
f 286 364 361
f 1518 911 912
f 1518 912 996
f 1521 933 934
f 1521 934 939
f 211 937 934
f 211 934 168
f 938 937 229
f 938 229 1520
f 5218 5179 5182
f 5218 5182 5196
f 997 996 912
f 997 912 992
f 156 155 5199
f 156 5199 5198
f 1177 1176 1171
f 1177 1171 1170
f 1193 1192 1187
f 1193 1187 1186
f 1216 1215 1224
f 1216 1224 1223
f 1228 1227 1234
f 1228 1234 1233
f 1257 1216 1223
f 1257 1223 1262
f 1264 1228 1233
f 1264 1233 1267
f 1289 1257 1262
f 1289 1262 1294
f 1296 1264 1267
f 1296 1267 1298
f 1305 1289 1294
f 1305 1294 1311
f 1313 1296 1298
f 1313 1298 1316
f 1341 1305 1311
f 1341 1311 1346
f 1348 1313 1316
f 1348 1316 1351
f 1348 1351 1363
f 1348 1363 1358
f 1370 1341 1346
f 1370 1346 1376
f 1377 5219 1386
f 1377 1386 1376
f 1362 1406 1396
f 1362 1396 1363
f 1406 1427 1407
f 1406 1407 1396
f 5219 5220 1431
f 5219 1431 1386
f 5220 5221 1452
f 5220 1452 1431
f 1427 1447 1457
f 1427 1457 1407
f 1497 1458 1434
f 1497 1434 1501
f 1467 1451 1456
f 1467 1456 1486
f 1472 1455 1438
f 1472 1438 1473
f 1457 1463 1466
f 1457 1466 1454
f 1483 1435 1515
f 1483 1515 1478
f 1496 5221 1458
f 1496 1458 1497
f 1506 1452 5221
f 1506 5221 1496
f 5216 5222 4008
f 5216 4008 4007
f 1188 1187 35
f 1188 35 1525
f 1172 1171 51
f 1172 51 5210
f 1521 1523 94
f 1521 94 933
f 5215 5213 88
f 5215 88 159
f 5223 5224 1124
f 5223 1124 752
f 5225 5218 5196
f 5225 5196 5199
f 5226 311 314
f 5226 314 354
f 296 295 288
f 296 288 287
f 354 359 3992
f 354 3992 5226
f 429 372 331
f 429 331 490
f 5227 5228 3997
f 5227 3997 4000
f 5206 5195 5177
f 5206 5177 5178
f 372 429 388
f 372 388 373
f 752 753 5229
f 752 5229 5223
f 5178 5217 5230
f 5178 5230 5206
f 5231 5229 753
f 5231 753 760
f 760 759 5232
f 760 5232 5231
f 5233 5232 759
f 5233 759 758
f 5208 357 356
f 5208 356 3925
f 3991 5208 3925
f 3991 3925 3968
f 3968 3969 3992
f 3968 3992 3991
f 5226 3992 3969
f 5226 3969 3993
f 3993 3994 311
f 3993 311 5226
f 5234 5235 304
f 5234 304 303
f 5195 312 3996
f 5195 3996 5177
f 5236 5233 758
f 5236 758 3927
f 3927 755 5237
f 3927 5237 5236
f 5238 5237 755
f 5238 755 754
f 5239 5238 754
f 5239 754 3967
f 3967 3995 5240
f 3967 5240 5239
f 3995 5209 5241
f 3995 5241 5240
f 5217 368 371
f 5217 371 5230
f 5242 5243 5244
f 5242 5244 5245
f 5217 304 5235
f 5217 5235 368
f 1132 5186 140
f 1132 140 135
f 4004 4008 5222
f 4004 5222 5246
f 5246 5247 4002
f 5246 4002 4004
f 1131 5183 5186
f 1131 5186 1132
f 5247 5248 3999
f 5247 3999 4002
f 5248 5249 4000
f 5248 4000 3999
f 5197 5191 5183
f 5197 5183 1131
f 5250 5251 5252
f 5250 5252 5253
f 4000 5249 5254
f 4000 5254 5227
f 5255 5256 5227
f 5255 5227 5254
f 5256 5255 5257
f 5256 5257 5258
f 5258 5257 5259
f 5258 5259 5260
f 5250 5261 5260
f 5250 5260 5259
f 5262 5261 5250
f 5262 5250 5253
f 3924 5263 971
f 3924 971 3923
f 5264 5265 5266
f 5264 5266 5267
f 150 144 5188
f 150 5188 5194
f 144 143 5189
f 144 5189 5188
f 5268 5269 5270
f 5268 5270 5271
f 5272 5189 143
f 5272 143 5185
f 5273 5274 5275
f 5273 5275 5264
f 5269 5276 5277
f 5269 5277 5270
f 5278 5279 5280
f 5278 5280 5281
f 5282 5283 5274
f 5282 5274 5273
f 5281 5280 5283
f 5281 5283 5282
f 5284 5276 5285
f 5284 5285 5286
f 5287 5288 5289
f 5287 5289 5275
f 5284 5286 5279
f 5284 5279 5278
f 5274 5290 5287
f 5274 5287 5275
f 5283 5291 5290
f 5283 5290 5274
f 5292 5293 5261
f 5292 5261 5262
f 5259 5294 5251
f 5259 5251 5250
f 5293 5295 5260
f 5293 5260 5261
f 5295 5296 5258
f 5295 5258 5260
f 5297 5272 5185
f 5297 5185 5184
f 5184 5192 5298
f 5184 5298 5297
f 5296 5299 5256
f 5296 5256 5258
f 5299 5228 5227
f 5299 5227 5256
f 5300 5301 5302
f 5300 5302 5303
f 5301 5304 5305
f 5301 5305 5302
f 257 258 266
f 257 266 5306
f 256 257 5306
f 256 5306 5307
f 262 256 5307
f 262 5307 5308
f 5308 5309 1517
f 5308 1517 262
f 5309 5310 932
f 5309 932 1517
f 5310 5311 929
f 5310 929 932
f 5312 5300 5303
f 5312 5303 5313
f 1068 5314 5315
f 1068 5315 1069
f 750 5316 5314
f 750 5314 1068
f 252 5317 5318
f 252 5318 254
f 249 273 5319
f 249 5319 250
f 250 5319 5317
f 250 5317 252
f 254 5318 5316
f 254 5316 750
f 5305 5304 5320
f 5305 5320 5321
f 5321 5320 5322
f 5321 5322 268
f 268 5322 274
f 268 274 269
f 5313 5323 5294
f 5313 5294 5312
f 5323 5324 5251
f 5323 5251 5294
f 5324 5325 5252
f 5324 5252 5251
f 154 5225 5199
f 154 5199 155
f 5253 5252 5326
f 5253 5326 5327
f 5275 5289 5265
f 5275 5265 5264
f 5328 5329 5269
f 5328 5269 5268
f 5330 5273 5264
f 5330 5264 5267
f 5329 5285 5276
f 5329 5276 5269
f 5331 5278 5281
f 5331 5281 5332
f 5333 5282 5273
f 5333 5273 5330
f 5332 5281 5282
f 5332 5282 5333
f 5334 5277 5276
f 5334 5276 5284
f 5334 5284 5278
f 5334 5278 5331
f 5280 5335 5291
f 5280 5291 5283
f 5336 5298 5192
f 5336 5192 5181
f 5337 5336 5181
f 5337 5181 5180
f 5338 369 5337
f 5338 5337 5180
f 5338 5339 370
f 5338 370 369
f 5268 5271 5340
f 5268 5340 5341
f 5279 5342 5335
f 5279 5335 5280
f 5286 5343 5342
f 5286 5342 5279
f 5286 5285 5344
f 5286 5344 5343
f 1138 5345 5288
f 1138 5288 5287
f 5285 5329 5346
f 5285 5346 5344
f 5347 5263 5344
f 5347 5344 5346
f 5326 5252 5325
f 5326 5325 5348
f 836 251 253
f 836 253 1059
f 1059 253 255
f 1059 255 1071
f 276 267 270
f 276 270 272
f 249 248 270
f 249 270 269
f 5321 268 267
f 5321 267 275
f 1071 255 751
f 1071 751 1146
f 5303 5302 902
f 5303 902 901
f 5302 5305 905
f 5302 905 902
f 5313 5303 901
f 5313 901 911
f 5305 5321 275
f 5305 275 905
f 5348 5325 922
f 5348 922 921
f 5325 5324 944
f 5325 944 922
f 1110 1067 1070
f 1110 1070 1111
f 1146 751 1067
f 1146 1067 1110
f 5323 1518 944
f 5323 944 5324
f 5323 5313 911
f 5323 911 1518
f 921 767 766
f 921 766 972
f 5342 1134 1135
f 5342 1135 5335
f 156 5198 1130
f 156 1130 158
f 158 1130 1133
f 158 1133 5214
f 5182 5191 5197
f 5182 5197 5196
f 143 140 5186
f 143 5186 5185
f 5262 5253 5327
f 5262 5327 5349
f 5244 5243 5341
f 5244 5341 5340
f 369 368 5235
f 369 5235 5337
f 5240 5340 5271
f 5240 5271 5239
f 5271 5270 5238
f 5271 5238 5239
f 5336 5337 5235
f 5336 5235 5234
f 5234 5350 5298
f 5234 5298 5336
f 5270 5277 5237
f 5270 5237 5238
f 5277 5334 5236
f 5277 5236 5237
f 294 5350 5234
f 294 5234 303
f 5334 5331 5233
f 5334 5233 5236
f 5350 5351 5297
f 5350 5297 5298
f 5232 5233 5331
f 5232 5331 5332
f 294 293 5351
f 294 5351 5350
f 5352 5351 293
f 5352 293 292
f 5190 5352 292
f 5190 292 301
f 5352 5272 5297
f 5352 5297 5351
f 5272 5352 5190
f 5272 5190 5189
f 5231 5232 5332
f 5231 5332 5333
f 5229 5231 5333
f 5229 5333 5330
f 5330 5267 5223
f 5330 5223 5229
f 5267 5266 5224
f 5267 5224 5223
f 5245 5244 5241
f 5245 5241 5353
f 4008 4004 4003
f 4008 4003 4005
f 1010 5354 5355
f 1010 5355 5356
f 5357 5358 5356
f 5357 5356 1003
f 1014 5359 5358
f 1014 5358 5357
f 5360 1011 5359
f 5360 5359 5361
f 5362 5360 5361
f 5362 5361 5363
f 5364 5362 5363
f 5364 5363 5365
f 5366 5364 5365
f 5366 5365 5367
f 1103 5366 5367
f 1103 5367 5368
f 1084 5369 5370
f 1084 5370 5368
f 5361 5359 1014
f 5361 1014 1013
f 5356 5355 1004
f 5356 1004 1003
f 5367 5365 1016
f 5367 1016 1017
f 5368 5367 1017
f 5368 1017 1084
f 1019 5357 1003
f 1019 1003 1006
f 5363 5361 1013
f 5363 1013 1015
f 5365 5363 1015
f 5365 1015 1016
f 928 1014 5357
f 928 5357 1019
f 1002 1083 5369
f 1002 5369 1084
f 5241 5244 5340
f 5241 5340 5240
f 5371 5372 5373
f 5371 5373 5374
f 5268 5341 5371
f 5268 5371 5328
f 5372 5371 5341
f 5372 5341 5243
f 5242 5375 5372
f 5242 5372 5243
f 5371 5374 5376
f 5371 5376 5328
f 5376 5346 5329
f 5376 5329 5328
f 5335 1135 1136
f 5335 1136 5291
f 5291 1136 1137
f 5291 1137 5290
f 5290 1137 1138
f 5290 1138 5287
f 5343 3924 1134
f 5343 1134 5342
f 5343 5344 5263
f 5343 5263 3924
f 947 1129 5345
f 947 5345 1138
f 972 971 5263
f 972 5263 5347
f 5349 5327 5377
f 5349 5377 5378
f 5379 5380 5381
f 5379 5381 5382
f 5347 5346 5376
f 5347 5376 5383
f 5380 5179 5384
f 5380 5384 5381
f 5347 5383 5326
f 5347 5326 5348
f 5338 5380 5379
f 5338 5379 5339
f 5179 5380 5338
f 5179 5338 5180
f 5383 5377 5327
f 5383 5327 5326
f 972 5347 5348
f 972 5348 921
f 5374 5377 5383
f 5374 5383 5376
f 5198 5197 1131
f 5198 1131 1130
f 5377 5374 5373
f 5377 5373 5378
f 5382 5381 929
f 5382 929 5311
f 930 929 5381
f 930 5381 5384
f 5384 5385 940
f 5384 940 930
f 5385 5386 936
f 5385 936 940
f 160 936 5386
f 160 5386 5387
f 5387 5388 161
f 5387 161 160
f 86 161 5388
f 86 5388 5389
f 5389 5390 39
f 5389 39 86
f 36 39 5390
f 36 5390 5391
f 40 36 5391
f 40 5391 5392
f 5257 5312 5294
f 5257 5294 5259
f 5257 5255 5300
f 5257 5300 5312
f 5255 5254 5301
f 5255 5301 5300
f 5304 5301 5254
f 5304 5254 5249
f 5320 5304 5249
f 5320 5249 5248
f 5322 5320 5248
f 5322 5248 5247
f 274 5322 5247
f 274 5247 5246
f 1486 1456 1440
f 1486 1440 1487
f 1435 1416 5393
f 1435 5393 1515
f 1416 1401 5394
f 1416 5394 5393
f 5395 5394 1401
f 5395 1401 1364
f 5396 5395 1364
f 5396 1364 1336
f 1336 1326 5397
f 1336 5397 5396
f 1326 1285 5398
f 1326 5398 5397
f 1285 1251 5399
f 1285 5399 5398
f 1251 1203 5400
f 1251 5400 5399
f 1203 1202 5401
f 1203 5401 5400
f 5402 5401 1202
f 5402 1202 1185
f 5392 5403 1184
f 5392 1184 40
f 5246 5222 273
f 5246 273 274
f 5319 273 5222
f 5319 5222 5216
f 5317 5319 5216
f 5317 5216 5204
f 5318 5317 5204
f 5318 5204 5203
f 5203 5202 5316
f 5203 5316 5318
f 5202 5201 5314
f 5202 5314 5316
f 5201 5200 5315
f 5201 5315 5314
f 1455 1472 1480
f 1455 1480 1449
f 1515 5393 1432
f 1515 1432 1453
f 1414 1458 5221
f 1414 5221 5220
f 5385 5384 5179
f 5385 5179 5218
f 5218 5225 5386
f 5218 5386 5385
f 5387 5386 5225
f 5387 5225 154
f 154 92 5388
f 154 5388 5387
f 1133 1132 135
f 1133 135 134
f 5214 1133 134
f 5214 134 125
f 5215 5214 125
f 5215 125 124
f 1494 1493 1480
f 1494 1480 1479
f 1491 1494 1485
f 1491 1485 1488
f 1494 1479 1468
f 1494 1468 1485
f 1479 1471 1469
f 1479 1469 1468
f 1471 1474 1512
f 1471 1512 1469
f 1474 1490 1513
f 1474 1513 1512
f 1510 1513 1490
f 1510 1490 1504
f 1504 1508 1502
f 1504 1502 1510
f 1498 1502 1508
f 1498 1508 1465
f 1495 1498 1465
f 1495 1465 1464
f 1505 1495 1464
f 1505 1464 1459
f 1459 1462 1500
f 1459 1500 1505
f 1462 1484 1482
f 1462 1482 1500
f 1476 1482 1484
f 1476 1484 1477
f 5393 5394 1389
f 5393 1389 1432
f 1367 1389 5394
f 1367 5394 5395
f 5395 5396 1333
f 5395 1333 1367
f 1324 1333 5396
f 1324 5396 5397
f 5397 5398 1282
f 5397 1282 1324
f 5398 5399 1248
f 5398 1248 1282
f 1196 1248 5399
f 1196 5399 5400
f 1197 1196 5400
f 1197 5400 5401
f 1179 1197 5401
f 1179 5401 5402
f 43 1180 5403
f 43 5403 5392
f 5392 5391 44
f 5392 44 43
f 5391 5390 46
f 5391 46 44
f 91 46 5390
f 91 5390 5389
f 5389 5388 92
f 5389 92 91
f 5213 5215 124
f 5213 124 113
f 113 82 5212
f 113 5212 5213
f 5211 5212 82
f 5211 82 83
f 5210 5211 83
f 5210 83 84
f 84 85 1172
f 84 1172 5210
f 1163 1245 1225
f 1163 1225 1173
f 1226 1225 1245
f 1226 1245 1244
f 1263 1226 1244
f 1263 1244 1272
f 1272 1280 1295
f 1272 1295 1263
f 1312 1295 1280
f 1312 1280 1323
f 1323 1329 1347
f 1323 1347 1312
f 1329 1360 1377
f 1329 1377 1347
f 5219 1377 1360
f 5219 1360 1404
f 1404 1414 5220
f 1404 5220 5219
f 5349 5404 5292
f 5349 5292 5262
f 5372 5375 5405
f 5372 5405 5373
f 5378 5373 5405
f 5378 5405 5406
f 5378 5406 5404
f 5378 5404 5349
f 5353 5241 5209
f 5353 5209 5407
f 5408 5407 5209
f 5408 5209 389
f 5409 392 427
f 5409 427 432
f 480 402 401
f 480 401 477
f 757 756 470
f 757 470 469
f 428 489 478
f 428 478 477
f 479 478 5410
f 479 5410 523
f 494 5411 5408
f 494 5408 5409
f 542 529 539
f 542 539 538
f 396 395 539
f 396 539 529
f 542 538 1123
f 542 1123 715
f 3930 3928 398
f 3930 398 397
f 3964 3965 469
f 3964 469 472
f 471 470 3928
f 471 3928 3930
f 426 391 3965
f 426 3965 3964
f 5408 389 392
f 5408 392 5409
f 437 440 5412
f 437 5412 487
f 438 437 487
f 438 487 486
f 486 483 434
f 486 434 438
f 431 434 483
f 431 483 482
f 432 431 482
f 432 482 495
f 5409 432 495
f 5409 495 494
f 5353 5407 5207
f 5353 5207 5206
f 5408 5411 5207
f 5408 5207 5407
f 5206 5230 5245
f 5206 5245 5353
f 5230 371 5242
f 5230 5242 5245
f 371 370 5375
f 371 5375 5242
f 370 5339 5405
f 370 5405 5375
f 5339 5379 5406
f 5339 5406 5405
f 5404 5406 5379
f 5404 5379 5382
f 5382 5311 5292
f 5382 5292 5404
f 400 403 404
f 400 404 401
f 477 401 404
f 477 404 428
f 478 489 492
f 478 492 5410
f 429 490 489
f 429 489 428
f 5412 5413 551
f 5412 551 517
f 498 485 488
f 498 488 499
f 5414 493 5410
f 5414 5410 492
f 503 484 485
f 503 485 498
f 523 496 481
f 523 481 502
f 5410 493 496
f 5410 496 523
f 502 481 484
f 502 484 503
f 5412 517 488
f 5412 488 487
f 5413 5415 570
f 5413 570 551
f 5415 5416 577
f 5415 577 570
f 5416 5417 596
f 5416 596 577
f 5417 5418 614
f 5417 614 596
f 5418 5419 644
f 5418 644 614
f 5419 5420 651
f 5419 651 644
f 5420 5421 673
f 5420 673 651
f 5421 5422 693
f 5421 693 673
f 5422 5423 705
f 5422 705 693
f 5423 740 729
f 5423 729 705
f 740 741 748
f 740 748 729
f 5411 494 493
f 5411 493 5414
f 5207 5205 334
f 5207 334 367
f 5207 5411 5414
f 5207 5414 5205
f 492 491 5205
f 492 5205 5414
f 732 734 748
f 732 748 737
f 734 733 749
f 734 749 748
f 749 744 747
f 749 747 746
f 733 736 744
f 733 744 749
f 736 735 745
f 736 745 744
f 711 720 740
f 711 740 5423
f 5423 5422 698
f 5423 698 711
f 5422 5421 678
f 5422 678 698
f 5421 5420 657
f 5421 657 678
f 5420 5419 626
f 5420 626 657
f 619 626 5419
f 619 5419 5418
f 5418 5417 601
f 5418 601 619
f 5417 5416 583
f 5417 583 601
f 5416 5415 571
f 5416 571 583
f 5415 5413 442
f 5415 442 571
f 440 442 5413
f 440 5413 5412
f 5293 5292 5311
f 5293 5311 5310
f 5295 5293 5310
f 5295 5310 5309
f 5296 5295 5309
f 5296 5309 5308
f 5299 5296 5308
f 5299 5308 5307
f 5228 5299 5307
f 5228 5307 5306
f 3997 5228 5306
f 3997 5306 266
f 266 265 3998
f 266 3998 3997
f 265 263 4001
f 265 4001 3998
f 263 264 4003
f 263 4003 4001
f 4005 4003 264
f 4005 264 242
f 242 243 4006
f 242 4006 4005
f 243 240 4009
f 243 4009 4006
f 240 241 4011
f 240 4011 4009
f 241 245 4013
f 241 4013 4011
f 245 246 4015
f 245 4015 4013
f 246 247 4017
f 246 4017 4015
f 1001 1000 1047
f 1001 1047 1045
f 1040 1050 999
f 1040 999 998
f 1042 1051 1052
f 1042 1052 1043
f 1035 1049 1050
f 1035 1050 1040
f 1088 1089 1048
f 1088 1048 1034
f 1120 1114 1051
f 1120 1051 1042
f 1045 1047 1114
f 1045 1114 1120
f 990 988 1089
f 990 1089 5424
f 1089 1088 1144
f 1089 1144 5424
f 1106 1031 914
f 1106 914 913
f 1105 1085 1031
f 1105 1031 1106
f 1075 5425 5426
f 1075 5426 1063
f 5427 1092 1077
f 5427 1077 5428
f 910 5429 5428
f 910 5428 1077
f 5429 5430 5431
f 5429 5431 5428
f 5425 5432 5433
f 5425 5433 5426
f 5434 5427 5428
f 5434 5428 5431
f 5430 5435 5436
f 5430 5436 5431
f 5432 5437 5438
f 5432 5438 5433
f 5439 5434 5431
f 5439 5431 5436
f 5369 5440 5441
f 5369 5441 5370
f 1104 5442 5443
f 1104 5443 1105
f 1082 5444 5445
f 1082 5445 1083
f 5440 5369 1083
f 5440 1083 5445
f 1082 1081 1519
f 1082 1519 5444
f 1141 1085 1105
f 1141 1105 5443
f 906 277 5433
f 906 5433 5438
f 5426 5433 277
f 5426 277 276
f 5435 5430 5446
f 5435 5446 5447
f 910 909 5448
f 910 5448 5429
f 5448 5446 5430
f 5448 5430 5429
f 276 272 1063
f 276 1063 5426
f 903 906 5438
f 903 5438 5449
f 993 904 903
f 993 903 5449
f 5450 991 990
f 5450 990 5451
f 5452 1142 1141
f 5452 1141 5453
f 5454 992 993
f 5454 993 5455
f 5456 5457 5458
f 5456 5458 5459
f 5460 1519 997
f 5460 997 5461
f 5462 5440 5445
f 5462 5445 5463
f 5464 5465 5466
f 5464 5466 5467
f 5468 5469 5470
f 5468 5470 5471
f 5472 5439 5436
f 5472 5436 5473
f 5455 993 5449
f 5455 5449 5474
f 5475 5476 5477
f 5475 5477 5478
f 5479 5480 5481
f 5479 5481 5482
f 5478 5477 5483
f 5478 5483 5484
f 5453 1141 5443
f 5453 5443 5485
f 5482 5481 5486
f 5482 5486 5487
f 5488 5489 5465
f 5488 5465 5464
f 5490 5491 5457
f 5490 5457 5456
f 5451 990 5424
f 5451 5424 5492
f 5493 5494 5495
f 5493 5495 5496
f 5497 5498 5499
f 5497 5499 5500
f 5501 5502 5483
f 5501 5483 5503
f 5504 5480 5495
f 5504 5495 5505
f 5506 5507 5466
f 5506 5466 5508
f 5469 5509 5510
f 5469 5510 5470
f 5477 5511 5503
f 5477 5503 5483
f 5512 5494 5507
f 5512 5507 5506
f 5491 5513 5514
f 5491 5514 5457
f 5480 5504 5515
f 5480 5515 5481
f 5489 5516 5517
f 5489 5517 5465
f 5518 5519 5458
f 5518 5458 5520
f 5521 5522 5523
f 5521 5523 5524
f 5524 5523 5499
f 5524 5499 5525
f 5481 5515 5526
f 5481 5526 5486
f 5457 5514 5520
f 5457 5520 5458
f 5494 5512 5505
f 5494 5505 5495
f 5476 5527 5511
f 5476 5511 5477
f 5498 5528 5525
f 5498 5525 5499
f 5529 5530 5519
f 5529 5519 5518
f 5465 5517 5508
f 5465 5508 5466
f 5509 5469 5486
f 5509 5486 5526
f 5527 5531 5532
f 5527 5532 5511
f 5528 5533 5534
f 5528 5534 5525
f 5535 5529 5518
f 5535 5518 5536
f 5517 5537 5538
f 5517 5538 5508
f 5539 5509 5526
f 5539 5526 5540
f 5541 5501 5503
f 5541 5503 5542
f 5543 5504 5505
f 5543 5505 5544
f 5545 5506 5508
f 5545 5508 5538
f 5509 5539 5546
f 5509 5546 5510
f 5511 5532 5542
f 5511 5542 5503
f 5547 5512 5506
f 5547 5506 5545
f 5513 5548 5549
f 5513 5549 5514
f 5504 5543 5550
f 5504 5550 5515
f 5516 5551 5537
f 5516 5537 5517
f 5536 5518 5520
f 5536 5520 5552
f 5553 5521 5524
f 5553 5524 5554
f 5554 5524 5525
f 5554 5525 5534
f 5515 5550 5540
f 5515 5540 5526
f 5514 5549 5552
f 5514 5552 5520
f 5512 5547 5544
f 5512 5544 5505
f 5555 5556 5557
f 5555 5557 5558
f 5559 5560 5561
f 5559 5561 5562
f 5563 5564 5565
f 5563 5565 5566
f 5567 5568 5569
f 5567 5569 5570
f 5571 5572 5573
f 5571 5573 5574
f 5575 5576 5577
f 5575 5577 5578
f 5558 5557 5579
f 5558 5579 5580
f 5581 5582 5583
f 5581 5583 5584
f 5574 5573 5585
f 5574 5585 5586
f 5587 5588 5564
f 5587 5564 5563
f 5589 5590 5560
f 5589 5560 5559
f 5591 5592 5579
f 5591 5579 5593
f 5594 5568 5592
f 5594 5592 5591
f 5595 5596 5565
f 5595 5565 5597
f 5598 5599 5600
f 5598 5600 5601
f 5601 5600 5577
f 5601 5577 5602
f 5603 5604 5596
f 5603 5596 5595
f 5605 5582 5561
f 5605 5561 5606
f 5607 5608 5585
f 5607 5585 5609
f 5610 5590 5569
f 5610 5569 5611
f 5612 5613 5614
f 5612 5614 5615
f 5616 5617 5618
f 5616 5618 5619
f 5620 5621 5622
f 5620 5622 5623
f 5613 5612 5624
f 5613 5624 5625
f 5626 5627 5628
f 5626 5628 5629
f 5630 5631 5632
f 5630 5632 5633
f 5634 5635 5636
f 5634 5636 5637
f 5615 5614 5638
f 5615 5638 5639
f 5633 5632 5623
f 5633 5623 5622
f 5640 5641 5642
f 5640 5642 5643
f 5644 5645 5635
f 5644 5635 5634
f 5646 5647 5648
f 5646 5648 5649
f 5627 5626 5637
f 5627 5637 5636
f 5635 5650 5651
f 5635 5651 5636
f 5645 5652 5650
f 5645 5650 5635
f 5621 5653 5654
f 5621 5654 5622
f 5655 5616 5619
f 5655 5619 5656
f 5616 5655 5657
f 5616 5657 5658
f 5659 5612 5615
f 5659 5615 5660
f 5661 5630 5633
f 5661 5633 5662
f 5641 5663 5664
f 5641 5664 5642
f 5665 5649 5666
f 5665 5666 5667
f 5668 5669 5628
f 5668 5628 5670
f 5642 5664 5671
f 5642 5671 5672
f 5612 5659 5673
f 5612 5673 5624
f 5658 5657 5667
f 5658 5667 5666
f 5669 5668 5674
f 5669 5674 5639
f 5656 5619 5672
f 5656 5672 5671
f 5675 5676 5653
f 5675 5653 5621
f 5677 5627 5636
f 5677 5636 5651
f 5678 5646 5649
f 5678 5649 5665
f 5571 5574 5532
f 5571 5532 5531
f 5574 5586 5542
f 5574 5542 5532
f 5541 5542 5586
f 5541 5586 5679
f 5551 5541 5679
f 5551 5679 5555
f 5555 5558 5537
f 5555 5537 5551
f 5558 5580 5538
f 5558 5538 5537
f 5545 5538 5580
f 5545 5580 5680
f 5358 1007 1010
f 5358 1010 5356
f 5359 1011 1007
f 5359 1007 5358
f 1090 1073 1074
f 1090 1074 1091
f 1090 1092 1075
f 1090 1075 1073
f 1091 1074 1080
f 1091 1080 1094
f 1115 1095 1098
f 1115 1098 1116
f 5368 5370 1104
f 5368 1104 1103
f 1060 1072 1121
f 1060 1121 1080
f 1096 1095 1147
f 1096 1147 1145
f 1145 1147 1121
f 1145 1121 1072
f 1009 1093 5354
f 1009 5354 1010
f 1066 1012 1011
f 1066 1011 5360
f 920 1066 5360
f 920 5360 5362
f 916 920 5362
f 916 5362 5364
f 913 916 5364
f 913 5364 5366
f 1106 913 5366
f 1106 5366 1103
f 1092 5427 5425
f 1092 5425 1075
f 5427 5434 5432
f 5427 5432 5425
f 5434 5439 5437
f 5434 5437 5432
f 5370 5441 5442
f 5370 5442 1104
f 5681 5502 5489
f 5681 5489 5488
f 5471 5470 5498
f 5471 5498 5497
f 5502 5501 5516
f 5502 5516 5489
f 5470 5510 5528
f 5470 5528 5498
f 5510 5546 5533
f 5510 5533 5528
f 5501 5541 5551
f 5501 5551 5516
f 5679 5608 5556
f 5679 5556 5555
f 5584 5583 5576
f 5584 5576 5575
f 5663 5641 5624
f 5663 5624 5673
f 5662 5633 5622
f 5662 5622 5654
f 5660 5615 5639
f 5660 5639 5674
f 5627 5677 5670
f 5627 5670 5628
f 5547 5545 5680
f 5547 5680 5567
f 5567 5570 5544
f 5567 5544 5547
f 5605 5682 5683
f 5605 5683 5684
f 5685 5686 5687
f 5685 5687 5609
f 5688 5689 5690
f 5688 5690 5691
f 5610 5692 5693
f 5610 5693 5694
f 5695 5696 5697
f 5695 5697 5698
f 5694 5693 5699
f 5694 5699 5606
f 5691 5690 5700
f 5691 5700 5597
f 5594 5701 5702
f 5594 5702 5611
f 5703 5704 5686
f 5703 5686 5685
f 5705 5706 5707
f 5705 5707 5602
f 5698 5697 5708
f 5698 5708 5593
f 5607 5709 5696
f 5607 5696 5695
f 5684 5683 5706
f 5684 5706 5705
f 5590 5589 5570
f 5590 5570 5569
f 5543 5544 5570
f 5543 5570 5589
f 5589 5559 5550
f 5589 5550 5543
f 5559 5562 5540
f 5559 5540 5550
f 5539 5540 5562
f 5539 5562 5581
f 5581 5584 5546
f 5581 5546 5539
f 5600 5710 5578
f 5600 5578 5577
f 5533 5546 5584
f 5533 5584 5575
f 5649 5648 5711
f 5649 5711 5666
f 5643 5642 5672
f 5643 5672 5712
f 5582 5581 5562
f 5582 5562 5561
f 5713 5675 5621
f 5713 5621 5620
f 5568 5567 5680
f 5568 5680 5592
f 5599 5714 5710
f 5599 5710 5600
f 5575 5578 5534
f 5575 5534 5533
f 5596 5715 5566
f 5596 5566 5565
f 5554 5534 5578
f 5554 5578 5710
f 5608 5679 5586
f 5608 5586 5585
f 5592 5680 5580
f 5592 5580 5579
f 5553 5554 5710
f 5553 5710 5714
f 5604 5716 5715
f 5604 5715 5596
f 5587 5563 5549
f 5587 5549 5548
f 5563 5566 5552
f 5563 5552 5549
f 5536 5552 5566
f 5536 5566 5715
f 5535 5536 5715
f 5535 5715 5716
f 5669 5717 5629
f 5669 5629 5628
f 5617 5616 5658
f 5617 5658 5718
f 5718 5658 5666
f 5718 5666 5711
f 5641 5640 5625
f 5641 5625 5624
f 5718 5711 5719
f 5718 5719 5720
f 5619 5618 5712
f 5619 5712 5672
f 5617 5718 5720
f 5617 5720 5721
f 5721 5722 5618
f 5721 5618 5617
f 5722 5723 5712
f 5722 5712 5618
f 5643 5712 5723
f 5643 5723 5724
f 5640 5643 5724
f 5640 5724 5725
f 5725 5726 5625
f 5725 5625 5640
f 5613 5625 5726
f 5613 5726 5727
f 5727 5728 5614
f 5727 5614 5613
f 5728 5729 5638
f 5728 5638 5614
f 5717 5638 5729
f 5717 5729 5730
f 5717 5669 5639
f 5717 5639 5638
f 5730 5731 5629
f 5730 5629 5717
f 5626 5629 5731
f 5626 5731 5732
f 5732 5733 5637
f 5732 5637 5626
f 5634 5637 5733
f 5634 5733 5734
f 5644 5634 5734
f 5644 5734 5735
f 5736 5737 5632
f 5736 5632 5631
f 5737 5738 5623
f 5737 5623 5632
f 5620 5623 5738
f 5620 5738 5739
f 5713 5620 5739
f 5713 5739 5740
f 5741 5742 5648
f 5741 5648 5647
f 5742 5719 5711
f 5742 5711 5648
f 5743 5744 5733
f 5743 5733 5732
f 5745 5746 5719
f 5745 5719 5742
f 5676 5678 5704
f 5676 5704 5747
f 5748 5743 5732
f 5748 5732 5731
f 5749 5748 5731
f 5749 5731 5730
f 5676 5675 5646
f 5676 5646 5678
f 5750 5746 5751
f 5750 5751 5752
f 5753 5754 5751
f 5753 5751 5755
f 5741 5647 5713
f 5741 5713 5740
f 5756 5750 5752
f 5756 5752 5757
f 5758 5756 5757
f 5758 5757 5759
f 5760 5726 5725
f 5760 5725 5759
f 5757 5752 5761
f 5757 5761 5762
f 5675 5713 5647
f 5675 5647 5646
f 5752 5751 5754
f 5752 5754 5761
f 5762 5761 5763
f 5762 5763 5764
f 5755 5751 5746
f 5755 5746 5745
f 5720 5719 5746
f 5720 5746 5750
f 5721 5720 5750
f 5721 5750 5756
f 5722 5721 5756
f 5722 5756 5758
f 5763 5765 5744
f 5763 5744 5743
f 5766 5765 5754
f 5766 5754 5753
f 5759 5757 5762
f 5759 5762 5760
f 5740 5739 5755
f 5740 5755 5745
f 5739 5738 5753
f 5739 5753 5755
f 5761 5754 5765
f 5761 5765 5763
f 5758 5724 5723
f 5758 5723 5722
f 5735 5734 5767
f 5735 5767 5736
f 5766 5753 5738
f 5766 5738 5737
f 5767 5744 5765
f 5767 5765 5766
f 5760 5762 5764
f 5760 5764 5768
f 5734 5733 5744
f 5734 5744 5767
f 5768 5764 5748
f 5768 5748 5749
f 5764 5763 5743
f 5764 5743 5748
f 5768 5727 5726
f 5768 5726 5760
f 5759 5725 5724
f 5759 5724 5758
f 5730 5729 5728
f 5730 5728 5749
f 5749 5728 5727
f 5749 5727 5768
f 5769 5591 5593
f 5769 5593 5708
f 5701 5594 5591
f 5701 5591 5769
f 5770 5595 5597
f 5770 5597 5700
f 5771 5598 5601
f 5771 5601 5772
f 5772 5601 5602
f 5772 5602 5707
f 5747 5603 5595
f 5747 5595 5770
f 5682 5605 5606
f 5682 5606 5699
f 5709 5607 5609
f 5709 5609 5687
f 5692 5610 5611
f 5692 5611 5702
f 5582 5605 5684
f 5582 5684 5583
f 5573 5685 5609
f 5573 5609 5585
f 5588 5688 5691
f 5588 5691 5564
f 5590 5610 5694
f 5590 5694 5560
f 5556 5695 5698
f 5556 5698 5557
f 5560 5694 5606
f 5560 5606 5561
f 5564 5691 5597
f 5564 5597 5565
f 5568 5594 5611
f 5568 5611 5569
f 5572 5703 5685
f 5572 5685 5573
f 5576 5705 5602
f 5576 5602 5577
f 5557 5698 5593
f 5557 5593 5579
f 5608 5607 5695
f 5608 5695 5556
f 5583 5684 5705
f 5583 5705 5576
f 5709 5687 5667
f 5709 5667 5657
f 5696 5709 5657
f 5696 5657 5655
f 5655 5656 5697
f 5655 5697 5696
f 5656 5671 5708
f 5656 5708 5697
f 5769 5708 5671
f 5769 5671 5664
f 5701 5769 5664
f 5701 5664 5663
f 5663 5673 5702
f 5663 5702 5701
f 5692 5702 5673
f 5692 5673 5659
f 5659 5660 5693
f 5659 5693 5692
f 5660 5674 5699
f 5660 5699 5693
f 5682 5699 5674
f 5682 5674 5668
f 5668 5670 5683
f 5668 5683 5682
f 5706 5683 5670
f 5706 5670 5677
f 5677 5651 5707
f 5677 5707 5706
f 5772 5707 5651
f 5772 5651 5650
f 5771 5772 5650
f 5771 5650 5652
f 5661 5662 5690
f 5661 5690 5689
f 5662 5654 5700
f 5662 5700 5690
f 5770 5700 5654
f 5770 5654 5653
f 5747 5770 5653
f 5747 5653 5676
f 5678 5665 5686
f 5678 5686 5704
f 5665 5667 5687
f 5665 5687 5686
f 5530 5773 5774
f 5530 5774 5519
f 5522 5775 5776
f 5522 5776 5523
f 5494 5493 5777
f 5494 5777 5507
f 5778 5456 5459
f 5778 5459 5492
f 5480 5479 5496
f 5480 5496 5495
f 5469 5468 5487
f 5469 5487 5486
f 5535 5716 5571
f 5535 5571 5531
f 5779 5464 5467
f 5779 5467 5474
f 5462 5468 5471
f 5462 5471 5780
f 5502 5681 5484
f 5502 5484 5483
f 5507 5777 5467
f 5507 5467 5466
f 5781 5475 5478
f 5781 5478 5782
f 5460 5479 5482
f 5460 5482 5783
f 5782 5478 5484
f 5782 5484 5473
f 5716 5604 5572
f 5716 5572 5571
f 5523 5776 5500
f 5523 5500 5499
f 5783 5482 5487
f 5783 5487 5463
f 5784 5488 5464
f 5784 5464 5779
f 5785 5490 5456
f 5785 5456 5778
f 5519 5774 5459
f 5519 5459 5458
f 5454 5493 5496
f 5454 5496 5461
f 5786 5497 5500
f 5786 5500 5485
f 5472 5681 5488
f 5472 5488 5784
f 5780 5471 5497
f 5780 5497 5786
f 5773 5450 5451
f 5773 5451 5774
f 5775 5452 5453
f 5775 5453 5776
f 5493 5454 5455
f 5493 5455 5777
f 5479 5460 5461
f 5479 5461 5496
f 5468 5462 5463
f 5468 5463 5487
f 5681 5472 5473
f 5681 5473 5484
f 5777 5455 5474
f 5777 5474 5467
f 5776 5453 5485
f 5776 5485 5500
f 5774 5451 5492
f 5774 5492 5459
f 5736 5631 5644
f 5736 5644 5735
f 1144 5778 5492
f 1144 5492 5424
f 5703 5572 5604
f 5703 5604 5603
f 5438 5779 5474
f 5438 5474 5449
f 5440 5462 5780
f 5440 5780 5441
f 5447 5781 5782
f 5447 5782 5435
f 1519 5460 5783
f 1519 5783 5444
f 5435 5782 5473
f 5435 5473 5436
f 5703 5603 5747
f 5703 5747 5704
f 5444 5783 5463
f 5444 5463 5445
f 5437 5784 5779
f 5437 5779 5438
f 1143 5785 5778
f 1143 5778 1144
f 992 5454 5461
f 992 5461 997
f 5442 5786 5485
f 5442 5485 5443
f 5439 5472 5784
f 5439 5784 5437
f 5441 5780 5786
f 5441 5786 5442
f 5767 5766 5737
f 5767 5737 5736
f 5740 5745 5742
f 5740 5742 5741
f 5645 5644 5631
f 5645 5631 5630
f 5652 5645 5630
f 5652 5630 5661
f 5661 5689 5771
f 5661 5771 5652
f 5598 5771 5689
f 5598 5689 5688
f 5688 5588 5599
f 5688 5599 5598
f 5714 5599 5588
f 5714 5588 5587
f 5553 5714 5587
f 5553 5587 5548
f 5521 5553 5548
f 5521 5548 5513
f 5513 5491 5522
f 5513 5522 5521
f 5775 5522 5491
f 5775 5491 5490
f 5452 5775 5490
f 5452 5490 5785
f 5785 1143 1142
f 5785 1142 5452
f 1143 1087 1086
f 1143 1086 1142
f 1032 1086 1087
f 1032 1087 1033
f 1033 1036 1026
f 1033 1026 1032
f 1036 1039 1020
f 1036 1020 1026
f 5531 5527 5529
f 5531 5529 5535
f 5530 5529 5527
f 5530 5527 5476
f 5773 5530 5476
f 5773 5476 5475
f 5450 5773 5475
f 5450 5475 5781
f 5781 5447 991
f 5781 991 5450
f 989 991 5447
f 989 5447 5446
f 896 989 5446
f 896 5446 5448
f 897 896 5448
f 897 5448 909
f 899 897 909
f 899 909 908
f 892 899 908
f 892 908 917
f 893 892 917
f 893 917 278
f 886 893 278
f 886 278 281
f 887 886 281
f 887 281 1065
f 889 887 1065
f 889 1065 1102
f 994 889 1102
f 994 1102 1101
f 1039 1037 1021
f 1039 1021 1020
f 1037 1038 1028
f 1037 1028 1021
f 1038 1046 1029
f 1038 1029 1028
f 1112 1029 1046
f 1112 1046 1119
f 1119 1041 1023
f 1119 1023 1112
f 1041 1044 1024
f 1041 1024 1023
f 5787 5788 5789
f 5787 5789 5075
f 5076 5075 5789
f 5076 5789 5790
f 5791 5792 5793
f 5791 5793 5794
f 5795 5790 5789
f 5795 5789 5796
f 5792 5791 5797
f 5792 5797 5798
f 5799 5800 5801
f 5799 5801 5802
f 5800 5799 5803
f 5800 5803 5804
f 5805 5806 5807
f 5805 5807 5808
f 5809 5792 5798
f 5809 5798 5810
f 5800 5811 5812
f 5800 5812 5801
f 5811 5800 5804
f 5811 5804 5813
f 5806 5814 5815
f 5806 5815 5807
f 5792 5809 5816
f 5792 5816 5793
f 5817 5795 5796
f 5817 5796 5818
f 5819 5820 5821
f 5819 5821 5822
f 5823 5824 5825
f 5823 5825 5826
f 5827 5828 5829
f 5827 5829 5830
f 5831 5832 5833
f 5831 5833 4952
f 5834 5835 5833
f 5834 5833 5832
f 5836 5837 5838
f 5836 5838 5839
f 5840 5841 5842
f 5840 5842 5843
f 5843 5844 5845
f 5843 5845 5840
f 5846 5847 5848
f 5846 5848 5849
f 5849 5850 5851
f 5849 5851 5846
f 5852 5853 5854
f 5852 5854 5855
f 5820 5856 5850
f 5820 5850 5849
f 5849 5848 5821
f 5849 5821 5820
f 5828 5857 5844
f 5828 5844 5843
f 5843 5842 5829
f 5843 5829 5828
f 5839 5838 5825
f 5839 5825 5824
f 5858 5859 5835
f 5858 5835 5834
f 5860 5861 5859
f 5860 5859 5858
f 5862 5863 5853
f 5862 5853 5852
f 5861 5864 5865
f 5861 5865 5859
f 5859 5865 5866
f 5859 5866 5835
f 5820 5819 5867
f 5820 5867 5856
f 5862 5868 5869
f 5862 5869 5863
f 5828 5827 5870
f 5828 5870 5857
f 5871 5872 5873
f 5871 5873 5874
f 5875 5876 5877
f 5875 5877 5878
f 5879 5880 5881
f 5879 5881 5882
f 5883 5884 5885
f 5883 5885 5886
f 5884 5883 5887
f 5884 5887 5888
f 5889 5890 5891
f 5889 5891 5892
f 5893 5831 4952
f 5893 4952 4951
f 5880 5879 5894
f 5880 5894 5895
f 5896 5875 5878
f 5896 5878 5897
f 5898 5879 5882
f 5898 5882 5899
f 5835 5866 5900
f 5835 5900 5833
f 5130 5129 5901
f 5130 5901 5902
f 5884 5903 5904
f 5884 5904 5885
f 5903 5884 5888
f 5903 5888 5905
f 5890 5906 5907
f 5890 5907 5891
f 5879 5898 5908
f 5879 5908 5894
f 5909 5910 5911
f 5909 5911 5912
f 5913 5914 5915
f 5913 5915 5916
f 5917 5918 5919
f 5917 5919 5920
f 5921 5922 5923
f 5921 5923 5924
f 5925 5909 5912
f 5925 5912 5926
f 5927 5928 5929
f 5927 5929 5930
f 5931 5932 5933
f 5931 5933 5934
f 5918 5935 5936
f 5918 5936 5919
f 5931 5937 5938
f 5931 5938 5939
f 5940 5913 5916
f 5940 5916 5941
f 5922 5942 5943
f 5922 5943 5923
f 5928 5944 5945
f 5928 5945 5929
f 5946 5947 5948
f 5946 5948 5949
f 5950 5951 5952
f 5950 5952 5953
f 5954 5946 5949
f 5954 5949 5955
f 5951 5956 5957
f 5951 5957 5952
f 5958 5959 5914
f 5958 5914 5913
f 5960 5961 5922
f 5960 5922 5921
f 5962 5963 5928
f 5962 5928 5927
f 5939 5964 5932
f 5939 5932 5931
f 5934 5965 5937
f 5934 5937 5931
f 5966 5958 5913
f 5966 5913 5940
f 5961 5967 5942
f 5961 5942 5922
f 5963 5968 5944
f 5963 5944 5928
f 5969 5970 5971
f 5969 5971 5972
f 5973 5974 5975
f 5973 5975 5976
f 5977 5978 5979
f 5977 5979 5980
f 5981 5982 5983
f 5981 5983 5984
f 5985 5986 5987
f 5985 5987 5988
f 5988 5989 5990
f 5988 5990 5985
f 5991 5992 5993
f 5991 5993 5994
f 5994 5995 5996
f 5994 5996 5991
f 5997 5998 5999
f 5997 5999 6000
f 5970 6001 5995
f 5970 5995 5994
f 5994 5993 5971
f 5994 5971 5970
f 5978 6002 5989
f 5978 5989 5988
f 5988 5987 5979
f 5988 5979 5978
f 5984 5983 5975
f 5984 5975 5974
f 6003 6004 5998
f 6003 5998 5997
f 5970 5969 6005
f 5970 6005 6001
f 6003 6006 6007
f 6003 6007 6004
f 5978 5977 6008
f 5978 6008 6002
f 6009 6010 6011
f 6009 6011 6012
f 6013 6014 6015
f 6013 6015 6016
f 6017 6018 6019
f 6017 6019 6020
f 6018 6017 6021
f 6018 6021 6022
f 6023 6024 6025
f 6023 6025 6026
f 6014 6013 6027
f 6014 6027 6028
f 6029 6009 6012
f 6029 6012 6030
f 6031 6013 6016
f 6031 6016 6032
f 6018 6033 6034
f 6018 6034 6019
f 6033 6018 6022
f 6033 6022 6035
f 6024 6036 6037
f 6024 6037 6025
f 6013 6031 6038
f 6013 6038 6027
f 6039 6040 6041
f 6039 6041 6042
f 6043 6044 6045
f 6043 6045 6046
f 6047 6048 6049
f 6047 6049 6050
f 6051 6052 6053
f 6051 6053 6054
f 6055 6039 6042
f 6055 6042 6056
f 6057 6058 6059
f 6057 6059 6060
f 6061 6062 6063
f 6061 6063 6064
f 6048 6065 6066
f 6048 6066 6049
f 6061 6067 6068
f 6061 6068 6069
f 6070 6043 6046
f 6070 6046 6071
f 6052 6072 6073
f 6052 6073 6053
f 6058 6074 6075
f 6058 6075 6059
f 6076 6077 6078
f 6076 6078 6079
f 6080 6081 6082
f 6080 6082 6083
f 6084 6076 6079
f 6084 6079 6085
f 6081 6086 6087
f 6081 6087 6082
f 6088 6089 6044
f 6088 6044 6043
f 6090 6091 6052
f 6090 6052 6051
f 6092 6093 6058
f 6092 6058 6057
f 6069 6094 6062
f 6069 6062 6061
f 6064 6095 6067
f 6064 6067 6061
f 6096 6088 6043
f 6096 6043 6070
f 6091 6097 6072
f 6091 6072 6052
f 6093 6098 6074
f 6093 6074 6058
f 6099 6100 6101
f 6099 6101 6102
f 6103 6104 6105
f 6103 6105 6106
f 6107 6108 6109
f 6107 6109 6110
f 6111 6112 6113
f 6111 6113 6114
f 6115 6116 6117
f 6115 6117 6118
f 6118 6119 6120
f 6118 6120 6115
f 6121 6122 6123
f 6121 6123 6124
f 6124 6125 6126
f 6124 6126 6121
f 6127 6128 6129
f 6127 6129 6130
f 6100 6131 6125
f 6100 6125 6124
f 6124 6123 6101
f 6124 6101 6100
f 6108 6132 6119
f 6108 6119 6118
f 6118 6117 6109
f 6118 6109 6108
f 6114 6113 6105
f 6114 6105 6104
f 6133 6134 6128
f 6133 6128 6127
f 6100 6099 6135
f 6100 6135 6131
f 6133 6136 6137
f 6133 6137 6134
f 6108 6107 6138
f 6108 6138 6132
f 6139 6140 6141
f 6139 6141 6142
f 6143 6144 6145
f 6143 6145 6146
f 6147 6148 6149
f 6147 6149 6150
f 6148 6147 6151
f 6148 6151 6152
f 6153 6154 6155
f 6153 6155 6156
f 6144 6143 6157
f 6144 6157 6158
f 6159 6139 6142
f 6159 6142 6160
f 6161 6143 6146
f 6161 6146 6162
f 6148 6163 6164
f 6148 6164 6149
f 6163 6148 6152
f 6163 6152 6165
f 6154 6166 6167
f 6154 6167 6155
f 6143 6161 6168
f 6143 6168 6157
f 6169 6170 6171
f 6169 6171 6172
f 6171 6170 6173
f 6171 6173 6174
f 5121 5142 6175
f 5121 6175 6176
f 6177 6178 6179
f 6177 6179 6173
f 6180 6181 6182
f 6180 6182 6183
f 6184 6185 6186
f 6184 6186 6187
f 6188 6189 6183
f 6188 6183 6182
f 6189 6188 6172
f 6189 6172 6171
f 6185 6184 6190
f 6185 6190 6191
f 6192 6184 6187
f 6192 6187 6193
f 6189 6194 6195
f 6189 6195 6183
f 6194 6189 6171
f 6194 6171 6174
f 6184 6192 6196
f 6184 6196 6190
f 5902 5901 4958
f 5902 4958 4957
f 5136 5135 6197
f 5136 6197 6198
f 5826 6199 6200
f 5826 6200 5162
f 6105 6113 6201
f 6105 6201 6202
f 5165 6203 6204
f 5165 6204 5147
f 5826 5825 6205
f 5826 6205 6199
f 5983 5982 6206
f 5983 6206 6207
f 5920 5919 6208
f 5920 6208 6209
f 5878 5877 6210
f 5878 6210 6211
f 5811 5813 5908
f 5811 5908 5898
f 5898 5899 5812
f 5898 5812 5811
f 5128 5114 6212
f 5128 6212 6200
f 5897 5878 6211
f 5897 6211 6213
f 5903 5905 6038
f 5903 6038 6031
f 6033 6035 6168
f 6033 6168 6161
f 6161 6162 6034
f 6161 6034 6033
f 6031 6032 5904
f 6031 5904 5903
f 6165 6159 6196
f 6165 6196 6192
f 6163 6165 6192
f 6163 6192 6193
f 5140 5139 6214
f 5140 6214 6215
f 5972 5971 6216
f 5972 6216 6217
f 5892 6210 6218
f 5892 6218 5837
f 5155 5154 6212
f 5155 6212 6219
f 5834 5832 6220
f 5834 6220 6221
f 5926 5912 6222
f 5926 6222 6223
f 6224 6225 5900
f 6224 5900 5866
f 6226 6227 6228
f 6226 6228 6229
f 5012 5011 6230
f 5012 6230 6231
f 4963 6232 6229
f 4963 6229 6228
f 6233 6234 6235
f 6233 6235 6236
f 6237 6238 6225
f 6237 6225 6224
f 4966 4968 4978
f 4966 4978 5012
f 6239 6240 6241
f 6239 6241 6242
f 4964 4966 5012
f 4964 5012 6231
f 6240 6239 6236
f 6240 6236 6235
f 6243 6244 6240
f 6243 6240 6235
f 6244 6245 6241
f 6244 6241 6240
f 6243 6246 5008
f 6243 5008 5007
f 6247 6248 6249
f 6247 6249 6250
f 4965 6251 5009
f 4965 5009 4967
f 5873 6252 6253
f 5873 6253 6254
f 6251 6255 5010
f 6251 5010 5009
f 6256 6257 6258
f 6256 6258 6259
f 6257 6256 6260
f 6257 6260 6261
f 6231 6230 6248
f 6231 6248 6262
f 6263 6264 6265
f 6263 6265 6266
f 6267 6263 6266
f 6267 6266 6268
f 6269 6270 6271
f 6269 6271 6272
f 6273 6274 6258
f 6273 6258 6275
f 6276 6277 6274
f 6276 6274 6273
f 6278 6279 6277
f 6278 6277 6276
f 6278 6280 6281
f 6278 6281 6279
f 6281 6280 6282
f 6281 6282 6283
f 6282 6284 6285
f 6282 6285 6283
f 6286 6287 6288
f 6286 6288 6289
f 6290 6291 6287
f 6290 6287 6286
f 6268 6292 6293
f 6268 6293 6267
f 6292 6294 6295
f 6292 6295 6293
f 6294 6296 6297
f 6294 6297 6295
f 6298 6299 6285
f 6298 6285 6284
f 6299 6298 6300
f 6299 6300 6301
f 5165 5164 6175
f 5165 6175 6203
f 5848 5847 6302
f 5848 6302 6303
f 5882 5881 6304
f 5882 6304 6305
f 5831 5893 6306
f 5831 6306 6307
f 6308 6297 6296
f 6308 6296 6309
f 6291 6301 6300
f 6291 6300 6310
f 6310 6311 6287
f 6310 6287 6291
f 6311 6312 6288
f 6311 6288 6287
f 6313 6314 6315
f 6313 6315 6316
f 6317 6272 6288
f 6317 6288 6312
f 6269 6272 6317
f 6269 6317 6264
f 6308 6309 6318
f 6308 6318 6319
f 6320 6319 6318
f 6320 6318 6321
f 6321 6322 6323
f 6321 6323 6320
f 6324 6323 6322
f 6324 6322 6325
f 6326 6327 6324
f 6326 6324 6325
f 6328 6327 6326
f 6328 6326 6329
f 6329 6330 6331
f 6329 6331 6328
f 6332 6315 6237
f 6332 6237 6224
f 6333 6316 6315
f 6333 6315 6332
f 6247 6334 6262
f 6247 6262 6248
f 6335 4953 5900
f 6335 5900 6225
f 6336 5858 5834
f 6336 5834 6221
f 6337 6331 6330
f 6337 6330 6338
f 6339 6340 6337
f 6339 6337 6338
f 5015 6253 6252
f 5015 6252 5016
f 6341 5860 5858
f 6341 5858 6336
f 6339 6342 6343
f 6339 6343 6340
f 6344 6345 6346
f 6344 6346 6347
f 5865 6332 6224
f 5865 6224 5866
f 5864 6333 6332
f 5864 6332 5865
f 6348 6349 6260
f 6348 6260 6256
f 5874 6350 6351
f 5874 6351 6352
f 6250 4954 4953
f 6250 4953 6335
f 4996 4989 6344
f 4996 6344 6353
f 6354 6355 6356
f 6354 6356 6357
f 5871 5874 6352
f 5871 6352 6358
f 6247 6250 6335
f 6247 6335 6359
f 6359 6335 6225
f 6359 6225 6238
f 6347 6346 5017
f 6347 5017 5016
f 6360 6347 5016
f 6360 5016 6361
f 5831 6307 6220
f 5831 6220 5832
f 6362 6306 5893
f 6362 5893 6363
f 6362 6363 6364
f 6362 6364 6365
f 6363 6354 6357
f 6363 6357 6364
f 6366 6367 5005
f 6366 5005 4987
f 6368 6369 4986
f 6368 4986 5004
f 6369 6366 4987
f 6369 4987 4986
f 6370 6371 6372
f 6370 6372 6373
f 6374 6375 6376
f 6374 6376 6377
f 6377 6376 6314
f 6377 6314 6378
f 6378 6314 6313
f 6378 6313 6379
f 6380 4977 4976
f 6380 4976 5002
f 6381 6382 6356
f 6381 6356 6383
f 6249 6383 6356
f 6249 6356 6355
f 6384 6382 6367
f 6384 6367 6366
f 6385 6386 6369
f 6385 6369 6368
f 6386 6384 6366
f 6386 6366 6369
f 6381 5011 4977
f 6381 4977 6380
f 5002 5005 6367
f 5002 6367 6380
f 6353 6344 6347
f 6353 6347 6360
f 4962 4964 6231
f 4962 6231 6262
f 6380 6367 6382
f 6380 6382 6381
f 6364 6357 6384
f 6364 6384 6386
f 5013 5018 6245
f 5013 6245 6244
f 6365 6364 6386
f 6365 6386 6385
f 6355 4954 6250
f 6355 6250 6249
f 4959 4962 6262
f 4959 6262 6334
f 6355 6354 4951
f 6355 4951 4954
f 6387 4959 6334
f 6387 6334 6388
f 6357 6356 6382
f 6357 6382 6384
f 4963 6228 6251
f 4963 6251 4965
f 6235 6234 6246
f 6235 6246 6243
f 4989 4992 6345
f 4989 6345 6344
f 5007 5013 6244
f 5007 6244 6243
f 6228 6227 6255
f 6228 6255 6251
f 6383 6230 5011
f 6383 5011 6381
f 5130 5902 6358
f 5130 6358 6349
f 5902 4957 5871
f 5902 5871 6358
f 4992 4991 4999
f 4992 4999 4998
f 4995 4980 4979
f 4995 4979 5000
f 4957 4956 5872
f 4957 5872 5871
f 6389 6269 6264
f 6389 6264 6263
f 5146 5147 6204
f 5146 6204 6390
f 6256 6259 6391
f 6256 6391 6348
f 6392 6389 6263
f 6392 6263 6267
f 6393 5872 4956
f 6393 4956 6394
f 6361 6393 6394
f 6361 6394 6395
f 6360 6361 6395
f 6360 6395 6396
f 4575 6397 6398
f 4575 6398 4576
f 4575 4579 6399
f 4575 6399 6397
f 4579 4581 4600
f 4579 4600 6399
f 6252 6393 6361
f 6252 6361 5016
f 5873 5872 6393
f 5873 6393 6252
f 6396 6400 6353
f 6396 6353 6360
f 6359 6388 6334
f 6359 6334 6247
f 6392 4960 6401
f 6392 6401 6389
f 6248 6230 6383
f 6248 6383 6249
f 6363 5893 4951
f 6363 4951 6354
f 6343 6342 6402
f 6343 6402 6403
f 6404 6379 6313
f 6404 6313 6405
f 6238 6375 6388
f 6238 6388 6359
f 6405 6313 6316
f 6405 6316 6406
f 6315 6314 6376
f 6315 6376 6237
f 6270 6374 6377
f 6270 6377 6271
f 6407 6392 6267
f 6407 6267 6293
f 6377 6378 6289
f 6377 6289 6271
f 6389 6401 6270
f 6389 6270 6269
f 6407 6232 4963
f 6407 4963 4961
f 6286 6289 6378
f 6286 6378 6379
f 6374 6387 6388
f 6374 6388 6375
f 6290 6286 6379
f 6290 6379 6404
f 6408 6403 6402
f 6408 6402 6409
f 6400 6373 4996
f 6400 4996 6353
f 6352 6260 6349
f 6352 6349 6358
f 6260 6352 6351
f 6260 6351 6261
f 6293 6295 6232
f 6293 6232 6407
f 6376 6375 6238
f 6376 6238 6237
f 6410 6411 6191
f 6410 6191 6190
f 6190 6196 6412
f 6190 6412 6410
f 5881 5845 6302
f 5881 6302 6304
f 6413 6414 6170
f 6413 6170 6169
f 6064 6063 6415
f 6064 6415 6416
f 6071 6087 6417
f 6071 6417 6418
f 5175 5169 6197
f 5175 6197 6419
f 6409 6420 6275
f 6409 6275 6408
f 6421 6273 6275
f 6421 6275 6420
f 6295 6297 6229
f 6295 6229 6232
f 6226 6229 6297
f 6226 6297 6308
f 6289 6288 6272
f 6289 6272 6271
f 6139 6159 6165
f 6139 6165 6152
f 6226 6308 6319
f 6226 6319 6242
f 6276 6273 6421
f 6276 6421 6422
f 6422 6423 6278
f 6422 6278 6276
f 5122 5121 6176
f 5122 6176 6424
f 4960 6392 6407
f 4960 6407 4961
f 4952 5833 5900
f 4952 5900 4953
f 6065 6048 6069
f 6065 6069 6068
f 6094 6069 6048
f 6094 6048 6047
f 6040 6039 6093
f 6040 6093 6092
f 6098 6093 6039
f 6098 6039 6055
f 6073 6110 6103
f 6073 6103 6085
f 6136 6133 6131
f 6136 6131 6135
f 6133 6127 6125
f 6133 6125 6131
f 6127 6130 6126
f 6127 6126 6125
f 6130 6129 6141
f 6130 6141 6140
f 6082 6087 6071
f 6082 6071 6046
f 6083 6082 6046
f 6083 6046 6045
f 6054 6053 6079
f 6054 6079 6078
f 6085 6079 6053
f 6085 6053 6073
f 6107 6110 6073
f 6107 6073 6072
f 6072 6097 6138
f 6072 6138 6107
f 6425 6426 6138
f 6425 6138 6097
f 6110 6109 6104
f 6110 6104 6103
f 6109 6117 6114
f 6109 6114 6104
f 6117 6116 6111
f 6117 6111 6114
f 6130 6140 6151
f 6130 6151 6126
f 6121 6126 6151
f 6121 6151 6147
f 6140 6139 6152
f 6140 6152 6151
f 6291 6290 6427
f 6291 6427 6301
f 4956 4955 6428
f 4956 6428 6394
f 6394 6428 6429
f 6394 6429 6395
f 6395 6429 6430
f 6395 6430 6396
f 6396 6430 6431
f 6396 6431 6400
f 6400 6431 6370
f 6400 6370 6373
f 4960 4959 6387
f 4960 6387 6401
f 6401 6387 6374
f 6401 6374 6270
f 6239 6242 6319
f 6239 6319 6320
f 6320 6323 6236
f 6320 6236 6239
f 6233 6236 6323
f 6233 6323 6324
f 6327 5014 6233
f 6327 6233 6324
f 6423 6432 6280
f 6423 6280 6278
f 6282 6280 6432
f 6282 6432 6433
f 6433 6434 6284
f 6433 6284 6282
f 6434 6435 6298
f 6434 6298 6284
f 5015 5014 6327
f 5015 6327 6328
f 6328 6331 6253
f 6328 6253 5015
f 6436 6274 6277
f 6436 6277 6437
f 6279 6438 6437
f 6279 6437 6277
f 6438 6279 6281
f 6438 6281 6439
f 6440 6285 6299
f 6440 6299 6441
f 6442 6283 6285
f 6442 6285 6440
f 6283 6442 6439
f 6283 6439 6281
f 6441 6299 6301
f 6441 6301 6427
f 6259 6258 6274
f 6259 6274 6436
f 6443 5861 5860
f 6443 5860 6444
f 5148 6391 6445
f 5148 6445 6446
f 6447 6333 5864
f 6447 5864 6448
f 5861 6443 6448
f 5861 6448 5864
f 6444 5860 6341
f 6444 6341 6449
f 6391 6259 6436
f 6391 6436 6445
f 6406 6316 6333
f 6406 6333 6447
f 6450 6451 6452
f 6450 6452 6453
f 6454 6455 6456
f 6454 6456 6457
f 6458 6440 6441
f 6458 6441 6453
f 6459 6438 6439
f 6459 6439 6457
f 6454 6442 6440
f 6454 6440 6458
f 5148 5131 6348
f 5148 6348 6391
f 6427 6450 6453
f 6427 6453 6441
f 6442 6454 6457
f 6442 6457 6439
f 6460 6458 6453
f 6460 6453 6452
f 6455 6454 6458
f 6455 6458 6460
f 6438 6459 6461
f 6438 6461 6437
f 6447 6448 6452
f 6447 6452 6451
f 6349 6348 5131
f 6349 5131 5130
f 6404 6450 6427
f 6404 6427 6290
f 6447 6451 6405
f 6447 6405 6406
f 6436 6437 6461
f 6436 6461 6445
f 6404 6405 6451
f 6404 6451 6450
f 6444 6449 6456
f 6444 6456 6455
f 6443 6444 6455
f 6443 6455 6460
f 5149 5148 6446
f 5149 6446 6462
f 5149 6462 6449
f 5149 6449 6341
f 6460 6452 6448
f 6460 6448 6443
f 5874 5873 6254
f 5874 6254 6350
f 6254 6253 6331
f 6254 6331 6337
f 6254 6337 6340
f 6254 6340 6350
f 6435 6463 6300
f 6435 6300 6298
f 6310 6300 6463
f 6310 6463 6464
f 6146 6145 6465
f 6146 6465 6466
f 5107 5066 6467
f 5107 6467 6468
f 5066 5065 6469
f 5066 6469 6467
f 6470 6471 5807
f 6470 5807 5815
f 6471 5788 5808
f 6471 5808 5807
f 5803 5102 5076
f 5803 5076 5790
f 5055 5102 5803
f 5055 5803 5799
f 6472 5787 5075
f 6472 5075 5074
f 6473 6472 5074
f 6473 5074 5086
f 6473 5110 5050
f 6473 5050 5044
f 5023 5026 5088
f 5023 5088 5089
f 5101 5105 5023
f 5101 5023 5089
f 6474 5109 5026
f 6474 5026 5025
f 6475 6476 5083
f 6475 5083 5082
f 6476 6477 5090
f 6476 5090 5083
f 6478 6477 5068
f 6478 5068 5067
f 6479 6480 5070
f 6479 5070 5069
f 6479 6468 5108
f 6479 5108 5072
f 6478 5067 5070
f 6478 5070 6480
f 5084 5091 5073
f 5084 5073 5030
f 5085 5084 5030
f 5085 5030 5029
f 5038 5037 5081
f 5038 5081 5080
f 5060 5105 5101
f 5060 5101 5054
f 5054 5053 5061
f 5054 5061 5060
f 5043 5049 5041
f 5043 5041 5040
f 5040 5047 5019
f 5040 5019 5043
f 5047 5046 5020
f 5047 5020 5019
f 5799 5802 5056
f 5799 5056 5055
f 6481 6482 5056
f 6481 5056 5802
f 5794 5793 5806
f 5794 5806 5805
f 5814 5806 5793
f 5814 5793 5816
f 5062 5061 6483
f 5062 6483 6484
f 6485 6486 5801
f 6485 5801 5812
f 6486 6481 5802
f 6486 5802 5801
f 5045 5098 5797
f 5045 5797 5791
f 5791 5794 5046
f 5791 5046 5045
f 6487 6482 5098
f 6487 5098 5099
f 6488 6487 5099
f 6488 5099 5096
f 6489 6488 5096
f 6489 5096 5097
f 6489 6483 5061
f 6489 5061 5053
f 5036 5095 5097
f 5036 5097 5042
f 6484 6483 5095
f 6484 5095 5094
f 6467 6469 5093
f 6467 5093 5092
f 6468 6467 5092
f 6468 5092 5108
f 5097 5095 6483
f 5097 6483 6489
f 5053 5052 6488
f 5053 6488 6489
f 6490 6305 5885
f 6490 5885 5904
f 6305 6304 5886
f 6305 5886 5885
f 5880 5895 5841
f 5880 5841 5840
f 6303 6302 5845
f 6303 5845 5844
f 6491 6303 5844
f 6491 5844 5857
f 6492 6491 5857
f 6492 5857 5870
f 5127 5128 5869
f 5127 5869 5868
f 6419 6197 5135
f 6419 5135 5153
f 6198 6197 5169
f 6198 5169 5168
f 6215 6214 5167
f 6215 5167 5166
f 6493 6215 5166
f 6493 5166 5174
f 6390 6493 5174
f 6390 5174 5146
f 6390 6204 5144
f 6390 5144 5143
f 5141 5120 5145
f 5141 5145 5144
f 5160 5165 5147
f 5160 5147 5118
f 6203 5141 5144
f 6203 5144 6204
f 6203 6175 5142
f 6203 5142 5141
f 6176 6175 5164
f 6176 5164 5159
f 6424 6176 5159
f 6424 5159 5158
f 6219 6212 5114
f 6219 5114 5113
f 6200 6212 5154
f 6200 5154 5162
f 5867 5176 5127
f 5867 5127 5868
f 5152 5176 5867
f 5152 5867 5819
f 5819 5822 5153
f 5819 5153 5152
f 6199 6205 5863
f 6199 5863 5869
f 6205 6494 5853
f 6205 5853 5863
f 6494 6218 5854
f 6494 5854 5853
f 5840 5845 5881
f 5840 5881 5880
f 6304 6302 5847
f 6304 5847 5886
f 5883 5886 5847
f 5883 5847 5846
f 6211 6210 5892
f 6211 5892 5891
f 6213 6211 5891
f 6213 5891 5907
f 5052 5057 6487
f 5052 6487 6488
f 5057 5056 6482
f 5057 6482 6487
f 5798 5797 6481
f 5798 6481 6486
f 6464 6495 6311
f 6464 6311 6310
f 6495 6496 6312
f 6495 6312 6311
f 6340 6343 6351
f 6340 6351 6350
f 6261 6351 6343
f 6261 6343 6403
f 6234 6233 5014
f 6234 5014 5017
f 6246 6234 5017
f 6246 5017 6346
f 6346 6345 5008
f 6346 5008 6246
f 4998 5008 6345
f 4998 6345 4992
f 5000 5010 5018
f 5000 5018 4995
f 6245 5018 5010
f 6245 5010 6255
f 6255 6227 6241
f 6255 6241 6245
f 6227 6226 6242
f 6227 6242 6241
f 6257 6261 6403
f 6257 6403 6408
f 6408 6275 6258
f 6408 6258 6257
f 6496 6497 6317
f 6496 6317 6312
f 6264 6317 6497
f 6264 6497 6265
f 5810 5798 6486
f 5810 6486 6485
f 5797 5098 6482
f 5797 6482 6481
f 5091 6478 6480
f 5091 6480 5073
f 6498 6499 6025
f 6498 6025 6037
f 6499 6500 6026
f 6499 6026 6025
f 6023 6026 5982
f 6023 5982 5981
f 6207 6206 5999
f 6207 5999 5998
f 6501 6207 5998
f 6501 5998 6004
f 6502 6501 6004
f 6502 6004 6007
f 5943 5980 5973
f 5943 5973 5955
f 6223 6222 5946
f 6223 5946 5954
f 6503 6222 5912
f 6503 5912 5911
f 6209 6208 5951
f 6209 5951 5950
f 6208 6504 5956
f 6208 5956 5951
f 6505 6504 5936
f 6505 5936 5935
f 6506 6507 5938
f 6506 5938 5937
f 6506 6508 5966
f 6506 5966 5940
f 6508 6509 5958
f 6508 5958 5966
f 6509 6510 5959
f 6509 5959 5958
f 6507 5941 5957
f 6507 5957 6505
f 5952 5957 5941
f 5952 5941 5916
f 5953 5952 5916
f 5953 5916 5915
f 5924 5923 5949
f 5924 5949 5948
f 5955 5949 5923
f 5955 5923 5943
f 5977 5980 5943
f 5977 5943 5942
f 5942 5967 6008
f 5942 6008 5977
f 6511 6217 6008
f 6511 6008 5967
f 5980 5979 5974
f 5980 5974 5973
f 5979 5987 5984
f 5979 5984 5974
f 5987 5986 5981
f 5987 5981 5984
f 5986 6028 6023
f 5986 6023 5981
f 6014 6028 5986
f 6014 5986 5985
f 5985 5990 6015
f 5985 6015 6014
f 6024 6023 6028
f 6024 6028 6027
f 6027 6038 6036
f 6027 6036 6024
f 5896 6036 6038
f 5896 6038 5905
f 5875 5896 5905
f 5875 5905 5888
f 5876 5875 5888
f 5876 5888 5887
f 5846 5851 5887
f 5846 5887 5883
f 5887 5851 5855
f 5887 5855 5876
f 5855 5854 5877
f 5855 5877 5876
f 5852 5855 5851
f 5852 5851 5850
f 5862 5852 5850
f 5862 5850 5856
f 5868 5862 5856
f 5868 5856 5867
f 6492 5870 5175
f 6492 5175 6419
f 5150 5175 5870
f 5150 5870 5827
f 5827 5830 5151
f 5827 5151 5150
f 5176 5171 5111
f 5176 5111 5127
f 5112 5111 5171
f 5112 5171 5170
f 5172 5145 5120
f 5172 5120 5119
f 5161 5160 5118
f 5161 5118 5117
f 5126 5125 5157
f 5126 5157 5156
f 5163 5157 5125
f 5163 5125 5151
f 5151 5830 5823
f 5151 5823 5163
f 5823 5826 5162
f 5823 5162 5163
f 6199 5869 5128
f 6199 5128 6200
f 5830 5829 5824
f 5830 5824 5823
f 5829 5842 5839
f 5829 5839 5824
f 5842 5841 5836
f 5842 5836 5839
f 5841 5895 5889
f 5841 5889 5836
f 5889 5892 5837
f 5889 5837 5836
f 6210 5877 5854
f 6210 5854 6218
f 5890 5889 5895
f 5890 5895 5894
f 5894 5908 5906
f 5894 5906 5890
f 5817 5906 5908
f 5817 5908 5813
f 5813 5804 5795
f 5813 5795 5817
f 5790 5795 5804
f 5790 5804 5803
f 5794 5805 5020
f 5794 5020 5046
f 5805 5808 5021
f 5805 5021 5020
f 5077 5076 5102
f 5077 5102 5103
f 5087 5077 5103
f 5087 5103 5100
f 5100 5101 5089
f 5100 5089 5087
f 5042 5041 5037
f 5042 5037 5036
f 5041 5049 5081
f 5041 5081 5037
f 5024 5023 5105
f 5024 5105 5104
f 5106 5071 5032
f 5106 5032 5031
f 5067 5032 5071
f 5067 5071 5070
f 5935 5918 5939
f 5935 5939 5938
f 5964 5939 5918
f 5964 5918 5917
f 5910 5909 5963
f 5910 5963 5962
f 5968 5963 5909
f 5968 5909 5925
f 5969 5972 5945
f 5969 5945 5944
f 5944 5968 6005
f 5944 6005 5969
f 5925 6006 6005
f 5925 6005 5968
f 6006 6003 6001
f 6006 6001 6005
f 6003 5997 5995
f 6003 5995 6001
f 5997 6000 5996
f 5997 5996 5995
f 6512 6513 6015
f 6512 6015 5990
f 6017 6020 5992
f 6017 5992 5991
f 5991 5996 6021
f 5991 6021 6017
f 6010 6009 6022
f 6010 6022 6021
f 6009 6029 6035
f 6009 6035 6022
f 6168 6035 6029
f 6168 6029 6166
f 6157 6168 6166
f 6157 6166 6154
f 6154 6153 6158
f 6154 6158 6157
f 6147 6150 6122
f 6147 6122 6121
f 6514 6515 6155
f 6514 6155 6167
f 6515 6516 6156
f 6515 6156 6155
f 6517 6465 6145
f 6517 6145 6120
f 6115 6120 6145
f 6115 6145 6144
f 6144 6158 6116
f 6144 6116 6115
f 6201 6518 6129
f 6201 6129 6128
f 6202 6201 6128
f 6202 6128 6134
f 6519 6202 6134
f 6519 6134 6137
f 6099 6102 6075
f 6099 6075 6074
f 6074 6098 6135
f 6074 6135 6099
f 6098 6055 6136
f 6098 6136 6135
f 6520 6521 6076
f 6520 6076 6084
f 6522 6521 6042
f 6522 6042 6041
f 6523 6524 6081
f 6523 6081 6080
f 6524 6525 6086
f 6524 6086 6081
f 6417 6525 6066
f 6417 6066 6065
f 6418 6417 6065
f 6418 6065 6068
f 6526 6418 6068
f 6526 6068 6067
f 6526 6527 6096
f 6526 6096 6070
f 6527 6416 6088
f 6527 6088 6096
f 6416 6415 6089
f 6416 6089 6088
f 6528 6529 6091
f 6528 6091 6090
f 6425 6529 6059
f 6425 6059 6075
f 6103 6106 6084
f 6103 6084 6085
f 6055 6056 6137
f 6055 6137 6136
f 6520 6084 6106
f 6520 6106 6519
f 6426 6530 6132
f 6426 6132 6138
f 6530 6531 6119
f 6530 6119 6132
f 6531 6517 6120
f 6531 6120 6119
f 6111 6116 6158
f 6111 6158 6153
f 6153 6156 6112
f 6153 6112 6111
f 6518 6112 6156
f 6518 6156 6516
f 6466 6465 6150
f 6466 6150 6149
f 6532 6466 6149
f 6532 6149 6164
f 6533 6534 5961
f 6533 5961 5960
f 6511 6534 5929
f 6511 5929 5945
f 5925 5926 6007
f 5925 6007 6006
f 5973 5976 5954
f 5973 5954 5955
f 6223 5954 5976
f 6223 5976 6502
f 6217 6216 6002
f 6217 6002 6008
f 6216 6535 5989
f 6216 5989 6002
f 6535 6512 5990
f 6535 5990 5989
f 5996 6000 6010
f 5996 6010 6021
f 6000 5999 6011
f 6000 6011 6010
f 6206 5982 6026
f 6206 6026 6500
f 6536 6513 6020
f 6536 6020 6019
f 6537 6536 6019
f 6537 6019 6034
f 5069 5107 6468
f 5069 6468 6479
f 5072 5073 6480
f 5072 6480 6479
f 4934 4925 4932
f 4934 4932 4945
f 6538 6539 6540
f 6538 6540 6541
f 6542 6540 6539
f 6542 6539 6543
f 4908 4932 4925
f 4908 4925 4914
f 4896 4908 4914
f 4896 4914 4889
f 4868 4896 4889
f 4868 4889 4878
f 6544 6542 6543
f 6544 6543 6545
f 6546 6544 6545
f 6546 6545 6547
f 4859 4868 4878
f 4859 4878 4852
f 6548 6546 6547
f 6548 6547 6549
f 6549 6550 6551
f 6549 6551 6548
f 4832 4859 4852
f 4832 4852 4842
f 4821 4832 4842
f 4821 4842 4814
f 6552 6551 6550
f 6552 6550 6553
f 6553 6554 6555
f 6553 6555 6552
f 4790 4821 4814
f 4790 4814 4805
f 4785 4790 4805
f 4785 4805 4778
f 4770 4785 4778
f 4770 4778 4768
f 6554 6556 6557
f 6554 6557 6555
f 6556 6558 6559
f 6556 6559 6557
f 6558 6560 6561
f 6558 6561 6559
f 6560 6562 6563
f 6560 6563 6561
f 6562 6564 6565
f 6562 6565 6563
f 4749 4770 4768
f 4749 4768 4742
f 4734 4749 4742
f 4734 4742 4732
f 4709 4734 4732
f 4709 4732 4692
f 4692 4691 4710
f 4692 4710 4709
f 6564 6566 6567
f 6564 6567 6565
f 4678 6568 6569
f 4678 6569 4679
f 6570 6568 6571
f 6570 6571 6572
f 6570 6573 6574
f 6570 6574 6575
f 6573 6576 6577
f 6573 6577 6574
f 4629 4649 4642
f 4629 4642 4632
f 4517 4629 4632
f 4517 4632 4608
f 4518 4517 4608
f 4518 4608 4605
f 4591 4518 4605
f 4591 4605 4602
f 4567 4591 4602
f 4567 4602 4580
f 4570 4567 4580
f 4570 4580 4578
f 4568 4570 4578
f 4568 4578 4574
f 4574 4577 4569
f 4574 4569 4568
f 6578 6579 6580
f 6578 6580 6581
f 6582 6578 6581
f 6582 6581 6583
f 6583 6584 6585
f 6583 6585 6582
f 6584 6586 6587
f 6584 6587 6585
f 6586 6588 6589
f 6586 6589 6587
f 6590 6589 6588
f 6590 6588 6591
f 6592 6590 6591
f 6592 6591 6593
f 6593 6594 6595
f 6593 6595 6592
f 5091 5090 6477
f 5091 6477 6478
f 5033 5068 6477
f 5033 6477 6476
f 5034 5033 6476
f 5034 6476 6475
f 5079 5078 5109
f 5079 5109 6474
f 5086 5088 5110
f 5086 5110 6473
f 5044 5022 6472
f 5044 6472 6473
f 5022 5021 5787
f 5022 5787 6472
f 5796 5789 5788
f 5796 5788 6471
f 5818 5796 6471
f 5818 6471 6470
f 5021 5808 5788
f 5021 5788 5787
f 5078 5050 5110
f 5078 5110 5109
f 5822 6492 6419
f 5822 6419 5153
f 5822 5821 6491
f 5822 6491 6492
f 5945 5972 6217
f 5945 6217 6511
f 5957 5956 6504
f 5957 6504 6505
f 5825 5838 6494
f 5825 6494 6205
f 5838 5837 6218
f 5838 6218 6494
f 5143 5173 6493
f 5143 6493 6390
f 5821 5848 6303
f 5821 6303 6491
f 5899 5882 6305
f 5899 6305 6490
f 5173 5140 6215
f 5173 6215 6493
f 5934 5933 6510
f 5934 6510 6509
f 5971 5993 6535
f 5971 6535 6216
f 5926 6223 6502
f 5926 6502 6007
f 6095 6064 6416
f 6095 6416 6527
f 6077 6076 6521
f 6077 6521 6522
f 6030 6012 6499
f 6030 6499 6498
f 5947 5946 6222
f 5947 6222 6503
f 6050 6049 6524
f 6050 6524 6523
f 6032 6016 6536
f 6032 6536 6537
f 5930 5929 6534
f 5930 6534 6533
f 5976 5975 6501
f 5976 6501 6502
f 5999 6206 6500
f 5999 6500 6011
f 5940 5941 6507
f 5940 6507 6506
f 6012 6011 6500
f 6012 6500 6499
f 6067 6095 6527
f 6067 6527 6526
f 5938 6507 6505
f 5938 6505 5935
f 6102 6101 6530
f 6102 6530 6426
f 5937 5965 6508
f 5937 6508 6506
f 6056 6042 6521
f 6056 6521 6520
f 6162 6146 6466
f 6162 6466 6532
f 6101 6123 6531
f 6101 6531 6530
f 5967 5961 6534
f 5967 6534 6511
f 6123 6122 6517
f 6123 6517 6531
f 5965 5934 6509
f 5965 6509 6508
f 5993 5992 6512
f 5993 6512 6535
f 6016 6015 6513
f 6016 6513 6536
f 5992 6020 6513
f 5992 6513 6512
f 5919 5936 6504
f 5919 6504 6208
f 5975 5983 6207
f 5975 6207 6501
f 6113 6112 6518
f 6113 6518 6201
f 6106 6105 6202
f 6106 6202 6519
f 6060 6059 6529
f 6060 6529 6528
f 6122 6150 6465
f 6122 6465 6517
f 6056 6520 6519
f 6056 6519 6137
f 6160 6142 6515
f 6160 6515 6514
f 6075 6102 6426
f 6075 6426 6425
f 6142 6141 6516
f 6142 6516 6515
f 6070 6071 6418
f 6070 6418 6526
f 6596 6597 6186
f 6596 6186 6598
f 6049 6066 6525
f 6049 6525 6524
f 6097 6091 6529
f 6097 6529 6425
f 6129 6518 6516
f 6129 6516 6141
f 6087 6086 6525
f 6087 6525 6417
f 6411 6410 6414
f 6411 6414 6413
f 6599 6600 6597
f 6599 6597 6596
f 6029 6030 6167
f 6029 6167 6166
f 5896 5897 6037
f 5896 6037 6036
f 5817 5818 5907
f 5817 5907 5906
f 6601 6602 5814
f 6601 5814 5816
f 6603 6179 6268
f 6603 6268 6266
f 6602 6604 5815
f 6602 5815 5814
f 6605 6604 6342
f 6605 6342 6339
f 6605 6606 5818
f 6605 5818 6470
f 6606 6607 5907
f 6606 5907 5818
f 6608 6607 6330
f 6608 6330 6329
f 6608 6609 5897
f 6608 5897 6213
f 6610 6609 6326
f 6610 6326 6325
f 6610 6611 6498
f 6610 6498 6037
f 6612 6611 6322
f 6612 6322 6321
f 6612 6613 6167
f 6612 6167 6030
f 6613 6614 6514
f 6613 6514 6167
f 6614 6615 6160
f 6614 6160 6514
f 6616 6617 6265
f 6616 6265 6497
f 6618 6601 5816
f 6618 5816 5809
f 6618 6619 6421
f 6618 6421 6420
f 6620 6619 5810
f 6620 5810 6485
f 6620 6621 6423
f 6620 6423 6422
f 6621 6622 6432
f 6621 6432 6423
f 6623 6624 6496
f 6623 6496 6495
f 6625 6623 6495
f 6625 6495 6464
f 6625 6626 6162
f 6625 6162 6532
f 6627 6626 6463
f 6627 6463 6435
f 5904 6032 6537
f 5904 6537 6490
f 6628 6627 6435
f 6628 6435 6434
f 6629 6628 6434
f 6629 6434 6433
f 6629 6622 5899
f 6629 5899 6490
f 6630 6631 6632
f 6630 6632 6633
f 5156 5155 5158
f 5156 5158 5161
f 6634 6635 6636
f 6634 6636 6637
f 5126 5156 5161
f 5126 5161 5117
f 6638 6639 6640
f 6638 6640 6641
f 5123 5126 5117
f 5123 5117 5116
f 5116 5167 5168
f 5116 5168 5123
f 6642 6643 6644
f 6642 6644 6645
f 6646 6630 6633
f 6646 6633 6647
f 6198 5168 5167
f 6198 5167 6214
f 6648 6649 6650
f 6648 6650 6651
f 6214 5139 5136
f 6214 5136 6198
f 6652 6653 6654
f 6652 6654 6655
f 6639 6656 6657
f 6639 6657 6640
f 6652 6658 6659
f 6652 6659 6660
f 6661 6634 6637
f 6661 6637 6662
f 6643 6663 6664
f 6643 6664 6644
f 6649 6665 6666
f 6649 6666 6650
f 6667 6668 6669
f 6667 6669 6670
f 5133 5136 5139
f 5133 5139 5138
f 6671 6672 6673
f 6671 6673 6674
f 5138 5172 5170
f 5138 5170 5133
f 6675 6667 6670
f 6675 6670 6676
f 6672 6677 6678
f 6672 6678 6673
f 5172 5119 5112
f 5172 5112 5170
f 6679 6680 6635
f 6679 6635 6634
f 5119 5122 5113
f 5119 5113 5112
f 6681 6682 6643
f 6681 6643 6642
f 6219 5113 5122
f 6219 5122 6424
f 6683 6684 6649
f 6683 6649 6648
f 6424 5158 5155
f 6424 5155 6219
f 6660 6685 6653
f 6660 6653 6652
f 6655 6686 6658
f 6655 6658 6652
f 6687 6679 6634
f 6687 6634 6661
f 6682 6688 6663
f 6682 6663 6643
f 6684 6689 6665
f 6684 6665 6649
f 6690 6691 6692
f 6690 6692 6693
f 6694 6695 6696
f 6694 6696 6697
f 6698 6699 6700
f 6698 6700 6701
f 6702 6703 6704
f 6702 6704 6705
f 6706 6707 6708
f 6706 6708 6709
f 6709 6710 6711
f 6709 6711 6706
f 6712 6713 6714
f 6712 6714 6715
f 6715 6716 6717
f 6715 6717 6712
f 6718 6719 6720
f 6718 6720 6721
f 6691 6722 6716
f 6691 6716 6715
f 6715 6714 6692
f 6715 6692 6691
f 6699 6723 6710
f 6699 6710 6709
f 6709 6708 6700
f 6709 6700 6699
f 6705 6704 6696
f 6705 6696 6695
f 6724 6725 6719
f 6724 6719 6718
f 6691 6690 6726
f 6691 6726 6722
f 6724 6727 6728
f 6724 6728 6725
f 6699 6698 6729
f 6699 6729 6723
f 6696 6704 6730
f 6696 6730 6731
f 6475 5082 5079
f 6475 5079 6474
f 6655 6654 6732
f 6655 6732 6733
f 6662 6678 6734
f 6662 6734 6735
f 6656 6639 6660
f 6656 6660 6659
f 6685 6660 6639
f 6685 6639 6638
f 5080 5079 5082
f 5080 5082 5085
f 5038 5080 5085
f 5038 5085 5029
f 6631 6630 6684
f 6631 6684 6683
f 6689 6684 6630
f 6689 6630 6646
f 6664 6701 6694
f 6664 6694 6676
f 6727 6724 6722
f 6727 6722 6726
f 6724 6718 6716
f 6724 6716 6722
f 6718 6721 6717
f 6718 6717 6716
f 6721 6720 6736
f 6721 6736 6737
f 6673 6678 6662
f 6673 6662 6637
f 6674 6673 6637
f 6674 6637 6636
f 5035 5038 5029
f 5035 5029 5028
f 5028 5093 5094
f 5028 5094 5035
f 6645 6644 6670
f 6645 6670 6669
f 6676 6670 6644
f 6676 6644 6664
f 6698 6701 6664
f 6698 6664 6663
f 6663 6688 6729
f 6663 6729 6698
f 6738 6739 6729
f 6738 6729 6688
f 6701 6700 6695
f 6701 6695 6694
f 6700 6708 6705
f 6700 6705 6695
f 6708 6707 6702
f 6708 6702 6705
f 6721 6737 6740
f 6721 6740 6717
f 6712 6717 6740
f 6712 6740 6741
f 6741 6742 6713
f 6741 6713 6712
f 6743 6599 6596
f 6743 6596 6711
f 6706 6711 6596
f 6706 6596 6598
f 6598 6744 6707
f 6598 6707 6706
f 6730 6745 6720
f 6730 6720 6719
f 6731 6730 6719
f 6731 6719 6725
f 6746 6731 6725
f 6746 6725 6728
f 6690 6693 6666
f 6690 6666 6665
f 6665 6689 6726
f 6665 6726 6690
f 6689 6646 6727
f 6689 6727 6726
f 6747 6748 6667
f 6747 6667 6675
f 6749 6748 6633
f 6749 6633 6632
f 6484 5094 5093
f 6484 5093 6469
f 6469 5065 5062
f 6469 5062 6484
f 6750 6751 6672
f 6750 6672 6671
f 6751 6752 6677
f 6751 6677 6672
f 6734 6752 6657
f 6734 6657 6656
f 6735 6734 6656
f 6735 6656 6659
f 6753 6735 6659
f 6753 6659 6658
f 6753 6754 6687
f 6753 6687 6661
f 6754 6733 6679
f 6754 6679 6687
f 6733 6732 6680
f 6733 6680 6679
f 5059 5062 5065
f 5059 5065 5064
f 5064 5106 5104
f 5064 5104 5059
f 6755 6756 6682
f 6755 6682 6681
f 6738 6756 6650
f 6738 6650 6666
f 6694 6697 6675
f 6694 6675 6676
f 6646 6647 6728
f 6646 6728 6727
f 6747 6675 6697
f 6747 6697 6746
f 6739 6757 6723
f 6739 6723 6729
f 6757 6758 6710
f 6757 6710 6723
f 6758 6743 6711
f 6758 6711 6710
f 6702 6707 6744
f 6702 6744 6759
f 6759 6760 6703
f 6759 6703 6702
f 6745 6703 6760
f 6745 6760 6761
f 6686 6655 6733
f 6686 6733 6754
f 6668 6667 6748
f 6668 6748 6749
f 6641 6640 6751
f 6641 6751 6750
f 6658 6686 6754
f 6658 6754 6753
f 6693 6692 6757
f 6693 6757 6739
f 6647 6633 6748
f 6647 6748 6747
f 6692 6714 6758
f 6692 6758 6757
f 6714 6713 6743
f 6714 6743 6758
f 6704 6703 6745
f 6704 6745 6730
f 6697 6696 6731
f 6697 6731 6746
f 6651 6650 6756
f 6651 6756 6755
f 6713 6742 6599
f 6713 6599 6743
f 6647 6747 6746
f 6647 6746 6728
f 6666 6693 6739
f 6666 6739 6738
f 6661 6662 6735
f 6661 6735 6753
f 5106 5031 5024
f 5106 5024 5104
f 5031 5034 5025
f 5031 5025 5024
f 6640 6657 6752
f 6640 6752 6751
f 6474 5025 5034
f 6474 5034 6475
f 6688 6682 6756
f 6688 6756 6738
f 6720 6745 6761
f 6720 6761 6736
f 6678 6677 6752
f 6678 6752 6734
f 6761 6760 6411
f 6761 6411 6413
f 6413 6169 6736
f 6413 6736 6761
f 6760 6759 6191
f 6760 6191 6411
f 6185 6191 6759
f 6185 6759 6744
f 6744 6598 6186
f 6744 6186 6185
f 6169 6172 6737
f 6169 6737 6736
f 6740 6737 6172
f 6740 6172 6188
f 6188 6182 6741
f 6188 6741 6740
f 6742 6741 6182
f 6742 6182 6181
f 6414 6177 6173
f 6414 6173 6170
f 6410 6412 6177
f 6410 6177 6414
f 6762 6615 6296
f 6762 6296 6294
f 6178 6762 6294
f 6178 6294 6292
f 6179 6178 6292
f 6179 6292 6268
f 6600 6599 6742
f 6600 6742 6181
f 6181 6186 6597
f 6181 6597 6600
f 6187 6186 6181
f 6187 6181 6180
f 6412 6762 6178
f 6412 6178 6177
f 6624 6616 6497
f 6624 6497 6496
f 6409 6402 6602
f 6409 6602 6601
f 6402 6342 6604
f 6402 6604 6602
f 6470 5815 6604
f 6470 6604 6605
f 6339 6338 6606
f 6339 6606 6605
f 6338 6330 6607
f 6338 6607 6606
f 6213 5907 6607
f 6213 6607 6608
f 6329 6326 6609
f 6329 6609 6608
f 6037 5897 6609
f 6037 6609 6610
f 6325 6322 6611
f 6325 6611 6610
f 6030 6498 6611
f 6030 6611 6612
f 6321 6318 6613
f 6321 6613 6612
f 6318 6309 6614
f 6318 6614 6613
f 6309 6296 6615
f 6309 6615 6614
f 6266 6265 6617
f 6266 6617 6603
f 6420 6409 6601
f 6420 6601 6618
f 5809 5810 6619
f 5809 6619 6618
f 6422 6421 6619
f 6422 6619 6620
f 6485 5812 6621
f 6485 6621 6620
f 5812 5899 6622
f 5812 6622 6621
f 6193 6763 6164
f 6193 6164 6163
f 6532 6164 6623
f 6532 6623 6625
f 6464 6463 6626
f 6464 6626 6625
f 6034 6162 6626
f 6034 6626 6627
f 6537 6034 6627
f 6537 6627 6628
f 6490 6537 6628
f 6490 6628 6629
f 6433 6432 6622
f 6433 6622 6629
f 6159 6160 6412
f 6159 6412 6196
f 6762 6412 6160
f 6762 6160 6615
f 6174 6173 6179
f 6174 6179 6603
f 6194 6174 6603
f 6194 6603 6617
f 6617 6616 6195
f 6617 6195 6194
f 6193 6187 6180
f 6193 6180 6763
f 6183 6195 6763
f 6183 6763 6180
f 6164 6763 6624
f 6164 6624 6623
f 6763 6195 6616
f 6763 6616 6624
f 6449 6462 6764
f 6449 6764 6456
f 6445 6461 6459
f 6445 6459 6446
f 6457 6456 6764
f 6457 6764 6459
f 6446 6459 6764
f 6446 6764 6462
f 6341 6336 5132
f 6341 5132 5149
f 6336 6221 5129
f 6336 5129 5132
f 6221 6220 5901
f 6221 5901 5129
f 6220 6307 4958
f 6220 4958 5901
f 6307 6306 4955
f 6307 4955 4958
f 6428 4955 6306
f 6428 6306 6362
f 6429 6428 6362
f 6429 6362 6365
f 6430 6429 6365
f 6430 6365 6385
f 6385 6368 6431
f 6385 6431 6430
f 6368 5004 6370
f 6368 6370 6431
f 5004 5003 6371
f 5004 6371 6370
f 4997 4996 6373
f 4997 6373 6372
f 4930 4941 6541
f 4930 6541 6540
f 4947 4915 6539
f 4947 6539 6538
f 4915 4910 6543
f 4915 6543 6539
f 4903 4930 6540
f 4903 6540 6542
f 4894 4903 6542
f 4894 6542 6544
f 4910 4879 6545
f 4910 6545 6543
f 4879 4872 6547
f 4879 6547 6545
f 4872 4860 6549
f 4872 6549 6547
f 6550 6549 4860
f 6550 4860 4836
f 4836 4823 6553
f 4836 6553 6550
f 6554 6553 4823
f 6554 4823 4797
f 4797 4787 6556
f 4797 6556 6554
f 4787 4759 6558
f 4787 6558 6556
f 4759 4751 6560
f 4759 6560 6558
f 6562 6560 4751
f 6562 4751 4723
f 4723 4714 6564
f 4723 6564 6562
f 4714 4713 6566
f 4714 6566 6564
f 6765 6576 6766
f 6765 6766 6767
f 6765 6768 6769
f 6765 6769 6770
f 4645 4646 6577
f 4645 6577 6770
f 6770 6769 4644
f 6770 4644 4645
f 6581 6580 4650
f 6581 4650 4621
f 4621 4614 6583
f 4621 6583 6581
f 6584 6583 4614
f 6584 4614 4613
f 6586 6584 4613
f 6586 4613 4612
f 4612 4461 6588
f 4612 6588 6586
f 6591 6588 4461
f 6591 4461 4460
f 6593 6591 4460
f 6593 4460 4462
f 6594 6593 4462
f 6594 4462 4463
f 6592 6595 6398
f 6592 6398 6397
f 6397 6399 6590
f 6397 6590 6592
f 6399 4600 6589
f 6399 6589 6590
f 6587 6589 4600
f 6587 4600 4599
f 6585 6587 4599
f 6585 4599 4606
f 6582 6585 4606
f 6582 4606 4609
f 4609 4615 6578
f 4609 6578 6582
f 4615 4647 6579
f 4615 6579 6578
f 4637 4644 6769
f 4637 6769 6771
f 4636 4637 6771
f 4636 6771 4654
f 6772 6768 6773
f 6772 6773 6774
f 4651 6772 6774
f 4651 6774 6775
f 4704 4703 6565
f 4704 6565 6567
f 6563 6565 4703
f 6563 4703 4733
f 4733 4747 6561
f 4733 6561 6563
f 6559 6561 4747
f 6559 4747 4769
f 4769 4783 6557
f 4769 6557 6559
f 6555 6557 4783
f 6555 4783 4806
f 4806 4819 6552
f 4806 6552 6555
f 4819 4827 6551
f 4819 6551 6552
f 4827 4857 6548
f 4827 6548 6551
f 4857 4863 6546
f 4857 6546 6548
f 4863 4894 6544
f 4863 6544 6546
f 6209 5950 5947
f 6209 5947 6503
f 6503 5911 5920
f 6503 5920 6209
f 5917 5920 5911
f 5917 5911 5910
f 5948 5947 5950
f 5948 5950 5953
f 5924 5948 5953
f 5924 5953 5915
f 5921 5924 5915
f 5921 5915 5914
f 5914 5959 5960
f 5914 5960 5921
f 6533 5960 5959
f 6533 5959 6510
f 6510 5933 5930
f 6510 5930 6533
f 5927 5930 5933
f 5927 5933 5932
f 5932 5964 5962
f 5932 5962 5927
f 5964 5917 5910
f 5964 5910 5962
f 6523 6080 6077
f 6523 6077 6522
f 6522 6041 6050
f 6522 6050 6523
f 6047 6050 6041
f 6047 6041 6040
f 6094 6047 6040
f 6094 6040 6092
f 6062 6094 6092
f 6062 6092 6057
f 6057 6060 6063
f 6057 6063 6062
f 6415 6063 6060
f 6415 6060 6528
f 6528 6090 6089
f 6528 6089 6415
f 6044 6089 6090
f 6044 6090 6051
f 6051 6054 6045
f 6051 6045 6044
f 6054 6078 6083
f 6054 6083 6045
f 6078 6077 6080
f 6078 6080 6083
f 6669 6668 6671
f 6669 6671 6674
f 6645 6669 6674
f 6645 6674 6636
f 6642 6645 6636
f 6642 6636 6635
f 6635 6680 6681
f 6635 6681 6642
f 6755 6681 6680
f 6755 6680 6732
f 6732 6654 6651
f 6732 6651 6755
f 6648 6651 6654
f 6648 6654 6653
f 6653 6685 6683
f 6653 6683 6648
f 6685 6638 6631
f 6685 6631 6683
f 6638 6641 6632
f 6638 6632 6631
f 6749 6632 6641
f 6749 6641 6750
f 6750 6671 6668
f 6750 6668 6749
f 6574 6577 4646
f 6574 4646 4643
f 6575 6574 4643
f 6575 4643 4638
f 4638 4639 6569
f 4638 6569 6575
f 4679 6569 4639
f 4679 4639 4648
f 4680 4679 4648
f 4680 4648 4635
f 4635 4634 4674
f 4635 4674 4680
f 4672 4674 4634
f 4672 4634 4633
f 4670 4672 4633
f 4670 4633 4640
f 4668 4670 4640
f 4668 4640 4650
f 4650 6580 4665
f 4650 4665 4668
f 4666 4665 6580
f 4666 6580 6579
f 6579 4647 6776
f 6579 6776 4666
f 4647 4641 6777
f 4647 6777 6776
f 4641 4642 4656
f 4641 4656 6777
f 4653 4656 4642
f 4653 4642 4649
f 4654 4653 4649
f 4654 4649 4636
f 6775 6774 4696
f 6775 4696 4707
f 6774 6773 4697
f 6774 4697 4696
f 4700 4697 6773
f 4700 6773 6767
f 6767 6766 4701
f 6767 4701 4700
f 4694 4701 6766
f 4694 6766 6778
f 4682 4694 6778
f 4682 6778 6572
f 6572 6571 4683
f 6572 4683 4682
f 4705 4683 6571
f 4705 6571 6779
f 4711 4705 6779
f 4711 6779 4677
f 4677 4676 4716
f 4677 4716 4711
f 4688 4716 4676
f 4688 4676 6780
f 4685 4688 6780
f 4685 6780 6781
f 4713 4685 6781
f 4713 6781 6782
f 6566 4713 6782
f 6566 6782 6783
f 6783 4662 6567
f 6783 6567 6566
f 4662 4661 4704
f 4662 4704 6567
f 4661 4659 4690
f 4661 4690 4704
f 4659 4658 4691
f 4659 4691 4690
f 4710 4691 4658
f 4710 4658 6784
f 4707 4710 6784
f 4707 6784 6775
f 6775 6784 4652
f 6775 4652 4651
f 4658 4655 4652
f 4658 4652 6784
f 6777 4656 4655
f 6777 4655 4657
f 6776 6777 4657
f 6776 4657 4660
f 6776 4660 4663
f 6776 4663 4666
f 6783 4664 4663
f 6783 4663 4662
f 6782 4667 4664
f 6782 4664 6783
f 6782 6781 4669
f 6782 4669 4667
f 6781 6780 4671
f 6781 4671 4669
f 6780 4676 4673
f 6780 4673 4671
f 4680 4674 4673
f 4680 4673 4675
f 4677 6779 4678
f 4677 4678 4675
f 6779 6571 6568
f 6779 6568 4678
f 6575 6569 6568
f 6575 6568 6570
f 6572 6778 6573
f 6572 6573 6570
f 6778 6766 6576
f 6778 6576 6573
f 6770 6577 6576
f 6770 6576 6765
f 6767 6773 6768
f 6767 6768 6765
f 6771 6769 6768
f 6771 6768 6772
f 4654 6771 6772
f 4654 6772 4651
f 2 1148 1151
f 2 1151 3
f 1237 1152 1155
f 1237 1155 1205
f 1229 1156 1152
f 1229 1152 1237
f 1219 1158 1156
f 1219 1156 1229
f 1209 1160 1158
f 1209 1158 1219
f 1242 1162 1151
f 1242 1151 1150
f 1245 1163 1164
f 1245 1164 1240
f 69 1165 1168
f 69 1168 76
f 1240 1164 1169
f 1240 1169 1232
f 1224 1170 1173
f 1224 1173 1225
f 1232 1169 1168
f 1232 1168 1167
f 1198 1174 1177
f 1198 1177 1215
f 1166 1165 1178
f 1166 1178 1212
f 1197 1179 1174
f 1197 1174 1198
f 1212 1178 1181
f 1212 1181 1213
f 1213 1181 1162
f 1213 1162 1242
f 1201 1182 1185
f 1201 1185 1202
f 1234 1186 1189
f 1234 1189 1235
f 1217 1190 1193
f 1217 1193 1227
f 1149 1148 1160
f 1149 1160 1209
f 1206 1194 1190
f 1206 1190 1217
f 1205 1155 1194
f 1205 1194 1206
f 1183 1182 1189
f 1183 1189 1188
f 1215 1177 1170
f 1215 1170 1224
f 1227 1193 1186
f 1227 1186 1234
f 5403 5402 1185
f 5403 1185 1184
f 1180 1179 5402
f 1180 5402 5403
f 85 1163 1173
f 85 1173 1172
f 6785 6786 6787
f 6785 6787 6788
f 6789 6790 6791
f 6789 6791 6792
f 6793 6794 6792
f 6793 6792 6785
f 6794 6795 6789
f 6794 6789 6792
f 6796 6797 6795
f 6796 6795 6794
f 6798 6796 6794
f 6798 6794 6793
f 6799 6800 6797
f 6799 6797 6796
f 6801 6799 6796
f 6801 6796 6798
f 6802 6803 6800
f 6802 6800 6799
f 6804 6802 6799
f 6804 6799 6801
f 6805 6806 6803
f 6805 6803 6802
f 6807 6805 6802
f 6807 6802 6804
f 6808 6809 6806
f 6808 6806 6805
f 6810 6808 6805
f 6810 6805 6807
f 6811 6812 6809
f 6811 6809 6808
f 6813 6811 6808
f 6813 6808 6810
f 6814 6815 6812
f 6814 6812 6811
f 6816 6814 6811
f 6816 6811 6813
f 6817 6818 6815
f 6817 6815 6814
f 6819 6817 6814
f 6819 6814 6816
f 6820 6821 6822
f 6820 6822 6823
f 6824 6820 6823
f 6824 6823 6825
f 6826 6827 6828
f 6826 6828 6829
f 6827 6830 6831
f 6827 6831 6828
f 6832 6833 6827
f 6832 6827 6826
f 6833 6834 6830
f 6833 6830 6827
f 6835 6836 6833
f 6835 6833 6832
f 6836 6837 6834
f 6836 6834 6833
f 6838 6839 6787
f 6838 6787 6786
f 6840 6841 6791
f 6840 6791 6790
f 6842 6843 6841
f 6842 6841 6840
f 6844 6845 6839
f 6844 6839 6838
f 6846 6847 6843
f 6846 6843 6842
f 6848 6849 6845
f 6848 6845 6844
f 6850 6851 6847
f 6850 6847 6846
f 6852 6853 6849
f 6852 6849 6848
f 6854 6855 6856
f 6854 6856 6857
f 6858 6859 6860
f 6858 6860 6861
f 6862 6863 6855
f 6862 6855 6854
f 6864 6865 6859
f 6864 6859 6858
f 6866 6867 6863
f 6866 6863 6862
f 6868 6869 6865
f 6868 6865 6864
f 6870 6871 6822
f 6870 6822 6821
f 6872 6873 6834
f 6872 6834 6837
f 6873 6874 6830
f 6873 6830 6834
f 6874 6875 6876
f 6874 6876 6877
f 6878 6879 6815
f 6878 6815 6818
f 6879 6880 6812
f 6879 6812 6815
f 6880 6881 6809
f 6880 6809 6812
f 6881 6882 6806
f 6881 6806 6809
f 6882 6883 6803
f 6882 6803 6806
f 6883 6884 6800
f 6883 6800 6803
f 6885 6886 6795
f 6885 6795 6797
f 6887 6888 6790
f 6887 6790 6789
f 6888 6889 6840
f 6888 6840 6790
f 6886 6887 6789
f 6886 6789 6795
f 6890 6891 6846
f 6890 6846 6842
f 6889 6890 6842
f 6889 6842 6840
f 6884 6892 6893
f 6884 6893 6885
f 6894 6895 6854
f 6894 6854 6857
f 6895 6896 6862
f 6895 6862 6854
f 6896 6897 6866
f 6896 6866 6862
f 6898 6899 6900
f 6898 6900 6894
f 6857 6856 6851
f 6857 6851 6850
f 6861 6860 6853
f 6861 6853 6852
f 6891 6901 6899
f 6891 6899 6898
f 6902 6903 6900
f 6902 6900 6899
f 6903 6904 6905
f 6903 6905 6900
f 6904 6906 6907
f 6904 6907 6905
f 6906 6908 6909
f 6906 6909 6907
f 6910 6911 6912
f 6910 6912 6913
f 6914 6915 6916
f 6914 6916 6917
f 6915 6918 6919
f 6915 6919 6916
f 6911 6914 6917
f 6911 6917 6912
f 6920 6921 6911
f 6920 6911 6910
f 6921 6922 6914
f 6921 6914 6911
f 6922 6923 6915
f 6922 6915 6914
f 6923 6924 6918
f 6923 6918 6915
f 6925 6926 6921
f 6925 6921 6920
f 6927 6924 6928
f 6927 6928 6929
f 6926 6930 6922
f 6926 6922 6921
f 6930 6931 6923
f 6930 6923 6922
f 6931 6928 6924
f 6931 6924 6923
f 148 149 6926
f 148 6926 6925
f 6929 6928 151
f 6929 151 150
f 149 152 6930
f 149 6930 6926
f 152 153 6931
f 152 6931 6930
f 153 151 6928
f 153 6928 6931
f 6876 6875 6932
f 6876 6932 6933
f 6934 6932 6875
f 6934 6875 6935
f 6936 6934 6935
f 6936 6935 6937
f 6938 6939 6940
f 6938 6940 6941
f 6942 6943 6944
f 6942 6944 6945
f 6946 6947 6948
f 6946 6948 6949
f 6943 6950 6951
f 6943 6951 6944
f 6947 6942 6945
f 6947 6945 6948
f 6950 6952 6892
f 6950 6892 6951
f 6953 6954 6955
f 6953 6955 6893
f 6956 6957 6958
f 6956 6958 6959
f 6954 6960 6961
f 6954 6961 6955
f 6962 6956 6959
f 6962 6959 6963
f 6957 6964 6901
f 6957 6901 6958
f 6960 6962 6963
f 6960 6963 6961
f 6902 6899 6901
f 6902 6901 6964
f 6892 6952 6953
f 6892 6953 6893
f 6913 6965 6966
f 6913 6966 6910
f 6910 6966 6967
f 6910 6967 6920
f 6920 6967 6968
f 6920 6968 6925
f 6925 6968 191
f 6925 191 148
f 6969 6970 6971
f 6969 6971 6972
f 6973 6969 6972
f 6973 6972 6974
f 6975 6976 6977
f 6975 6977 6978
f 6979 6975 6978
f 6979 6978 6980
f 6976 6973 6974
f 6976 6974 6977
f 6965 6971 6970
f 6965 6970 6966
f 6981 6982 6983
f 6981 6983 6984
f 6982 6985 6986
f 6982 6986 6983
f 6987 6981 6984
f 6987 6984 6988
f 6985 6989 6990
f 6985 6990 6986
f 6989 6991 6992
f 6989 6992 6990
f 6980 6992 6991
f 6980 6991 6979
f 6993 6994 6975
f 6993 6975 6979
f 6979 6991 6995
f 6979 6995 6993
f 6996 6997 6969
f 6996 6969 6973
f 6997 6998 6970
f 6997 6970 6969
f 6999 7000 6982
f 6999 6982 6981
f 7000 7001 6985
f 7000 6985 6982
f 7002 6999 6981
f 7002 6981 6987
f 7001 7003 6989
f 7001 6989 6985
f 7004 6996 6973
f 7004 6973 6976
f 7005 7002 6987
f 7005 6987 7006
f 7003 6995 6991
f 7003 6991 6989
f 6994 7004 6976
f 6994 6976 6975
f 6966 6970 6998
f 6966 6998 6967
f 6967 6998 7007
f 6967 7007 6968
f 6968 7007 231
f 6968 231 191
f 7008 7009 6994
f 7008 6994 6993
f 7009 7010 7004
f 7009 7004 6994
f 7010 7011 6996
f 7010 6996 7004
f 7012 7013 7014
f 7012 7014 6997
f 7015 7016 7011
f 7015 7011 7010
f 6997 7014 7007
f 6997 7007 6998
f 7017 7018 7009
f 7017 7009 7008
f 7013 244 237
f 7013 237 7014
f 7018 7015 7010
f 7018 7010 7009
f 7019 7020 7013
f 7019 7013 7012
f 7020 247 244
f 7020 244 7013
f 7021 7022 7023
f 7021 7023 7024
f 7022 7025 7026
f 7022 7026 7023
f 7025 7027 7028
f 7025 7028 7026
f 7029 7030 6999
f 7029 6999 7002
f 7031 7032 7001
f 7031 7001 7000
f 7030 7031 7000
f 7030 7000 6999
f 7033 7034 6995
f 7033 6995 7003
f 7035 7029 7002
f 7035 7002 7005
f 7032 7033 7003
f 7032 7003 7001
f 7036 7037 7034
f 7036 7034 7033
f 7038 7036 7033
f 7038 7033 7032
f 7039 7038 7032
f 7039 7032 7031
f 7008 6993 6995
f 7008 6995 7034
f 7008 7034 7037
f 7008 7037 7017
f 7040 7041 7042
f 7040 7042 7043
f 7021 7041 7044
f 7021 7044 7045
f 7046 7047 7042
f 7046 7042 7024
f 7048 7049 7050
f 7048 7050 7040
f 7051 7052 7053
f 7051 7053 7054
f 282 7055 7056
f 282 7056 283
f 7057 7058 7059
f 7057 7059 7060
f 7061 7062 7058
f 7061 7058 7057
f 7063 7059 7058
f 7063 7058 7064
f 7062 7065 7064
f 7062 7064 7058
f 7066 7067 7056
f 7066 7056 7068
f 298 7067 7069
f 298 7069 299
f 7069 7067 7066
f 7069 7066 7070
f 7068 7056 7055
f 7068 7055 7071
f 283 7056 7067
f 283 7067 298
f 7072 7073 7074
f 7072 7074 7075
f 7070 7066 7059
f 7070 7059 7063
f 7076 7077 7078
f 7076 7078 7079
f 7080 7081 7082
f 7080 7082 7083
f 7084 7085 7086
f 7084 7086 7087
f 7079 7078 7088
f 7079 7088 7089
f 321 7086 7085
f 321 7085 322
f 7087 7086 7090
f 7087 7090 7091
f 7089 7088 7092
f 7089 7092 7093
f 327 7090 7086
f 327 7086 321
f 7091 7090 7094
f 7091 7094 7095
f 7093 7092 7096
f 7093 7096 7097
f 332 7094 7090
f 332 7090 327
f 7098 7099 7100
f 7098 7100 7101
f 7102 7103 7104
f 7102 7104 7098
f 7105 7106 7076
f 7105 7076 7107
f 7108 7109 7110
f 7108 7110 7111
f 7112 7113 7109
f 7112 7109 7108
f 7079 7114 7107
f 7079 7107 7076
f 7089 7115 7114
f 7089 7114 7079
f 7093 7116 7115
f 7093 7115 7089
f 7097 7117 7116
f 7097 7116 7093
f 7099 7118 7117
f 7099 7117 7097
f 7098 7104 7118
f 7098 7118 7099
f 7102 7113 7112
f 7102 7112 7103
f 7082 7081 7109
f 7082 7109 7113
f 7081 7119 7110
f 7081 7110 7109
f 355 358 7120
f 355 7120 7121
f 7106 7110 7119
f 7106 7119 7122
f 7123 7124 7057
f 7123 7057 7060
f 7061 7125 7126
f 7061 7126 7127
f 7127 7126 7128
f 7127 7128 7129
f 7130 7082 7113
f 7130 7113 7102
f 7131 7132 7133
f 7131 7133 7134
f 7095 7094 7135
f 7095 7135 7136
f 374 7135 7094
f 374 7094 332
f 7103 7112 7137
f 7103 7137 7138
f 7138 7139 7104
f 7138 7104 7103
f 7116 7117 7140
f 7116 7140 7141
f 7107 7114 7142
f 7107 7142 7143
f 7144 7137 7112
f 7144 7112 7108
f 7114 7115 7145
f 7114 7145 7142
f 7105 7107 7143
f 7105 7143 7146
f 7117 7118 7147
f 7117 7147 7140
f 7148 7144 7108
f 7148 7108 7111
f 7139 7147 7118
f 7139 7118 7104
f 7115 7116 7141
f 7115 7141 7145
f 387 7149 7135
f 387 7135 374
f 7150 7151 7152
f 7150 7152 7153
f 7154 7155 7156
f 7154 7156 7157
f 7099 7097 7096
f 7099 7096 7100
f 7101 7130 7102
f 7101 7102 7098
f 7111 7110 7106
f 7111 7106 7105
f 7076 7106 7122
f 7076 7122 7077
f 7111 7105 7146
f 7111 7146 7148
f 7158 7154 7157
f 7158 7157 7159
f 399 7160 7161
f 399 7161 400
f 403 7162 7149
f 403 7149 387
f 7140 7147 7163
f 7140 7163 7164
f 7165 7166 7137
f 7165 7137 7144
f 7167 7163 7147
f 7167 7147 7139
f 7138 7137 7166
f 7138 7166 7168
f 7143 7142 7169
f 7143 7169 7170
f 7142 7145 7171
f 7142 7171 7169
f 7168 7167 7139
f 7168 7139 7138
f 7172 7173 7148
f 7172 7148 7146
f 7145 7141 7174
f 7145 7174 7171
f 7146 7143 7170
f 7146 7170 7172
f 7141 7140 7164
f 7141 7164 7174
f 7173 7165 7144
f 7173 7144 7148
f 7175 7176 7173
f 7175 7173 7172
f 7176 7177 7165
f 7176 7165 7173
f 7178 7179 7176
f 7178 7176 7175
f 7179 7180 7177
f 7179 7177 7176
f 7175 7172 7170
f 7175 7170 7169
f 7165 7177 7168
f 7165 7168 7166
f 7168 7177 7180
f 7168 7180 7167
f 7180 7164 7163
f 7180 7163 7167
f 7179 7174 7164
f 7179 7164 7180
f 7178 7171 7174
f 7178 7174 7179
f 7175 7169 7171
f 7175 7171 7178
f 7159 7157 7181
f 7159 7181 7182
f 7157 7156 7183
f 7157 7183 7181
f 7151 7184 7185
f 7151 7185 7152
f 7186 7187 7149
f 7186 7149 7162
f 7184 7188 7189
f 7184 7189 7190
f 7190 7189 7191
f 7190 7191 7192
f 7193 7194 7195
f 7193 7195 7196
f 7196 7195 7197
f 7196 7197 7198
f 7198 7197 7199
f 7198 7199 7200
f 7201 7202 7203
f 7201 7203 7204
f 7205 7206 7202
f 7205 7202 7201
f 7207 7208 7209
f 7207 7209 7210
f 7211 7212 7208
f 7211 7208 7207
f 7213 7214 7215
f 7213 7215 7216
f 7217 7218 7219
f 7217 7219 7220
f 7221 7185 7184
f 7221 7184 7190
f 7192 7222 7221
f 7192 7221 7190
f 7193 7223 7222
f 7193 7222 7192
f 7198 7224 7225
f 7198 7225 7196
f 7200 7226 7224
f 7200 7224 7198
f 7227 7228 7229
f 7227 7229 7230
f 7231 7213 7216
f 7231 7216 7232
f 7218 7233 7234
f 7218 7234 7219
f 7158 7215 7214
f 7158 7214 7154
f 7235 7236 7237
f 7235 7237 7238
f 7239 7240 7241
f 7239 7241 7242
f 7243 7244 7245
f 7243 7245 7246
f 7247 7248 7249
f 7247 7249 7250
f 7251 7252 7253
f 7251 7253 7254
f 7255 7256 7257
f 7255 7257 7258
f 7259 7260 7261
f 7259 7261 7262
f 7263 7264 7256
f 7263 7256 7255
f 7265 7266 7260
f 7265 7260 7259
f 7267 7268 7264
f 7267 7264 7263
f 7269 7270 7266
f 7269 7266 7265
f 513 514 7268
f 513 7268 7267
f 515 516 7270
f 515 7270 7269
f 7271 7244 7257
f 7271 7257 7272
f 7256 7273 7272
f 7256 7272 7257
f 7264 7274 7273
f 7264 7273 7256
f 7268 7275 7274
f 7268 7274 7264
f 514 522 7275
f 514 7275 7268
f 7252 7239 7242
f 7252 7242 7253
f 7262 7276 7237
f 7262 7237 7259
f 7236 7265 7259
f 7236 7259 7237
f 7265 7236 7160
f 7265 7160 7269
f 399 515 7269
f 399 7269 7160
f 7277 7278 7214
f 7277 7214 7213
f 7279 7280 7233
f 7279 7233 7218
f 7281 7277 7213
f 7281 7213 7231
f 7154 7214 7278
f 7154 7278 7155
f 7282 7155 7278
f 7282 7278 7283
f 7277 7284 7283
f 7277 7283 7278
f 7281 7285 7284
f 7281 7284 7277
f 7285 7281 7280
f 7285 7280 7286
f 7279 7287 7286
f 7279 7286 7280
f 7288 7289 7284
f 7288 7284 7285
f 7289 7290 7283
f 7289 7283 7284
f 7291 7292 7293
f 7291 7293 7294
f 7282 7283 7290
f 7282 7290 7295
f 7296 7297 7286
f 7296 7286 7287
f 7192 7191 7194
f 7192 7194 7193
f 7210 7209 7206
f 7210 7206 7205
f 7196 7225 7223
f 7196 7223 7193
f 7233 7231 7232
f 7233 7232 7234
f 7240 7243 7246
f 7240 7246 7241
f 7260 7255 7258
f 7260 7258 7261
f 7266 7263 7255
f 7266 7255 7260
f 7270 7267 7263
f 7270 7263 7266
f 516 513 7267
f 516 7267 7270
f 7280 7281 7231
f 7280 7231 7233
f 7287 7279 7298
f 7287 7298 7299
f 7297 7288 7285
f 7297 7285 7286
f 7299 7300 7296
f 7299 7296 7287
f 7272 7273 7301
f 7272 7301 7302
f 7273 7274 7303
f 7273 7303 7301
f 7271 7272 7302
f 7271 7302 7304
f 7299 7298 7305
f 7299 7305 7306
f 7217 7298 7279
f 7217 7279 7218
f 7275 522 555
f 7275 555 7307
f 7274 7275 7307
f 7274 7307 7303
f 7308 7309 7212
f 7308 7212 7211
f 7300 679 685
f 7300 685 7296
f 7310 7311 7226
f 7310 7226 7200
f 7302 7301 7312
f 7302 7312 7313
f 7314 7315 7217
f 7314 7217 7220
f 7306 7305 7316
f 7306 7316 7317
f 7303 7307 7318
f 7303 7318 7319
f 7306 7320 7300
f 7306 7300 7299
f 7301 7303 7319
f 7301 7319 7312
f 7315 7305 7298
f 7315 7298 7217
f 7304 7302 7313
f 7304 7313 7321
f 7200 7199 7322
f 7200 7322 7310
f 7312 7319 7323
f 7312 7323 7324
f 7319 7318 7325
f 7319 7325 7323
f 7317 7326 7320
f 7317 7320 7306
f 7321 7313 7327
f 7321 7327 7328
f 7329 7330 7315
f 7329 7315 7314
f 7331 7332 7311
f 7331 7311 7310
f 7310 7322 7333
f 7310 7333 7331
f 7313 7312 7324
f 7313 7324 7327
f 7334 7335 7317
f 7334 7317 7316
f 7330 7316 7305
f 7330 7305 7315
f 7336 7337 7309
f 7336 7309 7308
f 7338 7334 7316
f 7338 7316 7330
f 7339 7340 7337
f 7339 7337 7336
f 7325 573 592
f 7325 592 7341
f 7324 7323 7342
f 7324 7342 7343
f 7323 7325 7341
f 7323 7341 7342
f 7335 7344 7326
f 7335 7326 7317
f 7328 7327 7345
f 7328 7345 7346
f 7347 7338 7330
f 7347 7330 7329
f 7348 7349 7332
f 7348 7332 7331
f 7331 7333 7350
f 7331 7350 7348
f 7327 7324 7343
f 7327 7343 7345
f 7335 7334 7351
f 7335 7351 7352
f 7353 7354 7352
f 7353 7352 7351
f 7355 7351 7334
f 7355 7334 7338
f 7356 7357 7340
f 7356 7340 7339
f 7341 592 610
f 7341 610 7358
f 7343 7342 7359
f 7343 7359 7360
f 7342 7341 7358
f 7342 7358 7359
f 7352 7361 7344
f 7352 7344 7335
f 7346 7345 7362
f 7346 7362 7363
f 7364 7355 7338
f 7364 7338 7347
f 7365 7366 7349
f 7365 7349 7348
f 7348 7350 7367
f 7348 7367 7365
f 7368 7369 622
f 7368 622 621
f 7345 7343 7360
f 7345 7360 7362
f 7370 7371 7366
f 7370 7366 7365
f 7365 7367 7372
f 7365 7372 7370
f 7373 7368 621
f 7373 621 628
f 7362 7360 7374
f 7362 7374 7375
f 7354 7353 7376
f 7354 7376 7377
f 7378 7353 7351
f 7378 7351 7355
f 628 635 7379
f 628 7379 7373
f 7380 7381 7357
f 7380 7357 7356
f 7358 610 639
f 7358 639 7382
f 635 641 7383
f 635 7383 7379
f 7360 7359 7384
f 7360 7384 7374
f 7359 7358 7382
f 7359 7382 7384
f 7354 7385 7361
f 7354 7361 7352
f 7363 7362 7375
f 7363 7375 7386
f 7387 7378 7355
f 7387 7355 7364
f 7382 639 647
f 7382 647 7388
f 7383 641 648
f 7383 648 7385
f 7374 7384 7389
f 7374 7389 7390
f 7384 7382 7388
f 7384 7388 7389
f 7377 7383 7385
f 7377 7385 7354
f 7386 7375 7391
f 7386 7391 7392
f 7393 7394 7378
f 7393 7378 7387
f 7395 7396 7371
f 7395 7371 7370
f 7370 7372 7397
f 7370 7397 7395
f 658 7361 7385
f 658 7385 648
f 7375 7374 7390
f 7375 7390 7391
f 7398 7399 7377
f 7398 7377 7376
f 7394 7376 7353
f 7394 7353 7378
f 7361 658 661
f 7361 661 7344
f 7400 7401 7381
f 7400 7381 7380
f 7402 7398 7376
f 7402 7376 7394
f 7344 661 665
f 7344 665 7326
f 7403 7404 7401
f 7403 7401 7400
f 7388 647 669
f 7388 669 7405
f 7326 665 670
f 7326 670 7320
f 7390 7389 7406
f 7390 7406 7407
f 7389 7388 7405
f 7389 7405 7406
f 7399 7379 7383
f 7399 7383 7377
f 7392 7391 7408
f 7392 7408 7409
f 7410 7402 7394
f 7410 7394 7393
f 7411 7412 7396
f 7411 7396 7395
f 7395 7397 7413
f 7395 7413 7411
f 7391 7390 7407
f 7391 7407 7408
f 7398 7414 7415
f 7398 7415 7399
f 7416 7415 7414
f 7416 7414 7417
f 7418 7414 7398
f 7418 7398 7402
f 7289 702 712
f 7289 712 7290
f 7419 7420 7404
f 7419 7404 7403
f 7405 669 689
f 7405 689 7421
f 7407 7406 7422
f 7407 7422 7423
f 7406 7405 7421
f 7406 7421 7422
f 7415 7373 7379
f 7415 7379 7399
f 7409 7408 7424
f 7409 7424 7425
f 7426 7418 7402
f 7426 7402 7410
f 7427 7428 7412
f 7427 7412 7411
f 7411 7413 7429
f 7411 7429 7427
f 699 7288 7297
f 699 7297 690
f 7408 7407 7423
f 7408 7423 7424
f 7421 689 701
f 7421 701 7430
f 7423 7422 7431
f 7423 7431 7432
f 7422 7421 7430
f 7422 7430 7431
f 7416 7368 7373
f 7416 7373 7415
f 7425 7424 7433
f 7425 7433 7434
f 7435 7436 7418
f 7435 7418 7426
f 7437 7438 7428
f 7437 7428 7427
f 7427 7429 7439
f 7427 7439 7437
f 7424 7423 7432
f 7424 7432 7433
f 7440 7416 7417
f 7440 7417 7441
f 7436 7417 7414
f 7436 7414 7418
f 7291 1123 1122
f 7291 1122 7292
f 7442 7443 7420
f 7442 7420 7419
f 7444 7445 7438
f 7444 7438 7437
f 7437 7439 7446
f 7437 7446 7444
f 7433 7432 7447
f 7433 7447 7448
f 7449 7441 7417
f 7449 7417 7436
f 7450 7451 7443
f 7450 7443 7442
f 7430 701 727
f 7430 727 7452
f 7432 7431 7453
f 7432 7453 7447
f 7431 7430 7452
f 7431 7452 7453
f 7440 7369 7368
f 7440 7368 7416
f 7434 7433 7448
f 7434 7448 7454
f 7455 7449 7436
f 7455 7436 7435
f 7456 7457 7449
f 7456 7449 7455
f 7458 7440 7441
f 7458 7441 7459
f 7369 7460 735
f 7369 735 622
f 7461 7462 7445
f 7461 7445 7444
f 7444 7446 7463
f 7444 7463 7461
f 7464 7465 7463
f 7464 7463 7446
f 7457 7459 7441
f 7457 7441 7449
f 7466 7467 7451
f 7466 7451 7450
f 7452 727 745
f 7452 745 7468
f 7447 7453 7469
f 7447 7469 7470
f 7453 7452 7468
f 7453 7468 7469
f 7440 7458 7460
f 7440 7460 7369
f 7454 7448 7471
f 7454 7471 7472
f 7471 7448 7447
f 7471 7447 7470
f 7472 7461 7463
f 7472 7463 7465
f 7456 7462 7461
f 7456 7461 7457
f 7027 7473 7474
f 7027 7474 7028
f 7475 7476 7293
f 7475 7293 7292
f 7477 7478 7479
f 7477 7479 7480
f 7182 7181 7481
f 7182 7481 7482
f 7228 7204 7203
f 7228 7203 7229
f 7481 7181 7183
f 7481 7183 7483
f 7484 7485 7486
f 7484 7486 7487
f 7488 7489 7490
f 7488 7490 7491
f 7492 7493 7494
f 7492 7494 7495
f 7496 7497 7493
f 7496 7493 7492
f 7498 7499 7497
f 7498 7497 7496
f 7500 7501 7499
f 7500 7499 7498
f 7502 7503 7501
f 7502 7501 7500
f 7504 7505 7503
f 7504 7503 7502
f 7506 7507 7508
f 7506 7508 7509
f 7510 7511 7507
f 7510 7507 7506
f 7512 7513 7511
f 7512 7511 7510
f 7514 7515 7513
f 7514 7513 7512
f 7516 7517 7515
f 7516 7515 7514
f 7518 7519 7517
f 7518 7517 7516
f 7489 7520 7521
f 7489 7521 7490
f 7522 7523 7524
f 7522 7524 7525
f 7525 7524 7526
f 7525 7526 7527
f 7527 7526 7528
f 7527 7528 7529
f 7529 7528 7530
f 7529 7530 7531
f 7532 7533 7534
f 7532 7534 7535
f 7536 7537 7535
f 7536 7535 7538
f 7531 7530 7539
f 7531 7539 7538
f 7538 7539 7540
f 7538 7540 7536
f 7541 7532 7535
f 7541 7535 7537
f 7538 7535 7534
f 7538 7534 7531
f 7536 7540 7542
f 7536 7542 7543
f 7533 7544 7545
f 7533 7545 7546
f 7539 825 824
f 7539 824 7540
f 7547 7541 7537
f 7547 7537 7548
f 7516 7549 7550
f 7516 7550 7518
f 7514 7551 7549
f 7514 7549 7516
f 7512 7552 7551
f 7512 7551 7514
f 7526 833 832
f 7526 832 7528
f 7553 7488 7491
f 7553 7491 7554
f 7045 7555 7022
f 7045 7022 7021
f 7495 7508 7507
f 7495 7507 7492
f 7492 7507 7511
f 7492 7511 7496
f 7496 7511 7513
f 7496 7513 7498
f 7498 7513 7515
f 7498 7515 7500
f 7500 7515 7517
f 7500 7517 7502
f 7502 7517 7519
f 7502 7519 7504
f 7493 7497 7556
f 7493 7556 7557
f 7503 7505 7558
f 7503 7558 7559
f 7501 7503 7559
f 7501 7559 7560
f 7499 7501 7560
f 7499 7560 7561
f 7497 7499 7561
f 7497 7561 7556
f 7557 7556 7562
f 7557 7562 7563
f 7559 7558 7564
f 7559 7564 7565
f 7556 7561 7566
f 7556 7566 7562
f 7561 7560 7567
f 7561 7567 7566
f 7560 7559 7565
f 7560 7565 7567
f 7563 7562 7568
f 7563 7568 7569
f 7565 7564 7570
f 7565 7570 7571
f 7562 7566 7572
f 7562 7572 7568
f 7566 7567 7573
f 7566 7573 7572
f 7567 7565 7571
f 7567 7571 7573
f 7569 7568 7574
f 7569 7574 7575
f 7571 7570 7576
f 7571 7576 7577
f 7568 7572 7578
f 7568 7578 7574
f 7572 7573 7579
f 7572 7579 7578
f 7573 7571 7577
f 7573 7577 7579
f 7575 7574 7580
f 7575 7580 7581
f 7577 7576 7582
f 7577 7582 7583
f 7574 7578 7584
f 7574 7584 7580
f 7578 7579 7585
f 7578 7585 7584
f 7579 7577 7583
f 7579 7583 7585
f 7581 7580 7586
f 7581 7586 7587
f 7583 7582 7588
f 7583 7588 7589
f 7580 7584 7590
f 7580 7590 7586
f 7584 7585 7591
f 7584 7591 7590
f 7585 7583 7589
f 7585 7589 7591
f 7592 7593 875
f 7592 875 874
f 7594 7595 879
f 7594 879 878
f 7593 7596 881
f 7593 881 875
f 7596 7597 883
f 7596 883 881
f 7597 7594 878
f 7597 878 883
f 7598 7599 7600
f 7598 7600 7601
f 7599 7602 7603
f 7599 7603 7600
f 7604 7605 7606
f 7604 7606 7607
f 7608 7609 7610
f 7608 7610 7611
f 7605 7598 7601
f 7605 7601 7606
f 7609 7612 7613
f 7609 7613 7610
f 7614 7615 7616
f 7614 7616 7617
f 7617 7616 7618
f 7617 7618 7619
f 7620 7621 7622
f 7620 7622 7623
f 7624 7625 7615
f 7624 7615 7614
f 7626 7627 7628
f 7626 7628 7629
f 7619 7618 7049
f 7619 7049 7048
f 7630 7051 7054
f 7630 7054 7631
f 7623 7630 7631
f 7623 7631 7620
f 7628 7627 7632
f 7628 7632 7633
f 7634 7490 7521
f 7634 7521 7635
f 7493 7557 7636
f 7493 7636 7494
f 7563 7637 7636
f 7563 7636 7557
f 7569 7638 7637
f 7569 7637 7563
f 7575 7639 7638
f 7575 7638 7569
f 7581 7640 7639
f 7581 7639 7575
f 7587 7641 7640
f 7587 7640 7581
f 7642 7643 7644
f 7642 7644 7645
f 7646 7647 6946
f 7646 6946 6949
f 6938 7648 7649
f 6938 7649 6939
f 7650 7647 7651
f 7650 7651 7652
f 7650 7006 6987
f 7650 6987 6988
f 7653 7654 7649
f 7653 7649 7648
f 7644 7654 7653
f 7644 7653 7645
f 6952 6992 6980
f 6952 6980 6953
f 6942 6983 6986
f 6942 6986 6943
f 6902 6913 6912
f 6902 6912 6903
f 6946 6988 6984
f 6946 6984 6947
f 6956 6972 6971
f 6956 6971 6957
f 6904 6917 6916
f 6904 6916 6906
f 6960 6977 6974
f 6960 6974 6962
f 6950 6990 6992
f 6950 6992 6952
f 6903 6912 6917
f 6903 6917 6904
f 6947 6984 6983
f 6947 6983 6942
f 6957 6971 6965
f 6957 6965 6964
f 6962 6974 6972
f 6962 6972 6956
f 6953 6980 6978
f 6953 6978 6954
f 6913 6902 6964
f 6913 6964 6965
f 6943 6986 6990
f 6943 6990 6950
f 6954 6978 6977
f 6954 6977 6960
f 6906 6916 6919
f 6906 6919 6908
f 7520 7655 7656
f 7520 7656 7521
f 7635 7521 7656
f 7635 7656 7657
f 7528 832 945
f 7528 945 7530
f 825 7539 7530
f 825 7530 945
f 7540 824 946
f 7540 946 7542
f 7487 7658 7659
f 7487 7659 7484
f 7660 7661 7662
f 7660 7662 7663
f 7664 7662 7661
f 7664 7661 7665
f 7666 7667 7663
f 7666 7663 7662
f 7666 7662 7664
f 7666 7664 7668
f 7669 7670 7671
f 7669 7671 7672
f 7534 7533 7546
f 7534 7546 7673
f 7531 7534 7673
f 7531 7673 7529
f 7536 7543 7548
f 7536 7548 7537
f 7674 7541 7547
f 7674 7547 7675
f 7676 7532 7541
f 7676 7541 7674
f 7532 7676 7544
f 7532 7544 7533
f 7670 7677 7678
f 7670 7678 7671
f 7679 7664 7665
f 7679 7665 7680
f 7679 7670 7669
f 7679 7669 7681
f 7682 7554 7491
f 7682 7491 7683
f 7684 7685 7686
f 7684 7686 7687
f 7552 7688 7689
f 7552 7689 7551
f 7551 7689 7690
f 7551 7690 7549
f 7549 7690 7691
f 7549 7691 7550
f 7692 7686 7509
f 7692 7509 7693
f 7694 7495 7494
f 7694 7494 7695
f 7696 7687 7686
f 7696 7686 7692
f 7694 7655 7520
f 7694 7520 7697
f 7693 7509 7508
f 7693 7508 7697
f 7698 7695 7494
f 7698 7494 7636
f 7699 7608 7611
f 7699 7611 7700
f 7701 7699 7700
f 7701 7700 7702
f 7703 7704 7615
f 7703 7615 7625
f 7602 995 994
f 7602 994 7603
f 7612 7604 7607
f 7612 7607 7613
f 7655 7705 7706
f 7655 7706 7656
f 7707 7708 7709
f 7707 7709 7710
f 7711 7698 7636
f 7711 7636 7637
f 7712 7713 1005
f 7712 1005 1004
f 7714 7715 7716
f 7714 7716 7717
f 7718 7714 7717
f 7718 7717 7719
f 7720 7640 7641
f 7720 7641 7721
f 7722 7639 7640
f 7722 7640 7720
f 7723 7638 7639
f 7723 7639 7722
f 7724 7637 7638
f 7724 7638 7723
f 7725 7726 7641
f 7725 7641 7587
f 7628 7633 7727
f 7628 7727 7728
f 7729 1025 1024
f 7729 1024 7730
f 7629 7628 7728
f 7629 7728 7731
f 7732 7733 7734
f 7732 7734 7735
f 7736 7629 7731
f 7736 7731 7737
f 7633 7732 7735
f 7633 7735 7727
f 7738 7739 7740
f 7738 7740 7741
f 7742 7743 7708
f 7742 7708 7707
f 7744 7742 7707
f 7744 7707 7745
f 7746 1044 1043
f 7746 1043 7747
f 7739 7744 7745
f 7739 7745 7740
f 7743 7748 7749
f 7743 7749 7708
f 7709 7750 7598
f 7709 7598 7605
f 7751 7752 7609
f 7751 7609 7608
f 7710 7709 7605
f 7710 7605 7604
f 7753 7710 7604
f 7753 7604 7612
f 7754 1052 995
f 7754 995 7602
f 7752 7753 7612
f 7752 7612 7609
f 7755 7756 1055
f 7755 1055 1054
f 7757 7054 7053
f 7757 7053 7758
f 7555 7759 7760
f 7555 7760 7761
f 7762 7045 7044
f 7762 7044 7763
f 7762 7759 7555
f 7762 7555 7045
f 7764 7053 7052
f 7764 7052 7765
f 7633 7632 7766
f 7633 7766 7732
f 7732 7766 7719
f 7732 7719 7733
f 7767 1070 1069
f 7767 1069 7768
f 7760 7769 7770
f 7760 7770 7761
f 7473 7767 7768
f 7473 7768 7474
f 7771 7772 7759
f 7771 7759 7762
f 7771 7762 7763
f 7771 7763 7773
f 7719 7717 7774
f 7719 7774 7733
f 7775 7621 7620
f 7775 7620 7776
f 7776 7620 7631
f 7776 7631 7777
f 7772 7778 7760
f 7772 7760 7759
f 7486 7485 7523
f 7486 7523 7522
f 7717 7716 7729
f 7717 7729 7774
f 7670 7679 7680
f 7670 7680 7677
f 7664 7679 7681
f 7664 7681 7668
f 7488 7692 7693
f 7488 7693 7489
f 7655 7694 7695
f 7655 7695 7779
f 7553 7696 7692
f 7553 7692 7488
f 7495 7694 7697
f 7495 7697 7508
f 7489 7693 7697
f 7489 7697 7520
f 7780 7779 7695
f 7780 7695 7698
f 7781 7780 7698
f 7781 7698 7711
f 7782 7711 7637
f 7782 7637 7724
f 7783 7736 7737
f 7783 7737 7784
f 7785 7738 7741
f 7785 7741 7786
f 7787 7751 7608
f 7787 7608 7699
f 7776 7777 7788
f 7776 7788 7789
f 7776 7789 7790
f 7776 7790 7775
f 7716 1093 1025
f 7716 1025 7729
f 7777 7757 7791
f 7777 7791 7788
f 7792 1098 1097
f 7792 1097 7793
f 7794 7795 7597
f 7794 7597 7596
f 1055 7756 7796
f 1055 7796 1101
f 7797 7798 7799
f 7797 7799 7800
f 7801 7802 7803
f 7801 7803 7758
f 7016 7019 7012
f 7016 7012 7011
f 7793 1097 1111
f 7793 1111 7804
f 7774 7729 7730
f 7774 7730 7805
f 7758 7803 7791
f 7758 7791 7757
f 7806 7794 7596
f 7806 7596 7593
f 7807 7754 7602
f 7807 7602 7599
f 7777 7631 7054
f 7777 7054 7757
f 7808 7755 1054
f 7808 1054 1116
f 7809 7810 7595
f 7809 7595 7594
f 7725 7806 7593
f 7725 7593 7592
f 7811 7746 7747
f 7811 7747 7812
f 874 1005 7713
f 874 7713 7592
f 7795 7809 7594
f 7795 7594 7597
f 7801 7764 7756
f 7801 7756 7755
f 7778 7791 7803
f 7778 7803 7813
f 6996 7011 7012
f 6996 7012 6997
f 7156 7294 7293
f 7156 7293 7183
f 7476 7483 7183
f 7476 7183 7293
f 7814 7475 1124
f 7814 1124 5224
f 7660 7658 7487
f 7660 7487 7661
f 7661 7487 7486
f 7661 7486 7665
f 7522 7680 7665
f 7522 7665 7486
f 7680 7522 7525
f 7680 7525 7677
f 7527 7678 7677
f 7527 7677 7525
f 7524 1125 833
f 7524 833 7526
f 7523 1126 1125
f 7523 1125 7524
f 1126 7523 7485
f 1126 7485 1127
f 1127 7485 7484
f 1127 7484 1128
f 7659 1129 1128
f 7659 1128 7484
f 7815 7816 7817
f 7815 7817 7818
f 7819 7820 7663
f 7819 7663 7667
f 7820 7821 7660
f 7820 7660 7663
f 7821 7822 7658
f 7821 7658 7660
f 7822 7823 7659
f 7822 7659 7658
f 7127 7129 7074
f 7127 7074 7073
f 7824 7825 7685
f 7824 7685 7684
f 7509 7686 7685
f 7509 7685 7506
f 7506 7685 7825
f 7506 7825 7510
f 7671 7546 7545
f 7671 7545 7672
f 7678 7673 7546
f 7678 7546 7671
f 7529 7673 7678
f 7529 7678 7527
f 7824 7688 7552
f 7824 7552 7825
f 7510 7825 7552
f 7510 7552 7512
f 7784 7826 7827
f 7784 7827 7783
f 7828 7785 7786
f 7828 7786 7829
f 7741 7740 7752
f 7741 7752 7751
f 7804 7830 7831
f 7804 7831 7793
f 7830 7770 7769
f 7830 7769 7831
f 7592 7713 7726
f 7592 7726 7725
f 7756 7764 7765
f 7756 7765 7796
f 7590 7591 7795
f 7590 7795 7794
f 7755 7808 7802
f 7755 7802 7801
f 7733 7774 7805
f 7733 7805 7734
f 7586 7590 7794
f 7586 7794 7806
f 7750 7807 7599
f 7750 7599 7598
f 7589 7588 7810
f 7589 7810 7809
f 7587 7586 7806
f 7587 7806 7725
f 7748 7811 7812
f 7748 7812 7749
f 7591 7589 7809
f 7591 7809 7795
f 7758 7053 7764
f 7758 7764 7801
f 7792 7832 7802
f 7792 7802 7808
f 7832 7813 7803
f 7832 7803 7802
f 7833 7834 7835
f 7833 7835 7836
f 7837 7838 7839
f 7837 7839 7840
f 7841 7837 7840
f 7841 7840 7842
f 7843 7841 7842
f 7843 7842 7844
f 7845 7843 7844
f 7845 7844 7846
f 7847 7834 6787
f 7847 6787 6839
f 7848 7849 6865
f 7848 6865 6869
f 7850 7851 7852
f 7850 7852 7853
f 7849 7854 6859
f 7849 6859 6865
f 7855 7856 7857
f 7855 7857 7858
f 7854 7851 6860
f 7854 6860 6859
f 7859 7860 7861
f 7859 7861 7862
f 7850 7863 6849
f 7850 6849 6853
f 7864 7859 7862
f 7864 7862 7865
f 7863 7866 6845
f 7863 6845 6849
f 7866 7847 6839
f 7866 6839 6845
f 7867 7868 7869
f 7867 7869 7870
f 7871 7872 7873
f 7871 7873 7874
f 7875 7876 7877
f 7875 7877 7878
f 7833 7845 7846
f 7833 7846 6788
f 7879 7875 7878
f 7879 7878 7880
f 7838 7879 7880
f 7838 7880 7839
f 7881 7882 7883
f 7881 7883 7884
f 7885 7886 7887
f 7885 7887 7888
f 7889 7890 7891
f 7889 7891 7892
f 7893 7894 7895
f 7893 7895 7836
f 7896 7897 7898
f 7896 7898 7899
f 7882 7900 7901
f 7882 7901 7883
f 7890 7902 7903
f 7890 7903 7891
f 7894 7904 7905
f 7894 7905 7895
f 7853 7852 7906
f 7853 7906 7907
f 7907 7896 7899
f 7907 7899 7853
f 7908 7909 7910
f 7908 7910 7911
f 7902 7912 7913
f 7902 7913 7903
f 7904 7914 7915
f 7904 7915 7905
f 7916 7906 7852
f 7916 7852 7917
f 7918 7919 7920
f 7918 7920 7921
f 7914 7922 7923
f 7914 7923 7915
f 7924 7916 7917
f 7924 7917 7925
f 7926 7927 7835
f 7926 7835 7928
f 7922 7889 7892
f 7922 7892 7923
f 7836 7835 7927
f 7836 7927 7893
f 7929 7924 7925
f 7929 7925 7930
f 7897 7926 7928
f 7897 7928 7898
f 7931 7932 7926
f 7931 7926 7897
f 7933 7934 7882
f 7933 7882 7881
f 7935 7936 7886
f 7935 7886 7885
f 7937 7938 7890
f 7937 7890 7889
f 7939 7940 7894
f 7939 7894 7893
f 7941 7931 7897
f 7941 7897 7896
f 7934 7942 7900
f 7934 7900 7882
f 7938 7943 7902
f 7938 7902 7890
f 7940 7944 7904
f 7940 7904 7894
f 7907 7906 7945
f 7907 7945 7946
f 7946 7941 7896
f 7946 7896 7907
f 7947 7948 7909
f 7947 7909 7908
f 7943 7949 7912
f 7943 7912 7902
f 7944 7950 7914
f 7944 7914 7904
f 7951 7945 7906
f 7951 7906 7916
f 7952 7953 7919
f 7952 7919 7918
f 7950 7954 7922
f 7950 7922 7914
f 7955 7951 7916
f 7955 7916 7924
f 7932 7956 7927
f 7932 7927 7926
f 7954 7937 7889
f 7954 7889 7922
f 7893 7927 7956
f 7893 7956 7939
f 7957 7955 7924
f 7957 7924 7929
f 7958 7959 7951
f 7958 7951 7955
f 7960 7961 7956
f 7960 7956 7932
f 7962 7963 7937
f 7962 7937 7954
f 7939 7956 7961
f 7939 7961 7964
f 7965 7958 7955
f 7965 7955 7957
f 7966 7960 7932
f 7966 7932 7931
f 7967 7968 7934
f 7967 7934 7933
f 7969 7970 7936
f 7969 7936 7935
f 7963 7971 7938
f 7963 7938 7937
f 7964 7972 7940
f 7964 7940 7939
f 7973 7966 7931
f 7973 7931 7941
f 7968 7974 7942
f 7968 7942 7934
f 7971 7975 7943
f 7971 7943 7938
f 7972 7976 7944
f 7972 7944 7940
f 7946 7945 7977
f 7946 7977 7978
f 7978 7973 7941
f 7978 7941 7946
f 7979 7980 7948
f 7979 7948 7947
f 7975 7981 7949
f 7975 7949 7943
f 7976 7982 7950
f 7976 7950 7944
f 7959 7977 7945
f 7959 7945 7951
f 7983 7984 7953
f 7983 7953 7952
f 7982 7962 7954
f 7982 7954 7950
f 7985 7986 7972
f 7985 7972 7964
f 7987 7988 7966
f 7987 7966 7973
f 7989 7990 7974
f 7989 7974 7968
f 7991 7992 7975
f 7991 7975 7971
f 7986 7993 7976
f 7986 7976 7972
f 7978 7977 7994
f 7978 7994 7995
f 7995 7987 7973
f 7995 7973 7978
f 7996 7997 7980
f 7996 7980 7979
f 7992 7998 7981
f 7992 7981 7975
f 7993 7999 7982
f 7993 7982 7976
f 8000 7994 7977
f 8000 7977 7959
f 8001 8002 7984
f 8001 7984 7983
f 7999 8003 7962
f 7999 7962 7982
f 8004 8000 7959
f 8004 7959 7958
f 8005 8006 7961
f 8005 7961 7960
f 8003 8007 7963
f 8003 7963 7962
f 7964 7961 8006
f 7964 8006 7985
f 8008 8004 7958
f 8008 7958 7965
f 7988 8005 7960
f 7988 7960 7966
f 8009 7989 7968
f 8009 7968 7967
f 8010 8011 7970
f 8010 7970 7969
f 8007 7991 7971
f 8007 7971 7963
f 7985 8006 8012
f 7985 8012 8013
f 8014 8015 8004
f 8014 8004 8008
f 8016 8017 8005
f 8016 8005 7988
f 8018 8019 7989
f 8018 7989 8009
f 8020 8021 8011
f 8020 8011 8010
f 8022 8023 7991
f 8022 7991 8007
f 8013 8024 7986
f 8013 7986 7985
f 8025 8016 7988
f 8025 7988 7987
f 8019 8026 7990
f 8019 7990 7989
f 8023 8027 7992
f 8023 7992 7991
f 8024 8028 7993
f 8024 7993 7986
f 7995 7994 8029
f 7995 8029 8030
f 8030 8025 7987
f 8030 7987 7995
f 8031 8032 7997
f 8031 7997 7996
f 8027 8033 7998
f 8027 7998 7992
f 8028 8034 7999
f 8028 7999 7993
f 8035 8029 7994
f 8035 7994 8000
f 8036 8037 8002
f 8036 8002 8001
f 8034 8038 8003
f 8034 8003 7999
f 8015 8035 8000
f 8015 8000 8004
f 8017 8012 8006
f 8017 8006 8005
f 8038 8022 8007
f 8038 8007 8003
f 8039 8040 8038
f 8039 8038 8034
f 8038 8040 8041
f 8038 8041 8022
f 8022 8041 8042
f 8022 8042 8023
f 8027 8043 8044
f 8027 8044 8033
f 8045 8046 8015
f 8045 8015 8014
f 8036 8047 8048
f 8036 8048 8037
f 8020 8049 8050
f 8020 8050 8021
f 8018 8051 8052
f 8018 8052 8019
f 8053 8054 8024
f 8053 8024 8013
f 8019 8052 8055
f 8019 8055 8026
f 8017 8016 8056
f 8017 8056 8057
f 8042 8043 8027
f 8042 8027 8023
f 8015 8046 8058
f 8015 8058 8035
f 8030 8029 8059
f 8030 8059 8060
f 8035 8058 8059
f 8035 8059 8029
f 8061 8062 8032
f 8061 8032 8031
f 8030 8060 8063
f 8030 8063 8025
f 8025 8063 8056
f 8025 8056 8016
f 8017 8057 8064
f 8017 8064 8012
f 8053 8013 8012
f 8053 8012 8064
f 8024 8054 8065
f 8024 8065 8028
f 8028 8065 8039
f 8028 8039 8034
f 8037 8048 8049
f 8037 8049 8020
f 8010 8002 8037
f 8010 8037 8020
f 7969 7984 8002
f 7969 8002 8010
f 7984 7969 7935
f 7984 7935 7953
f 8039 8065 8066
f 8039 8066 8067
f 8060 8059 8068
f 8060 8068 8069
f 8063 8060 8069
f 8063 8069 8070
f 8061 8055 8071
f 8061 8071 8072
f 8052 8051 8073
f 8052 8073 8074
f 8057 8056 8075
f 8057 8075 8076
f 8044 8043 8077
f 8044 8077 8078
f 8054 8053 8079
f 8054 8079 8080
f 8056 8063 8070
f 8056 8070 8075
f 8047 8044 8078
f 8047 8078 8081
f 8040 8039 8067
f 8040 8067 8082
f 8065 8054 8080
f 8065 8080 8066
f 8064 8057 8076
f 8064 8076 8083
f 8058 8046 8084
f 8058 8084 8085
f 8050 8049 8086
f 8050 8086 8087
f 8041 8040 8082
f 8041 8082 8088
f 8046 8045 8089
f 8046 8089 8084
f 8059 8058 8085
f 8059 8085 8068
f 8055 8052 8074
f 8055 8074 8071
f 8042 8041 8088
f 8042 8088 8090
f 8053 8064 8083
f 8053 8083 8079
f 8049 8048 8091
f 8049 8091 8086
f 8043 8042 8090
f 8043 8090 8077
f 8081 8078 8092
f 8081 8092 8093
f 8082 8067 8094
f 8082 8094 8095
f 8076 8075 8096
f 8076 8096 8097
f 8084 8089 8098
f 8084 8098 8099
f 8085 8084 8099
f 8085 8099 8100
f 8087 8086 8101
f 8087 8101 8102
f 8088 8082 8095
f 8088 8095 8103
f 8079 8083 8104
f 8079 8104 8105
f 8068 8085 8100
f 8068 8100 8106
f 8071 8074 8107
f 8071 8107 8108
f 8090 8088 8103
f 8090 8103 8109
f 8069 8068 8106
f 8069 8106 8110
f 8070 8069 8110
f 8070 8110 8111
f 8086 8091 8112
f 8086 8112 8101
f 8077 8090 8109
f 8077 8109 8113
f 8066 8080 8114
f 8066 8114 8115
f 8075 8070 8111
f 8075 8111 8096
f 8072 8071 8108
f 8072 8108 8116
f 8074 8073 8117
f 8074 8117 8107
f 8078 8077 8113
f 8078 8113 8092
f 8080 8079 8105
f 8080 8105 8114
f 8067 8066 8115
f 8067 8115 8094
f 8083 8076 8097
f 8083 8097 8104
f 8100 8099 8118
f 8100 8118 8119
f 8102 8101 8120
f 8102 8120 8121
f 8103 8095 8122
f 8103 8122 8123
f 8105 8104 8124
f 8105 8124 8125
f 8106 8100 8119
f 8106 8119 8126
f 8108 8107 8127
f 8108 8127 8128
f 8109 8103 8123
f 8109 8123 8129
f 8110 8106 8126
f 8110 8126 8130
f 8111 8110 8130
f 8111 8130 8131
f 8101 8112 8132
f 8101 8132 8120
f 8113 8109 8129
f 8113 8129 8133
f 8115 8114 8134
f 8115 8134 8135
f 8096 8111 8131
f 8096 8131 8136
f 8116 8108 8128
f 8116 8128 8137
f 8107 8117 8138
f 8107 8138 8127
f 8092 8113 8133
f 8092 8133 8139
f 8114 8105 8125
f 8114 8125 8134
f 8094 8115 8135
f 8094 8135 8140
f 8104 8097 8141
f 8104 8141 8124
f 8093 8092 8139
f 8093 8139 8142
f 8095 8094 8140
f 8095 8140 8122
f 8097 8096 8136
f 8097 8136 8141
f 8099 8098 8143
f 8099 8143 8118
f 8144 8145 8146
f 8144 8146 8147
f 8148 8149 8150
f 8148 8150 8151
f 8152 8153 8154
f 8152 8154 8155
f 8156 8157 8158
f 8156 8158 8159
f 8160 8161 8162
f 8160 8162 8163
f 8159 8164 8165
f 8159 8165 8156
f 8163 8166 8167
f 8163 8167 8160
f 8145 8168 8169
f 8145 8169 8146
f 8170 8171 8172
f 8170 8172 8173
f 8157 8174 8175
f 8157 8175 8158
f 8176 8177 8178
f 8176 8178 8179
f 8180 8181 8182
f 8180 8182 8183
f 8155 8170 8173
f 8155 8173 8152
f 8166 8184 8185
f 8166 8185 8167
f 8181 8186 8187
f 8181 8187 8182
f 8188 8175 8174
f 8188 8174 8189
f 8190 8180 8183
f 8190 8183 8191
f 8151 8144 8147
f 8151 8147 8148
f 8179 8172 8171
f 8179 8171 8176
f 8189 8192 8193
f 8189 8193 8188
f 8191 8185 8184
f 8191 8184 8190
f 8186 8194 8195
f 8186 8195 8187
f 8196 8197 8198
f 8196 8198 8199
f 8149 8193 8192
f 8149 8192 8150
f 8153 8196 8199
f 8153 8199 8154
f 8168 8162 8161
f 8168 8161 8169
f 8194 8198 8197
f 8194 8197 8195
f 8179 8178 8134
f 8179 8134 8125
f 8139 8133 8193
f 8139 8193 8149
f 8167 8185 8128
f 8167 8128 8127
f 8136 8131 8153
f 8136 8153 8152
f 8178 8164 8135
f 8178 8135 8134
f 8137 8128 8185
f 8137 8185 8191
f 8188 8193 8133
f 8188 8133 8129
f 8160 8167 8127
f 8160 8127 8138
f 8131 8130 8196
f 8131 8196 8153
f 8130 8126 8197
f 8130 8197 8196
f 8148 8147 8132
f 8148 8132 8142
f 8129 8123 8175
f 8129 8175 8188
f 8147 8146 8120
f 8147 8120 8132
f 8195 8197 8126
f 8195 8126 8119
f 8125 8124 8172
f 8125 8172 8179
f 8138 8200 8161
f 8138 8161 8160
f 8158 8175 8123
f 8158 8123 8122
f 8146 8169 8121
f 8146 8121 8120
f 8187 8195 8119
f 8187 8119 8118
f 8201 7644 7643
f 8201 7643 8202
f 8203 7657 7656
f 8203 7656 7706
f 7705 7655 7779
f 7705 7779 8204
f 8205 7654 7644
f 8205 7644 8201
f 7654 8205 7652
f 7654 7652 7649
f 7649 7652 7651
f 7649 7651 6939
f 8206 6940 6939
f 8206 6939 7651
f 6871 8207 8208
f 6871 8208 6822
f 8209 6823 6822
f 8209 6822 8208
f 8210 6825 6823
f 8210 6823 8209
f 7867 7872 7920
f 7867 7920 7888
f 7888 7920 7919
f 7888 7919 7885
f 7885 7919 7953
f 7885 7953 7935
f 8211 8212 8213
f 8211 8213 8214
f 8214 8213 8215
f 8214 8215 8216
f 8216 8215 8217
f 8216 8217 8218
f 8218 8217 8219
f 8218 8219 8220
f 8220 8219 8221
f 8220 8221 8222
f 8223 8224 8225
f 8223 8225 8226
f 8226 8225 8227
f 8226 8227 8228
f 8228 8227 8229
f 8228 8229 8230
f 8230 8229 8231
f 8230 8231 8232
f 8212 8233 8234
f 8212 8234 8213
f 8213 8234 8235
f 8213 8235 8215
f 8215 8235 8236
f 8215 8236 8217
f 8217 8236 8237
f 8217 8237 8219
f 8219 8237 8238
f 8219 8238 8221
f 8224 8239 8240
f 8224 8240 8225
f 8225 8240 8241
f 8225 8241 8227
f 8227 8241 8242
f 8227 8242 8229
f 8229 8242 8243
f 8229 8243 8231
f 8244 8245 8246
f 8244 8246 8247
f 8247 8246 8248
f 8247 8248 8249
f 8249 8248 8250
f 8249 8250 8251
f 8251 8250 8252
f 8251 8252 8253
f 8254 8255 8256
f 8254 8256 8257
f 8257 8256 8258
f 8257 8258 8259
f 8259 8258 8260
f 8259 8260 8261
f 8261 8260 8262
f 8261 8262 8263
f 8264 8265 8266
f 8264 8266 8267
f 8245 8268 8269
f 8245 8269 8246
f 8246 8269 8270
f 8246 8270 8248
f 8248 8270 8271
f 8248 8271 8250
f 8250 8271 8272
f 8250 8272 8252
f 8255 8273 8274
f 8255 8274 8256
f 8256 8274 8275
f 8256 8275 8258
f 8258 8275 8276
f 8258 8276 8277
f 8260 8278 8279
f 8260 8279 8262
f 1595 8280 8281
f 1595 8281 1596
f 8268 8282 8283
f 8268 8283 8269
f 8269 8283 8284
f 8269 8284 8270
f 8270 8284 8285
f 8270 8285 8271
f 8271 8285 8286
f 8271 8286 8272
f 8273 8287 8288
f 8273 8288 8274
f 8274 8288 8289
f 8274 8289 8275
f 8278 8277 8290
f 8278 8290 8291
f 8280 8266 8265
f 8280 8265 8281
f 8282 8292 8293
f 8282 8293 8283
f 8283 8293 8294
f 8283 8294 8284
f 8284 8294 8295
f 8284 8295 8285
f 8285 8295 8296
f 8285 8296 8286
f 8287 8297 8298
f 8287 8298 8288
f 8288 8298 8299
f 8288 8299 8289
f 8289 8299 8300
f 8289 8300 8301
f 8245 8264 8267
f 8245 8267 8268
f 8292 8302 8303
f 8292 8303 8293
f 8293 8303 8304
f 8293 8304 8294
f 8294 8304 8305
f 8294 8305 8295
f 8295 8305 8306
f 8295 8306 8296
f 8297 8307 8308
f 8297 8308 8298
f 8298 8308 8309
f 8298 8309 8299
f 8299 8309 8310
f 8299 8310 8300
f 1628 1631 8311
f 1628 8311 8312
f 8302 8313 8314
f 8302 8314 8303
f 8303 8314 8315
f 8303 8315 8304
f 8304 8315 8316
f 8304 8316 8305
f 8305 8316 8317
f 8305 8317 8306
f 8307 8318 8319
f 8307 8319 8308
f 8308 8319 8320
f 8308 8320 8309
f 8309 8320 8321
f 8309 8321 8310
f 1631 1642 8322
f 1631 8322 8311
f 1643 1628 8312
f 1643 8312 8323
f 1595 1643 8323
f 1595 8323 8280
f 8324 8325 7550
f 8324 7550 7691
f 8326 8211 8214
f 8326 8214 8327
f 8327 8214 8216
f 8327 8216 8328
f 8328 8216 8218
f 8328 8218 8329
f 8329 8218 8220
f 8329 8220 8330
f 8330 8220 8222
f 8330 8222 8331
f 8332 8223 8226
f 8332 8226 8333
f 8333 8226 8228
f 8333 8228 8334
f 8334 8228 8230
f 8334 8230 8335
f 8335 8230 8232
f 8335 8232 8336
f 8280 8323 8337
f 8280 8337 8266
f 8311 8322 8338
f 8311 8338 8339
f 8340 8341 8264
f 8340 8264 8245
f 8312 8311 8339
f 8312 8339 8342
f 8323 8312 8342
f 8323 8342 8337
f 8341 8343 8265
f 8341 8265 8264
f 8344 8340 8245
f 8344 8245 8244
f 8345 8346 7547
f 8345 7547 7548
f 8347 8345 7548
f 8347 7548 7543
f 8346 8348 7675
f 8346 7675 7547
f 8349 8350 8212
f 8349 8212 8211
f 8351 8352 7519
f 8351 7519 7518
f 8353 8354 7576
f 8353 7576 7570
f 8355 8356 7595
f 8355 7595 7810
f 8357 8353 7570
f 8357 7570 7564
f 8356 1679 879
f 8356 879 7595
f 7810 7588 8358
f 7810 8358 8355
f 8359 8357 7564
f 8359 7564 7558
f 8360 8361 7505
f 8360 7505 7504
f 8362 8358 7588
f 8362 7588 7582
f 8361 8359 7558
f 8361 7558 7505
f 8354 8362 7582
f 8354 7582 7576
f 8363 8364 8359
f 8363 8359 8361
f 8365 8366 8358
f 8365 8358 8362
f 8367 8363 8361
f 8367 8361 8360
f 8368 8365 8362
f 8368 8362 8354
f 8369 8368 8354
f 8369 8354 8353
f 8370 8369 8353
f 8370 8353 8357
f 8371 8372 8356
f 8371 8356 8355
f 8364 8370 8357
f 8364 8357 8359
f 8355 8358 8366
f 8355 8366 8371
f 8372 1695 1679
f 8372 1679 8356
f 8373 8374 8368
f 8373 8368 8369
f 8374 8375 8365
f 8374 8365 8368
f 8375 8376 8366
f 8375 8366 8365
f 8377 8378 8363
f 8377 8363 8367
f 8371 8366 8376
f 8371 8376 8379
f 8378 8380 8364
f 8378 8364 8363
f 8379 8381 8372
f 8379 8372 8371
f 8380 8382 8370
f 8380 8370 8364
f 8382 8373 8369
f 8382 8369 8370
f 8383 8350 8325
f 8383 8325 8324
f 8384 8385 8346
f 8384 8346 8345
f 8386 8384 8345
f 8386 8345 8347
f 8385 8387 8348
f 8385 8348 8346
f 7518 7550 8325
f 7518 8325 8351
f 8349 8388 8352
f 8349 8352 8351
f 8233 8212 8350
f 8233 8350 8383
f 8360 8352 8388
f 8360 8388 8367
f 8211 8326 8388
f 8211 8388 8349
f 8340 8344 8387
f 8340 8387 8385
f 8351 8325 8350
f 8351 8350 8349
f 8343 8341 8384
f 8343 8384 8386
f 8341 8340 8385
f 8341 8385 8384
f 8367 8388 8326
f 8367 8326 8377
f 8360 7504 7519
f 8360 7519 8352
f 7542 946 1714
f 7542 1714 8389
f 8389 1714 1716
f 8389 1716 8390
f 8391 1718 1596
f 8391 1596 8281
f 8337 8342 8392
f 8337 8392 8393
f 8342 8339 8394
f 8342 8394 8392
f 8339 8338 8395
f 8339 8395 8394
f 8266 8337 8393
f 8266 8393 8267
f 8347 7543 7542
f 8347 7542 8389
f 8390 8386 8347
f 8390 8347 8389
f 8386 8390 8391
f 8386 8391 8343
f 8343 8391 8281
f 8343 8281 8265
f 8267 8393 8282
f 8267 8282 8268
f 8394 8395 8313
f 8394 8313 8302
f 8392 8394 8302
f 8392 8302 8292
f 8393 8392 8292
f 8393 8292 8282
f 8396 1724 1697
f 8396 1697 8381
f 8397 8398 8380
f 8397 8380 8378
f 8379 8376 8399
f 8379 8399 8400
f 8398 8401 8382
f 8398 8382 8380
f 8400 8396 8381
f 8400 8381 8379
f 8401 8402 8373
f 8401 8373 8382
f 8402 8403 8374
f 8402 8374 8373
f 8403 8404 8375
f 8403 8375 8374
f 8404 8399 8376
f 8404 8376 8375
f 8405 8397 8378
f 8405 8378 8377
f 8406 8407 8403
f 8406 8403 8402
f 8407 8408 8404
f 8407 8404 8403
f 8408 8409 8399
f 8408 8399 8404
f 8410 8411 8397
f 8410 8397 8405
f 8412 1741 1724
f 8412 1724 8396
f 8411 8413 8398
f 8411 8398 8397
f 8400 8399 8409
f 8400 8409 8414
f 8413 8415 8401
f 8413 8401 8398
f 8414 8412 8396
f 8414 8396 8400
f 8415 8406 8402
f 8415 8402 8401
f 8416 8417 8418
f 8416 8418 8419
f 8420 8421 8422
f 8420 8422 8423
f 8419 8418 8424
f 8419 8424 8425
f 8426 8427 8428
f 8426 8428 8429
f 8429 8428 8421
f 8429 8421 8420
f 8430 8416 8419
f 8430 8419 8431
f 8432 8420 8423
f 8432 8423 8433
f 8431 8419 8425
f 8431 8425 8434
f 8435 8426 8429
f 8435 8429 8436
f 8436 8429 8420
f 8436 8420 8432
f 8437 8430 8431
f 8437 8431 8438
f 8439 8432 8433
f 8439 8433 8440
f 8438 8431 8434
f 8438 8434 8441
f 8442 8435 8436
f 8442 8436 8443
f 8443 8436 8432
f 8443 8432 8439
f 8444 8437 8438
f 8444 8438 8445
f 8446 8439 8440
f 8446 8440 8447
f 8445 8438 8441
f 8445 8441 8448
f 8449 8442 8443
f 8449 8443 8450
f 8450 8443 8439
f 8450 8439 8446
f 8451 8444 8445
f 8451 8445 8452
f 8453 8446 8447
f 8453 8447 8454
f 8452 8445 8448
f 8452 8448 8455
f 8456 8449 8450
f 8456 8450 8457
f 8457 8450 8446
f 8457 8446 8453
f 1787 8451 8452
f 1787 8452 1788
f 1789 8453 8454
f 1789 8454 1790
f 1788 8452 8455
f 1788 8455 1791
f 1792 8456 8457
f 1792 8457 1793
f 1793 8457 8453
f 1793 8453 1789
f 8417 8416 8407
f 8417 8407 8406
f 8416 8430 8408
f 8416 8408 8407
f 8430 8437 8409
f 8430 8409 8408
f 8414 8409 8437
f 8414 8437 8444
f 8444 8451 8412
f 8444 8412 8414
f 8451 1787 1741
f 8451 1741 8412
f 8328 8410 8405
f 8328 8405 8327
f 8327 8405 8377
f 8327 8377 8326
f 8458 8459 8411
f 8458 8411 8410
f 8459 8460 8413
f 8459 8413 8411
f 8460 8461 8415
f 8460 8415 8413
f 8462 8463 8464
f 8462 8464 8465
f 8466 8467 8459
f 8466 8459 8458
f 8468 8469 8470
f 8468 8470 8471
f 8467 8472 8460
f 8467 8460 8459
f 8471 8470 8473
f 8471 8473 8474
f 8472 8475 8461
f 8472 8461 8460
f 8476 8462 8465
f 8476 8465 8477
f 8469 8478 8479
f 8469 8479 8480
f 8481 8482 8478
f 8481 8478 8469
f 8483 8484 8467
f 8483 8467 8466
f 8469 8480 8485
f 8469 8485 8470
f 8484 8486 8472
f 8484 8472 8467
f 8470 8485 8487
f 8470 8487 8473
f 8486 8488 8475
f 8486 8475 8472
f 8488 8489 8490
f 8488 8490 8475
f 8489 8491 8492
f 8489 8492 8490
f 8482 8493 8494
f 8482 8494 8478
f 8478 8494 8495
f 8478 8495 8479
f 8496 8497 8484
f 8496 8484 8483
f 8497 8498 8486
f 8497 8486 8484
f 8498 8499 8488
f 8498 8488 8486
f 8499 8500 8489
f 8499 8489 8488
f 8500 8476 8491
f 8500 8491 8489
f 8501 8463 8462
f 8501 8462 8502
f 8493 8503 8504
f 8493 8504 8494
f 8494 8504 8505
f 8494 8505 8495
f 8506 8507 8508
f 8506 8508 8509
f 8510 8511 8276
f 8510 8276 8301
f 8507 8512 8513
f 8507 8513 8508
f 8505 8290 8511
f 8505 8511 8495
f 8512 8514 8515
f 8512 8515 8513
f 8514 8501 8502
f 8514 8502 8515
f 8516 8517 8463
f 8516 8463 8501
f 8503 8518 8519
f 8503 8519 8504
f 8504 8519 8520
f 8504 8520 8505
f 8521 8522 8507
f 8521 8507 8506
f 8505 8520 8291
f 8505 8291 8290
f 8522 8523 8512
f 8522 8512 8507
f 8260 8258 8277
f 8260 8277 8278
f 8523 8524 8514
f 8523 8514 8512
f 8524 8516 8501
f 8524 8501 8514
f 8525 8526 8516
f 8525 8516 8524
f 8526 8527 8517
f 8526 8517 8516
f 8518 8528 8529
f 8518 8529 8519
f 8519 8529 8530
f 8519 8530 8520
f 8531 8532 8522
f 8531 8522 8521
f 8520 8530 8533
f 8520 8533 8291
f 8532 8534 8523
f 8532 8523 8522
f 8291 8533 8279
f 8291 8279 8278
f 8534 8525 8524
f 8534 8524 8523
f 8300 8310 8535
f 8300 8535 8536
f 8276 8511 8290
f 8276 8290 8277
f 8276 8275 8289
f 8276 8289 8301
f 8510 8301 8300
f 8510 8300 8536
f 8491 8476 8477
f 8491 8477 8537
f 8509 8508 8497
f 8509 8497 8496
f 8508 8513 8498
f 8508 8498 8497
f 8479 8495 8511
f 8479 8511 8510
f 8513 8515 8499
f 8513 8499 8498
f 8515 8502 8500
f 8515 8500 8499
f 8502 8462 8476
f 8502 8476 8500
f 8286 8296 8297
f 8286 8297 8287
f 8252 8272 8273
f 8252 8273 8255
f 8222 8221 8224
f 8222 8224 8223
f 8331 8222 8223
f 8331 8223 8332
f 8272 8286 8287
f 8272 8287 8273
f 8221 8238 8239
f 8221 8239 8224
f 8253 8252 8255
f 8253 8255 8254
f 8306 8317 8318
f 8306 8318 8307
f 8296 8306 8307
f 8296 8307 8297
f 8480 8479 8510
f 8480 8510 8536
f 8329 8458 8410
f 8329 8410 8328
f 8330 8466 8458
f 8330 8458 8329
f 8466 8330 8331
f 8466 8331 8483
f 8332 8496 8483
f 8332 8483 8331
f 8496 8332 8333
f 8496 8333 8509
f 8509 8333 8334
f 8509 8334 8506
f 8335 8521 8506
f 8335 8506 8334
f 8521 8335 8336
f 8521 8336 8531
f 8536 8535 8485
f 8536 8485 8480
f 8463 8517 8538
f 8463 8538 8464
f 8517 8527 8539
f 8517 8539 8538
f 8540 8481 8469
f 8540 8469 8468
f 8535 8541 8487
f 8535 8487 8485
f 8535 8310 8321
f 8535 8321 8541
f 8542 8492 8491
f 8542 8491 8537
f 8529 8543 8544
f 8529 8544 8530
f 8545 8546 8532
f 8545 8532 8531
f 8232 8231 8547
f 8232 8547 8548
f 8530 8544 8549
f 8530 8549 8533
f 8550 8539 8527
f 8550 8527 8551
f 8546 8552 8534
f 8546 8534 8532
f 8231 8243 8553
f 8231 8553 8547
f 8552 8554 8525
f 8552 8525 8534
f 8548 8555 8336
f 8548 8336 8232
f 8554 8556 8526
f 8554 8526 8525
f 8556 8551 8527
f 8556 8527 8526
f 8555 8545 8531
f 8555 8531 8336
f 8263 8262 8557
f 8263 8557 8558
f 8528 8559 8543
f 8528 8543 8529
f 8262 8279 8560
f 8262 8560 8557
f 8533 8549 8560
f 8533 8560 8279
f 8543 8561 8562
f 8543 8562 8544
f 8563 8564 8546
f 8563 8546 8545
f 8547 8553 8565
f 8547 8565 8566
f 8544 8562 8567
f 8544 8567 8549
f 8564 8568 8552
f 8564 8552 8546
f 8549 8567 8569
f 8549 8569 8560
f 8568 8570 8554
f 8568 8554 8552
f 8571 8563 8545
f 8571 8545 8555
f 8570 8572 8556
f 8570 8556 8554
f 8558 8557 8573
f 8558 8573 8574
f 8575 8550 8551
f 8575 8551 8576
f 8572 8576 8551
f 8572 8551 8556
f 8557 8560 8569
f 8557 8569 8573
f 8559 8577 8561
f 8559 8561 8543
f 8578 8571 8555
f 8578 8555 8548
f 8548 8547 8566
f 8548 8566 8578
f 8562 8579 8580
f 8562 8580 8567
f 8581 8582 8568
f 8581 8568 8564
f 8567 8580 8583
f 8567 8583 8569
f 8582 8584 8570
f 8582 8570 8568
f 8585 8586 8563
f 8585 8563 8571
f 8584 8587 8572
f 8584 8572 8570
f 8574 8573 8588
f 8574 8588 8589
f 8590 8575 8576
f 8590 8576 8591
f 8587 8591 8576
f 8587 8576 8572
f 8573 8569 8583
f 8573 8583 8588
f 8577 8592 8593
f 8577 8593 8561
f 8594 8585 8571
f 8594 8571 8578
f 8578 8566 8595
f 8578 8595 8594
f 8561 8593 8579
f 8561 8579 8562
f 8586 8581 8564
f 8586 8564 8563
f 8566 8565 8596
f 8566 8596 8595
f 8580 8597 8598
f 8580 8598 8583
f 8599 8600 8584
f 8599 8584 8582
f 8601 8602 8586
f 8601 8586 8585
f 8600 8603 8587
f 8600 8587 8584
f 8589 8588 8604
f 8589 8604 8605
f 8606 8590 8591
f 8606 8591 8607
f 8603 8607 8591
f 8603 8591 8587
f 8588 8583 8598
f 8588 8598 8604
f 8592 8608 8609
f 8592 8609 8593
f 8610 8601 8585
f 8610 8585 8594
f 8594 8595 8611
f 8594 8611 8610
f 8593 8609 8612
f 8593 8612 8579
f 8602 8613 8581
f 8602 8581 8586
f 8595 8596 8614
f 8595 8614 8611
f 8579 8612 8597
f 8579 8597 8580
f 8613 8599 8582
f 8613 8582 8581
f 8615 8616 8617
f 8615 8617 8618
f 8619 8620 8621
f 8619 8621 8622
f 8618 8617 8623
f 8618 8623 8624
f 8625 8622 8621
f 8625 8621 8626
f 8624 8623 8627
f 8624 8627 8628
f 8625 8626 8629
f 8625 8629 8630
f 8628 8627 8631
f 8628 8631 8632
f 8633 8634 8635
f 8633 8635 8636
f 8630 8629 8637
f 8630 8637 8638
f 8632 8631 8639
f 8632 8639 8640
f 8636 8635 8641
f 8636 8641 8642
f 8643 8644 8634
f 8643 8634 8633
f 8640 8639 8645
f 8640 8645 8646
f 8642 8641 8616
f 8642 8616 8615
f 8638 8637 8644
f 8638 8644 8643
f 8646 8645 8620
f 8646 8620 8619
f 8619 8622 8625
f 8619 8625 8630
f 8646 8619 8630
f 8646 8630 8638
f 8640 8646 8638
f 8640 8638 8643
f 8632 8640 8643
f 8632 8643 8633
f 8633 8636 8628
f 8633 8628 8632
f 8636 8642 8624
f 8636 8624 8628
f 8642 8615 8618
f 8642 8618 8624
f 8616 8647 8648
f 8616 8648 8617
f 8620 8649 8650
f 8620 8650 8621
f 8617 8648 8651
f 8617 8651 8623
f 8626 8621 8650
f 8626 8650 8652
f 8623 8651 8653
f 8623 8653 8627
f 8626 8652 8654
f 8626 8654 8629
f 8627 8653 8655
f 8627 8655 8631
f 8634 8656 8657
f 8634 8657 8635
f 8629 8654 8658
f 8629 8658 8637
f 8631 8655 8659
f 8631 8659 8639
f 8635 8657 8660
f 8635 8660 8641
f 8644 8661 8656
f 8644 8656 8634
f 8639 8659 8662
f 8639 8662 8645
f 8641 8660 8647
f 8641 8647 8616
f 8637 8658 8661
f 8637 8661 8644
f 8645 8662 8649
f 8645 8649 8620
f 8652 8650 8663
f 8652 8663 8664
f 8651 8665 8666
f 8651 8666 8653
f 8652 8664 8667
f 8652 8667 8654
f 8653 8666 8668
f 8653 8668 8655
f 8656 8669 8670
f 8656 8670 8657
f 8654 8667 8671
f 8654 8671 8658
f 8655 8668 8672
f 8655 8672 8659
f 8657 8670 8673
f 8657 8673 8660
f 8661 8674 8669
f 8661 8669 8656
f 8659 8672 8675
f 8659 8675 8662
f 8660 8673 8676
f 8660 8676 8647
f 8658 8671 8674
f 8658 8674 8661
f 8662 8675 8677
f 8662 8677 8649
f 8647 8676 8678
f 8647 8678 8648
f 8649 8677 8663
f 8649 8663 8650
f 8648 8678 8665
f 8648 8665 8651
f 8679 8680 8681
f 8679 8681 8682
f 8683 8684 8685
f 8683 8685 8686
f 8687 8682 8681
f 8687 8681 8688
f 8686 8685 8689
f 8686 8689 8690
f 8687 8688 8691
f 8687 8691 8692
f 8690 8689 8693
f 8690 8693 8694
f 8695 8696 8697
f 8695 8697 8698
f 8692 8691 8699
f 8692 8699 8700
f 8694 8693 8701
f 8694 8701 8702
f 8698 8697 8703
f 8698 8703 8704
f 8705 8706 8696
f 8705 8696 8695
f 8702 8701 8707
f 8702 8707 8708
f 8704 8703 8709
f 8704 8709 8710
f 8700 8699 8706
f 8700 8706 8705
f 8708 8707 8680
f 8708 8680 8679
f 8710 8709 8684
f 8710 8684 8683
f 8688 8681 8711
f 8688 8711 8712
f 8685 8713 8714
f 8685 8714 8689
f 8688 8712 8715
f 8688 8715 8691
f 8689 8714 8716
f 8689 8716 8693
f 8696 8717 8718
f 8696 8718 8697
f 8691 8715 8719
f 8691 8719 8699
f 8693 8716 8720
f 8693 8720 8701
f 8697 8718 8721
f 8697 8721 8703
f 8706 8722 8717
f 8706 8717 8696
f 8701 8720 8723
f 8701 8723 8707
f 8703 8721 8724
f 8703 8724 8709
f 8699 8719 8722
f 8699 8722 8706
f 8707 8723 8725
f 8707 8725 8680
f 8709 8724 8726
f 8709 8726 8684
f 8680 8725 8711
f 8680 8711 8681
f 8684 8726 8713
f 8684 8713 8685
f 8725 8727 8728
f 8725 8728 8711
f 8726 8729 8730
f 8726 8730 8713
f 8712 8711 8728
f 8712 8728 8731
f 8713 8730 8732
f 8713 8732 8714
f 8712 8731 8733
f 8712 8733 8715
f 8714 8732 8734
f 8714 8734 8716
f 8717 8735 8736
f 8717 8736 8718
f 8715 8733 8737
f 8715 8737 8719
f 8716 8734 8738
f 8716 8738 8720
f 8718 8736 8739
f 8718 8739 8721
f 8722 8740 8735
f 8722 8735 8717
f 8720 8738 8741
f 8720 8741 8723
f 8721 8739 8742
f 8721 8742 8724
f 8719 8737 8740
f 8719 8740 8722
f 8723 8741 8727
f 8723 8727 8725
f 8724 8742 8729
f 8724 8729 8726
f 8677 8679 8682
f 8677 8682 8663
f 8678 8683 8686
f 8678 8686 8665
f 8664 8663 8682
f 8664 8682 8687
f 8665 8686 8690
f 8665 8690 8666
f 8664 8687 8692
f 8664 8692 8667
f 8666 8690 8694
f 8666 8694 8668
f 8669 8695 8698
f 8669 8698 8670
f 8667 8692 8700
f 8667 8700 8671
f 8668 8694 8702
f 8668 8702 8672
f 8670 8698 8704
f 8670 8704 8673
f 8674 8705 8695
f 8674 8695 8669
f 8672 8702 8708
f 8672 8708 8675
f 8673 8704 8710
f 8673 8710 8676
f 8671 8700 8705
f 8671 8705 8674
f 8675 8708 8679
f 8675 8679 8677
f 8676 8710 8683
f 8676 8683 8678
f 8728 8315 8314
f 8728 8314 8731
f 8727 8316 8315
f 8727 8315 8728
f 8731 8314 8313
f 8731 8313 8733
f 8395 8737 8733
f 8395 8733 8313
f 8338 8740 8737
f 8338 8737 8395
f 8743 8744 8735
f 8743 8735 8740
f 8744 8745 8736
f 8744 8736 8735
f 8745 8746 8739
f 8745 8739 8736
f 2083 2084 8744
f 2083 8744 8743
f 2084 2085 8745
f 2084 8745 8744
f 2085 2086 8746
f 2085 8746 8745
f 1642 2083 8743
f 1642 8743 8322
f 8322 8743 8740
f 8322 8740 8338
f 8316 8727 8741
f 8316 8741 8317
f 8318 8747 8748
f 8318 8748 8319
f 8749 8750 8751
f 8749 8751 8752
f 8753 8754 8755
f 8753 8755 8756
f 8757 8758 8759
f 8757 8759 8760
f 8761 8762 8763
f 8761 8763 8764
f 8765 8766 8767
f 8765 8767 8768
f 8769 8770 8771
f 8769 8771 8772
f 8773 8774 8775
f 8773 8775 8776
f 8777 8778 8779
f 8777 8779 8780
f 8781 8782 8783
f 8781 8783 8784
f 8785 8786 8787
f 8785 8787 8788
f 8789 8760 8759
f 8789 8759 8790
f 8791 8792 8793
f 8791 8793 8794
f 8795 8796 8797
f 8795 8797 8798
f 8799 8800 8801
f 8799 8801 8802
f 8803 8804 8779
f 8803 8779 8778
f 8805 8806 8771
f 8805 8771 8770
f 8807 8808 8755
f 8807 8755 8754
f 8788 8787 8809
f 8788 8809 8810
f 8798 8797 8811
f 8798 8811 8812
f 8813 8811 8797
f 8813 8797 8814
f 8815 8752 8751
f 8815 8751 8816
f 8817 8756 8755
f 8817 8755 8818
f 8819 8820 8821
f 8819 8821 8822
f 8823 8824 8825
f 8823 8825 8826
f 8827 8828 8829
f 8827 8829 8830
f 8831 8832 8833
f 8831 8833 8834
f 8820 8823 8826
f 8820 8826 8821
f 8835 8836 8837
f 8835 8837 8838
f 8839 8840 8837
f 8839 8837 8841
f 8842 8843 8844
f 8842 8844 8845
f 8846 8839 8841
f 8846 8841 8847
f 8848 8849 8850
f 8848 8850 8851
f 8852 8853 8854
f 8852 8854 8855
f 8856 8857 8858
f 8856 8858 8859
f 8849 8856 8859
f 8849 8859 8850
f 8850 8859 8860
f 8850 8860 8861
f 8859 8858 8862
f 8859 8862 8860
f 8750 8757 8760
f 8750 8760 8751
f 8766 8761 8764
f 8766 8764 8767
f 8774 8781 8784
f 8774 8784 8775
f 8863 8864 8865
f 8863 8865 8866
f 8816 8751 8760
f 8816 8760 8789
f 8867 8868 8869
f 8867 8869 8870
f 8871 8872 8873
f 8871 8873 8874
f 8855 8854 8875
f 8855 8875 8876
f 8851 8850 8861
f 8851 8861 8877
f 8847 8841 8828
f 8847 8828 8827
f 8845 8844 8878
f 8845 8878 8879
f 8841 8837 8836
f 8841 8836 8828
f 8838 8837 8840
f 8838 8840 8880
f 8881 8882 8883
f 8881 8883 8884
f 8829 8833 8832
f 8829 8832 8885
f 8822 8821 8849
f 8822 8849 8848
f 8830 8829 8885
f 8830 8885 8886
f 8821 8826 8856
f 8821 8856 8849
f 8887 8888 8843
f 8887 8843 8842
f 8826 8825 8857
f 8826 8857 8856
f 8834 8833 8836
f 8834 8836 8835
f 8889 8890 8820
f 8889 8820 8819
f 8891 8892 8824
f 8891 8824 8823
f 8893 8894 8895
f 8893 8895 8896
f 8897 8898 8899
f 8897 8899 8900
f 8796 8901 8814
f 8796 8814 8797
f 8902 8799 8802
f 8902 8802 8818
f 8903 8813 8814
f 8903 8814 8794
f 8904 8905 8906
f 8904 8906 8907
f 8908 8909 8802
f 8908 8802 8801
f 8907 8906 8898
f 8907 8898 8897
f 8872 8910 8911
f 8872 8911 8873
f 8912 8913 8914
f 8912 8914 8915
f 8916 8917 8918
f 8916 8918 8919
f 8920 8921 8922
f 8920 8922 8923
f 8924 8925 8926
f 8924 8926 8927
f 8928 8926 8929
f 8928 8929 8930
f 8931 8932 8933
f 8931 8933 8934
f 8935 8936 8937
f 8935 8937 8938
f 8780 8779 8921
f 8780 8921 8920
f 8939 8912 8915
f 8939 8915 8940
f 8941 8939 8940
f 8941 8940 8942
f 8906 8816 8789
f 8906 8789 8898
f 8943 8944 8922
f 8943 8922 8921
f 8936 8863 8866
f 8936 8866 8937
f 8934 8933 8945
f 8934 8945 8946
f 8947 8948 8832
f 8947 8832 8831
f 8905 8815 8816
f 8905 8816 8906
f 8890 8891 8823
f 8890 8823 8820
f 8915 8914 8758
f 8915 8758 8757
f 8949 8896 8895
f 8949 8895 8950
f 8776 8775 8939
f 8776 8939 8941
f 8784 8783 8913
f 8784 8913 8912
f 8804 8943 8921
f 8804 8921 8779
f 8951 8927 8926
f 8951 8926 8928
f 8925 8948 8929
f 8925 8929 8926
f 8923 8922 8754
f 8923 8754 8753
f 8933 8788 8810
f 8933 8810 8945
f 8932 8785 8788
f 8932 8788 8933
f 8775 8784 8912
f 8775 8912 8939
f 8808 8902 8818
f 8808 8818 8755
f 8901 8791 8794
f 8901 8794 8814
f 8898 8789 8790
f 8898 8790 8899
f 8868 8935 8938
f 8868 8938 8869
f 8793 8934 8946
f 8793 8946 8952
f 8909 8817 8818
f 8909 8818 8802
f 8952 8903 8794
f 8952 8794 8793
f 8910 8867 8870
f 8910 8870 8911
f 8792 8931 8934
f 8792 8934 8793
f 8942 8940 8750
f 8942 8750 8749
f 8940 8915 8757
f 8940 8757 8750
f 8944 8807 8754
f 8944 8754 8922
f 8953 8954 8774
f 8953 8774 8773
f 8955 8956 8778
f 8955 8778 8777
f 8957 8958 8782
f 8957 8782 8781
f 8959 8803 8778
f 8959 8778 8956
f 8954 8957 8781
f 8954 8781 8774
f 8787 8960 8961
f 8787 8961 8809
f 8864 8962 8963
f 8864 8963 8865
f 8786 8964 8960
f 8786 8960 8787
f 8960 8928 8930
f 8960 8930 8961
f 8962 8949 8950
f 8962 8950 8963
f 8964 8951 8928
f 8964 8928 8960
f 8965 8966 8954
f 8965 8954 8953
f 8967 8968 8956
f 8967 8956 8955
f 8969 8970 8958
f 8969 8958 8957
f 8971 8959 8956
f 8971 8956 8968
f 8966 8969 8957
f 8966 8957 8954
f 8919 8918 8888
f 8919 8888 8887
f 8876 8875 8882
f 8876 8882 8881
f 8828 8836 8833
f 8828 8833 8829
f 8866 8865 8972
f 8866 8972 8973
f 8870 8869 8974
f 8870 8974 8975
f 8874 8873 8976
f 8874 8976 8977
f 8875 8978 8979
f 8875 8979 8882
f 8853 8980 8981
f 8853 8981 8854
f 8854 8981 8978
f 8854 8978 8875
f 8882 8979 8982
f 8882 8982 8883
f 8873 8911 8983
f 8873 8983 8976
f 8894 8984 8985
f 8894 8985 8895
f 8938 8937 8986
f 8938 8986 8987
f 8950 8895 8985
f 8950 8985 8988
f 8937 8866 8973
f 8937 8973 8986
f 8911 8870 8975
f 8911 8975 8983
f 8869 8938 8987
f 8869 8987 8974
f 8865 8963 8989
f 8865 8989 8972
f 8963 8950 8988
f 8963 8988 8989
f 8990 8991 8867
f 8990 8867 8910
f 8992 8993 8872
f 8992 8872 8871
f 8993 8990 8910
f 8993 8910 8872
f 8994 8995 8896
f 8994 8896 8949
f 8996 8855 8876
f 8996 8876 8997
f 8998 8999 8935
f 8998 8935 8868
f 9000 9001 8962
f 9000 8962 8864
f 9002 8881 8884
f 9002 8884 9003
f 9004 9000 8864
f 9004 8864 8863
f 8991 8998 8868
f 8991 8868 8867
f 9005 9004 8863
f 9005 8863 8936
f 8997 8876 8881
f 8997 8881 9002
f 9006 8852 8855
f 9006 8855 8996
f 9001 8994 8949
f 9001 8949 8962
f 9007 8893 8896
f 9007 8896 8995
f 8999 9005 8936
f 8999 8936 8935
f 9008 9009 8853
f 9008 8853 8852
f 8861 8860 9010
f 8861 9010 9011
f 8980 8853 9009
f 8980 9009 9012
f 8877 8861 9011
f 8877 9011 9013
f 9014 9015 8840
f 9014 8840 8839
f 8879 8878 9016
f 8879 9016 9017
f 9006 8879 9017
f 9006 9017 9018
f 8880 8840 9015
f 8880 9015 9019
f 9020 9014 8839
f 9020 8839 8846
f 8860 8862 9021
f 8860 9021 9010
f 9018 9017 9022
f 9018 9022 9023
f 9020 9023 9022
f 9020 9022 9014
f 9014 9022 9024
f 9014 9024 9015
f 9022 9017 9016
f 9022 9016 9024
f 9025 9013 9011
f 9025 9011 9010
f 9025 9019 9015
f 9025 9015 9024
f 8967 8970 8890
f 8967 8890 8889
f 8969 8966 8892
f 8969 8892 8891
f 8884 8883 8894
f 8884 8894 8893
f 8971 8968 8917
f 8971 8917 8916
f 8886 8885 8925
f 8886 8925 8924
f 8965 8929 8948
f 8965 8948 8947
f 8970 8969 8891
f 8970 8891 8890
f 8885 8832 8948
f 8885 8948 8925
f 8883 8982 8984
f 8883 8984 8894
f 9003 8884 8893
f 9003 8893 9007
f 9026 9027 9028
f 9026 9028 9029
f 9030 9031 9032
f 9030 9032 9033
f 9034 9035 9036
f 9034 9036 9037
f 9038 9039 9040
f 9038 9040 9041
f 9042 9043 9044
f 9042 9044 9045
f 9046 9047 9048
f 9046 9048 9049
f 9050 9051 9052
f 9050 9052 9053
f 9054 9055 9056
f 9054 9056 9057
f 9058 9059 9060
f 9058 9060 9061
f 9062 9063 9064
f 9062 9064 9065
f 9066 9037 9036
f 9066 9036 9067
f 9068 9069 9070
f 9068 9070 9071
f 9072 9073 9074
f 9072 9074 9075
f 9076 9077 9078
f 9076 9078 9079
f 9080 9081 9056
f 9080 9056 9055
f 9082 9083 9048
f 9082 9048 9047
f 9084 9085 9032
f 9084 9032 9031
f 9065 9064 9086
f 9065 9086 9087
f 9075 9074 9088
f 9075 9088 9089
f 9090 9088 9074
f 9090 9074 9091
f 9092 9029 9028
f 9092 9028 9093
f 9094 9033 9032
f 9094 9032 9095
f 9096 9097 9098
f 9096 9098 9099
f 9100 9101 9102
f 9100 9102 9103
f 9104 9105 9106
f 9104 9106 9107
f 9108 9109 9110
f 9108 9110 9111
f 9097 9100 9103
f 9097 9103 9098
f 9112 9113 9114
f 9112 9114 9115
f 9116 9117 9114
f 9116 9114 9118
f 9119 9120 9121
f 9119 9121 9122
f 9123 9116 9118
f 9123 9118 9124
f 9125 9126 9127
f 9125 9127 9128
f 9129 9130 9131
f 9129 9131 9132
f 9133 9134 9135
f 9133 9135 9136
f 9126 9133 9136
f 9126 9136 9127
f 9127 9136 9137
f 9127 9137 9138
f 9136 9135 9139
f 9136 9139 9137
f 9027 9034 9037
f 9027 9037 9028
f 9043 9038 9041
f 9043 9041 9044
f 9051 9058 9061
f 9051 9061 9052
f 9140 9141 9142
f 9140 9142 9143
f 9093 9028 9037
f 9093 9037 9066
f 9144 9145 9146
f 9144 9146 9147
f 9148 9149 9150
f 9148 9150 9151
f 9132 9131 9152
f 9132 9152 9153
f 9128 9127 9138
f 9128 9138 9154
f 9124 9118 9105
f 9124 9105 9104
f 9122 9121 9155
f 9122 9155 9156
f 9118 9114 9113
f 9118 9113 9105
f 9115 9114 9117
f 9115 9117 9157
f 9158 9159 9160
f 9158 9160 9161
f 9106 9110 9109
f 9106 9109 9162
f 9099 9098 9126
f 9099 9126 9125
f 9107 9106 9162
f 9107 9162 9163
f 9098 9103 9133
f 9098 9133 9126
f 9164 9165 9120
f 9164 9120 9119
f 9103 9102 9134
f 9103 9134 9133
f 9111 9110 9113
f 9111 9113 9112
f 9166 9167 9097
f 9166 9097 9096
f 9168 9169 9101
f 9168 9101 9100
f 9170 9171 9172
f 9170 9172 9173
f 9174 9175 9176
f 9174 9176 9177
f 9073 9178 9091
f 9073 9091 9074
f 9179 9076 9079
f 9179 9079 9095
f 9180 9090 9091
f 9180 9091 9071
f 9181 9182 9183
f 9181 9183 9184
f 9185 9186 9079
f 9185 9079 9078
f 9184 9183 9175
f 9184 9175 9174
f 9149 9187 9188
f 9149 9188 9150
f 9189 9190 9191
f 9189 9191 9192
f 9193 9194 9195
f 9193 9195 9196
f 9197 9198 9199
f 9197 9199 9200
f 9201 9202 9203
f 9201 9203 9204
f 9205 9203 9206
f 9205 9206 9207
f 9208 9209 9210
f 9208 9210 9211
f 9212 9213 9214
f 9212 9214 9215
f 9057 9056 9198
f 9057 9198 9197
f 9216 9189 9192
f 9216 9192 9217
f 9218 9216 9217
f 9218 9217 9219
f 9183 9093 9066
f 9183 9066 9175
f 9220 9221 9199
f 9220 9199 9198
f 9213 9140 9143
f 9213 9143 9214
f 9211 9210 9222
f 9211 9222 9223
f 9224 9225 9109
f 9224 9109 9108
f 9182 9092 9093
f 9182 9093 9183
f 9167 9168 9100
f 9167 9100 9097
f 9192 9191 9035
f 9192 9035 9034
f 9226 9173 9172
f 9226 9172 9227
f 9053 9052 9216
f 9053 9216 9218
f 9061 9060 9190
f 9061 9190 9189
f 9081 9220 9198
f 9081 9198 9056
f 9228 9204 9203
f 9228 9203 9205
f 9202 9225 9206
f 9202 9206 9203
f 9200 9199 9031
f 9200 9031 9030
f 9210 9065 9087
f 9210 9087 9222
f 9209 9062 9065
f 9209 9065 9210
f 9052 9061 9189
f 9052 9189 9216
f 9085 9179 9095
f 9085 9095 9032
f 9178 9068 9071
f 9178 9071 9091
f 9175 9066 9067
f 9175 9067 9176
f 9145 9212 9215
f 9145 9215 9146
f 9070 9211 9223
f 9070 9223 9229
f 9186 9094 9095
f 9186 9095 9079
f 9229 9180 9071
f 9229 9071 9070
f 9187 9144 9147
f 9187 9147 9188
f 9069 9208 9211
f 9069 9211 9070
f 9219 9217 9027
f 9219 9027 9026
f 9217 9192 9034
f 9217 9034 9027
f 9221 9084 9031
f 9221 9031 9199
f 9230 9231 9051
f 9230 9051 9050
f 9232 9233 9055
f 9232 9055 9054
f 9234 9235 9059
f 9234 9059 9058
f 9236 9080 9055
f 9236 9055 9233
f 9231 9234 9058
f 9231 9058 9051
f 9064 9237 9238
f 9064 9238 9086
f 9141 9239 9240
f 9141 9240 9142
f 9063 9241 9237
f 9063 9237 9064
f 9237 9205 9207
f 9237 9207 9238
f 9239 9226 9227
f 9239 9227 9240
f 9241 9228 9205
f 9241 9205 9237
f 9242 9243 9231
f 9242 9231 9230
f 9244 9245 9233
f 9244 9233 9232
f 9246 9247 9235
f 9246 9235 9234
f 9248 9236 9233
f 9248 9233 9245
f 9243 9246 9234
f 9243 9234 9231
f 9196 9195 9165
f 9196 9165 9164
f 9153 9152 9159
f 9153 9159 9158
f 9105 9113 9110
f 9105 9110 9106
f 9143 9142 9249
f 9143 9249 9250
f 9147 9146 9251
f 9147 9251 9252
f 9151 9150 9253
f 9151 9253 9254
f 9152 9255 9256
f 9152 9256 9159
f 9130 9257 9258
f 9130 9258 9131
f 9131 9258 9255
f 9131 9255 9152
f 9159 9256 9259
f 9159 9259 9160
f 9150 9188 9260
f 9150 9260 9253
f 9171 9261 9262
f 9171 9262 9172
f 9215 9214 9263
f 9215 9263 9264
f 9227 9172 9262
f 9227 9262 9265
f 9214 9143 9250
f 9214 9250 9263
f 9188 9147 9252
f 9188 9252 9260
f 9146 9215 9264
f 9146 9264 9251
f 9142 9240 9266
f 9142 9266 9249
f 9240 9227 9265
f 9240 9265 9266
f 9267 9268 9144
f 9267 9144 9187
f 9269 9270 9149
f 9269 9149 9148
f 9270 9267 9187
f 9270 9187 9149
f 9271 9272 9173
f 9271 9173 9226
f 9273 9132 9153
f 9273 9153 9274
f 9275 9276 9212
f 9275 9212 9145
f 9277 9278 9239
f 9277 9239 9141
f 9279 9158 9161
f 9279 9161 9280
f 9281 9277 9141
f 9281 9141 9140
f 9268 9275 9145
f 9268 9145 9144
f 9282 9281 9140
f 9282 9140 9213
f 9274 9153 9158
f 9274 9158 9279
f 9283 9129 9132
f 9283 9132 9273
f 9278 9271 9226
f 9278 9226 9239
f 9284 9170 9173
f 9284 9173 9272
f 9276 9282 9213
f 9276 9213 9212
f 9285 9286 9130
f 9285 9130 9129
f 9138 9137 9287
f 9138 9287 9288
f 9257 9130 9286
f 9257 9286 9289
f 9154 9138 9288
f 9154 9288 9290
f 9291 9292 9117
f 9291 9117 9116
f 9156 9155 9293
f 9156 9293 9294
f 9283 9156 9294
f 9283 9294 9295
f 9157 9117 9292
f 9157 9292 9296
f 9297 9291 9116
f 9297 9116 9123
f 9137 9139 9298
f 9137 9298 9287
f 9295 9294 9299
f 9295 9299 9300
f 9297 9300 9299
f 9297 9299 9291
f 9291 9299 9301
f 9291 9301 9292
f 9299 9294 9293
f 9299 9293 9301
f 9302 9290 9288
f 9302 9288 9287
f 9302 9296 9292
f 9302 9292 9301
f 9244 9247 9167
f 9244 9167 9166
f 9246 9243 9169
f 9246 9169 9168
f 9161 9160 9171
f 9161 9171 9170
f 9248 9245 9194
f 9248 9194 9193
f 9163 9162 9202
f 9163 9202 9201
f 9242 9206 9225
f 9242 9225 9224
f 9247 9246 9168
f 9247 9168 9167
f 9162 9109 9225
f 9162 9225 9202
f 9160 9259 9261
f 9160 9261 9171
f 9280 9161 9170
f 9280 9170 9284
f 9303 9304 9305
f 9303 9305 9306
f 9307 9308 9309
f 9307 9309 9310
f 9311 9312 9313
f 9311 9313 9314
f 9315 9316 9317
f 9315 9317 9318
f 9319 9320 9321
f 9319 9321 9322
f 9323 9324 9325
f 9323 9325 9326
f 9327 9328 9329
f 9327 9329 9330
f 9331 9332 9333
f 9331 9333 9334
f 9335 9336 9337
f 9335 9337 9338
f 9339 9340 9341
f 9339 9341 9342
f 9343 9314 9313
f 9343 9313 9344
f 9345 9346 9347
f 9345 9347 9348
f 9349 9350 9351
f 9349 9351 9352
f 9353 9354 9355
f 9353 9355 9356
f 9357 9358 9333
f 9357 9333 9332
f 9359 9360 9325
f 9359 9325 9324
f 9361 9362 9309
f 9361 9309 9308
f 9342 9341 9363
f 9342 9363 9364
f 9352 9351 9365
f 9352 9365 9366
f 9367 9365 9351
f 9367 9351 9368
f 9369 9306 9305
f 9369 9305 9370
f 9371 9310 9309
f 9371 9309 9372
f 9373 9374 9375
f 9373 9375 9376
f 9377 9378 9379
f 9377 9379 9380
f 9381 9382 9383
f 9381 9383 9384
f 9385 9386 9387
f 9385 9387 9388
f 9374 9377 9380
f 9374 9380 9375
f 9389 9390 9391
f 9389 9391 9392
f 9393 9394 9391
f 9393 9391 9395
f 9396 9397 9398
f 9396 9398 9399
f 9400 9393 9395
f 9400 9395 9401
f 9402 9403 9404
f 9402 9404 9405
f 9406 9407 9408
f 9406 9408 9409
f 9410 9411 9412
f 9410 9412 9413
f 9403 9410 9413
f 9403 9413 9404
f 9404 9413 9414
f 9404 9414 9415
f 9413 9412 9416
f 9413 9416 9414
f 9304 9311 9314
f 9304 9314 9305
f 9320 9315 9318
f 9320 9318 9321
f 9328 9335 9338
f 9328 9338 9329
f 9417 9418 9419
f 9417 9419 9420
f 9370 9305 9314
f 9370 9314 9343
f 9421 9422 9423
f 9421 9423 9424
f 9425 9426 9427
f 9425 9427 9428
f 9409 9408 9429
f 9409 9429 9430
f 9405 9404 9415
f 9405 9415 9431
f 9401 9395 9382
f 9401 9382 9381
f 9399 9398 9432
f 9399 9432 9433
f 9395 9391 9390
f 9395 9390 9382
f 9392 9391 9394
f 9392 9394 9434
f 9435 9436 9437
f 9435 9437 9438
f 9383 9387 9386
f 9383 9386 9439
f 9376 9375 9403
f 9376 9403 9402
f 9384 9383 9439
f 9384 9439 9440
f 9375 9380 9410
f 9375 9410 9403
f 9441 9442 9397
f 9441 9397 9396
f 9380 9379 9411
f 9380 9411 9410
f 9388 9387 9390
f 9388 9390 9389
f 9443 9444 9374
f 9443 9374 9373
f 9445 9446 9378
f 9445 9378 9377
f 9447 9448 9449
f 9447 9449 9450
f 9451 9452 9453
f 9451 9453 9454
f 9350 9455 9368
f 9350 9368 9351
f 9456 9353 9356
f 9456 9356 9372
f 9457 9367 9368
f 9457 9368 9348
f 9458 9459 9460
f 9458 9460 9461
f 9462 9463 9356
f 9462 9356 9355
f 9461 9460 9452
f 9461 9452 9451
f 9426 9464 9465
f 9426 9465 9427
f 9466 9467 9468
f 9466 9468 9469
f 9470 9471 9472
f 9470 9472 9473
f 9474 9475 9476
f 9474 9476 9477
f 9478 9479 9480
f 9478 9480 9481
f 9482 9480 9483
f 9482 9483 9484
f 9485 9486 9487
f 9485 9487 9488
f 9489 9490 9491
f 9489 9491 9492
f 9334 9333 9475
f 9334 9475 9474
f 9493 9466 9469
f 9493 9469 9494
f 9495 9493 9494
f 9495 9494 9496
f 9460 9370 9343
f 9460 9343 9452
f 9497 9498 9476
f 9497 9476 9475
f 9490 9417 9420
f 9490 9420 9491
f 9488 9487 9499
f 9488 9499 9500
f 9501 9502 9386
f 9501 9386 9385
f 9459 9369 9370
f 9459 9370 9460
f 9444 9445 9377
f 9444 9377 9374
f 9469 9468 9312
f 9469 9312 9311
f 9503 9450 9449
f 9503 9449 9504
f 9330 9329 9493
f 9330 9493 9495
f 9338 9337 9467
f 9338 9467 9466
f 9358 9497 9475
f 9358 9475 9333
f 9505 9481 9480
f 9505 9480 9482
f 9479 9502 9483
f 9479 9483 9480
f 9477 9476 9308
f 9477 9308 9307
f 9487 9342 9364
f 9487 9364 9499
f 9486 9339 9342
f 9486 9342 9487
f 9329 9338 9466
f 9329 9466 9493
f 9362 9456 9372
f 9362 9372 9309
f 9455 9345 9348
f 9455 9348 9368
f 9452 9343 9344
f 9452 9344 9453
f 9422 9489 9492
f 9422 9492 9423
f 9347 9488 9500
f 9347 9500 9506
f 9463 9371 9372
f 9463 9372 9356
f 9506 9457 9348
f 9506 9348 9347
f 9464 9421 9424
f 9464 9424 9465
f 9346 9485 9488
f 9346 9488 9347
f 9496 9494 9304
f 9496 9304 9303
f 9494 9469 9311
f 9494 9311 9304
f 9498 9361 9308
f 9498 9308 9476
f 9507 9508 9328
f 9507 9328 9327
f 9509 9510 9332
f 9509 9332 9331
f 9511 9512 9336
f 9511 9336 9335
f 9513 9357 9332
f 9513 9332 9510
f 9508 9511 9335
f 9508 9335 9328
f 9341 9514 9515
f 9341 9515 9363
f 9418 9516 9517
f 9418 9517 9419
f 9340 9518 9514
f 9340 9514 9341
f 9514 9482 9484
f 9514 9484 9515
f 9516 9503 9504
f 9516 9504 9517
f 9518 9505 9482
f 9518 9482 9514
f 9519 9520 9508
f 9519 9508 9507
f 9521 9522 9510
f 9521 9510 9509
f 9523 9524 9512
f 9523 9512 9511
f 9525 9513 9510
f 9525 9510 9522
f 9520 9523 9511
f 9520 9511 9508
f 9473 9472 9442
f 9473 9442 9441
f 9430 9429 9436
f 9430 9436 9435
f 9382 9390 9387
f 9382 9387 9383
f 9420 9419 9526
f 9420 9526 9527
f 9424 9423 9528
f 9424 9528 9529
f 9428 9427 9530
f 9428 9530 9531
f 9429 9532 9533
f 9429 9533 9436
f 9407 9534 9535
f 9407 9535 9408
f 9408 9535 9532
f 9408 9532 9429
f 9436 9533 9536
f 9436 9536 9437
f 9427 9465 9537
f 9427 9537 9530
f 9448 9538 9539
f 9448 9539 9449
f 9492 9491 9540
f 9492 9540 9541
f 9504 9449 9539
f 9504 9539 9542
f 9491 9420 9527
f 9491 9527 9540
f 9465 9424 9529
f 9465 9529 9537
f 9423 9492 9541
f 9423 9541 9528
f 9419 9517 9543
f 9419 9543 9526
f 9517 9504 9542
f 9517 9542 9543
f 9544 9545 9421
f 9544 9421 9464
f 9546 9547 9426
f 9546 9426 9425
f 9547 9544 9464
f 9547 9464 9426
f 9548 9549 9450
f 9548 9450 9503
f 9550 9409 9430
f 9550 9430 9551
f 9552 9553 9489
f 9552 9489 9422
f 9554 9555 9516
f 9554 9516 9418
f 9556 9435 9438
f 9556 9438 9557
f 9558 9554 9418
f 9558 9418 9417
f 9545 9552 9422
f 9545 9422 9421
f 9559 9558 9417
f 9559 9417 9490
f 9551 9430 9435
f 9551 9435 9556
f 9560 9406 9409
f 9560 9409 9550
f 9555 9548 9503
f 9555 9503 9516
f 9561 9447 9450
f 9561 9450 9549
f 9553 9559 9490
f 9553 9490 9489
f 9562 9563 9407
f 9562 9407 9406
f 9415 9414 9564
f 9415 9564 9565
f 9534 9407 9563
f 9534 9563 9566
f 9431 9415 9565
f 9431 9565 9567
f 9568 9569 9394
f 9568 9394 9393
f 9433 9432 9570
f 9433 9570 9571
f 9560 9433 9571
f 9560 9571 9572
f 9434 9394 9569
f 9434 9569 9573
f 9574 9568 9393
f 9574 9393 9400
f 9414 9416 9575
f 9414 9575 9564
f 9572 9571 9576
f 9572 9576 9577
f 9574 9577 9576
f 9574 9576 9568
f 9568 9576 9578
f 9568 9578 9569
f 9576 9571 9570
f 9576 9570 9578
f 9579 9567 9565
f 9579 9565 9564
f 9579 9573 9569
f 9579 9569 9578
f 9521 9524 9444
f 9521 9444 9443
f 9523 9520 9446
f 9523 9446 9445
f 9438 9437 9448
f 9438 9448 9447
f 9525 9522 9471
f 9525 9471 9470
f 9440 9439 9479
f 9440 9479 9478
f 9519 9483 9502
f 9519 9502 9501
f 9524 9523 9445
f 9524 9445 9444
f 9439 9386 9502
f 9439 9502 9479
f 9437 9536 9538
f 9437 9538 9448
f 9557 9438 9447
f 9557 9447 9561
f 9580 9581 9582
f 9580 9582 9583
f 9584 9585 9586
f 9584 9586 9587
f 9588 9589 9590
f 9588 9590 9591
f 9592 9593 9594
f 9592 9594 9595
f 9596 9597 9598
f 9596 9598 9599
f 9600 9601 9602
f 9600 9602 9603
f 9604 9605 9606
f 9604 9606 9607
f 9608 9609 9610
f 9608 9610 9611
f 9612 9613 9614
f 9612 9614 9615
f 9616 9617 9618
f 9616 9618 9619
f 9620 9591 9590
f 9620 9590 9621
f 9622 9623 9624
f 9622 9624 9625
f 9626 9627 9628
f 9626 9628 9629
f 9630 9631 9632
f 9630 9632 9633
f 9634 9635 9610
f 9634 9610 9609
f 9636 9637 9602
f 9636 9602 9601
f 9638 9639 9586
f 9638 9586 9585
f 9619 9618 9640
f 9619 9640 9641
f 9629 9628 9642
f 9629 9642 9643
f 9644 9642 9628
f 9644 9628 9645
f 9646 9583 9582
f 9646 9582 9647
f 9648 9587 9586
f 9648 9586 9649
f 9650 9651 9652
f 9650 9652 9653
f 9654 9655 9656
f 9654 9656 9657
f 9658 9659 9660
f 9658 9660 9661
f 9662 9663 9664
f 9662 9664 9665
f 9651 9654 9657
f 9651 9657 9652
f 9666 9667 9668
f 9666 9668 9669
f 9670 9671 9668
f 9670 9668 9672
f 9673 9674 9675
f 9673 9675 9676
f 9677 9670 9672
f 9677 9672 9678
f 9679 9680 9681
f 9679 9681 9682
f 9683 9684 9685
f 9683 9685 9686
f 9687 9688 9689
f 9687 9689 9690
f 9680 9687 9690
f 9680 9690 9681
f 9681 9690 9691
f 9681 9691 9692
f 9690 9689 9693
f 9690 9693 9691
f 9581 9588 9591
f 9581 9591 9582
f 9597 9592 9595
f 9597 9595 9598
f 9605 9612 9615
f 9605 9615 9606
f 9694 9695 9696
f 9694 9696 9697
f 9647 9582 9591
f 9647 9591 9620
f 9698 9699 9700
f 9698 9700 9701
f 9702 9703 9704
f 9702 9704 9705
f 9686 9685 9706
f 9686 9706 9707
f 9682 9681 9692
f 9682 9692 9708
f 9678 9672 9659
f 9678 9659 9658
f 9676 9675 9709
f 9676 9709 9710
f 9672 9668 9667
f 9672 9667 9659
f 9669 9668 9671
f 9669 9671 9711
f 9712 9713 9714
f 9712 9714 9715
f 9660 9664 9663
f 9660 9663 9716
f 9653 9652 9680
f 9653 9680 9679
f 9661 9660 9716
f 9661 9716 9717
f 9652 9657 9687
f 9652 9687 9680
f 9718 9719 9674
f 9718 9674 9673
f 9657 9656 9688
f 9657 9688 9687
f 9665 9664 9667
f 9665 9667 9666
f 9720 9721 9651
f 9720 9651 9650
f 9722 9723 9655
f 9722 9655 9654
f 9724 9725 9726
f 9724 9726 9727
f 9728 9729 9730
f 9728 9730 9731
f 9627 9732 9645
f 9627 9645 9628
f 9733 9630 9633
f 9733 9633 9649
f 9734 9644 9645
f 9734 9645 9625
f 9735 9736 9737
f 9735 9737 9738
f 9739 9740 9633
f 9739 9633 9632
f 9738 9737 9729
f 9738 9729 9728
f 9703 9741 9742
f 9703 9742 9704
f 9743 9744 9745
f 9743 9745 9746
f 9747 9748 9749
f 9747 9749 9750
f 9751 9752 9753
f 9751 9753 9754
f 9755 9756 9757
f 9755 9757 9758
f 9759 9757 9760
f 9759 9760 9761
f 9762 9763 9764
f 9762 9764 9765
f 9766 9767 9768
f 9766 9768 9769
f 9611 9610 9752
f 9611 9752 9751
f 9770 9743 9746
f 9770 9746 9771
f 9772 9770 9771
f 9772 9771 9773
f 9737 9647 9620
f 9737 9620 9729
f 9774 9775 9753
f 9774 9753 9752
f 9767 9694 9697
f 9767 9697 9768
f 9765 9764 9776
f 9765 9776 9777
f 9778 9779 9663
f 9778 9663 9662
f 9736 9646 9647
f 9736 9647 9737
f 9721 9722 9654
f 9721 9654 9651
f 9746 9745 9589
f 9746 9589 9588
f 9780 9727 9726
f 9780 9726 9781
f 9607 9606 9770
f 9607 9770 9772
f 9615 9614 9744
f 9615 9744 9743
f 9635 9774 9752
f 9635 9752 9610
f 9782 9758 9757
f 9782 9757 9759
f 9756 9779 9760
f 9756 9760 9757
f 9754 9753 9585
f 9754 9585 9584
f 9764 9619 9641
f 9764 9641 9776
f 9763 9616 9619
f 9763 9619 9764
f 9606 9615 9743
f 9606 9743 9770
f 9639 9733 9649
f 9639 9649 9586
f 9732 9622 9625
f 9732 9625 9645
f 9729 9620 9621
f 9729 9621 9730
f 9699 9766 9769
f 9699 9769 9700
f 9624 9765 9777
f 9624 9777 9783
f 9740 9648 9649
f 9740 9649 9633
f 9783 9734 9625
f 9783 9625 9624
f 9741 9698 9701
f 9741 9701 9742
f 9623 9762 9765
f 9623 9765 9624
f 9773 9771 9581
f 9773 9581 9580
f 9771 9746 9588
f 9771 9588 9581
f 9775 9638 9585
f 9775 9585 9753
f 9784 9785 9605
f 9784 9605 9604
f 9786 9787 9609
f 9786 9609 9608
f 9788 9789 9613
f 9788 9613 9612
f 9790 9634 9609
f 9790 9609 9787
f 9785 9788 9612
f 9785 9612 9605
f 9618 9791 9792
f 9618 9792 9640
f 9695 9793 9794
f 9695 9794 9696
f 9617 9795 9791
f 9617 9791 9618
f 9791 9759 9761
f 9791 9761 9792
f 9793 9780 9781
f 9793 9781 9794
f 9795 9782 9759
f 9795 9759 9791
f 9796 9797 9785
f 9796 9785 9784
f 9798 9799 9787
f 9798 9787 9786
f 9800 9801 9789
f 9800 9789 9788
f 9802 9790 9787
f 9802 9787 9799
f 9797 9800 9788
f 9797 9788 9785
f 9750 9749 9719
f 9750 9719 9718
f 9707 9706 9713
f 9707 9713 9712
f 9659 9667 9664
f 9659 9664 9660
f 9697 9696 9803
f 9697 9803 9804
f 9701 9700 9805
f 9701 9805 9806
f 9705 9704 9807
f 9705 9807 9808
f 9706 9809 9810
f 9706 9810 9713
f 9684 9811 9812
f 9684 9812 9685
f 9685 9812 9809
f 9685 9809 9706
f 9713 9810 9813
f 9713 9813 9714
f 9704 9742 9814
f 9704 9814 9807
f 9725 9815 9816
f 9725 9816 9726
f 9769 9768 9817
f 9769 9817 9818
f 9781 9726 9816
f 9781 9816 9819
f 9768 9697 9804
f 9768 9804 9817
f 9742 9701 9806
f 9742 9806 9814
f 9700 9769 9818
f 9700 9818 9805
f 9696 9794 9820
f 9696 9820 9803
f 9794 9781 9819
f 9794 9819 9820
f 9821 9822 9698
f 9821 9698 9741
f 9823 9824 9703
f 9823 9703 9702
f 9824 9821 9741
f 9824 9741 9703
f 9825 9826 9727
f 9825 9727 9780
f 9827 9686 9707
f 9827 9707 9828
f 9829 9830 9766
f 9829 9766 9699
f 9831 9832 9793
f 9831 9793 9695
f 9833 9712 9715
f 9833 9715 9834
f 9835 9831 9695
f 9835 9695 9694
f 9822 9829 9699
f 9822 9699 9698
f 9836 9835 9694
f 9836 9694 9767
f 9828 9707 9712
f 9828 9712 9833
f 9837 9683 9686
f 9837 9686 9827
f 9832 9825 9780
f 9832 9780 9793
f 9838 9724 9727
f 9838 9727 9826
f 9830 9836 9767
f 9830 9767 9766
f 9839 9840 9684
f 9839 9684 9683
f 9692 9691 9841
f 9692 9841 9842
f 9811 9684 9840
f 9811 9840 9843
f 9708 9692 9842
f 9708 9842 9844
f 9845 9846 9671
f 9845 9671 9670
f 9710 9709 9847
f 9710 9847 9848
f 9837 9710 9848
f 9837 9848 9849
f 9711 9671 9846
f 9711 9846 9850
f 9851 9845 9670
f 9851 9670 9677
f 9691 9693 9852
f 9691 9852 9841
f 9849 9848 9853
f 9849 9853 9854
f 9851 9854 9853
f 9851 9853 9845
f 9845 9853 9855
f 9845 9855 9846
f 9853 9848 9847
f 9853 9847 9855
f 9856 9844 9842
f 9856 9842 9841
f 9856 9850 9846
f 9856 9846 9855
f 9798 9801 9721
f 9798 9721 9720
f 9800 9797 9723
f 9800 9723 9722
f 9715 9714 9725
f 9715 9725 9724
f 9802 9799 9748
f 9802 9748 9747
f 9717 9716 9756
f 9717 9756 9755
f 9796 9760 9779
f 9796 9779 9778
f 9801 9800 9722
f 9801 9722 9721
f 9716 9663 9779
f 9716 9779 9756
f 9714 9813 9815
f 9714 9815 9725
f 9834 9715 9724
f 9834 9724 9838
f 9857 9858 9859
f 9857 9859 9860
f 9861 9862 9863
f 9861 9863 9864
f 9865 9861 9864
f 9865 9864 9866
f 9867 9868 9869
f 9867 9869 9870
f 9871 9872 9863
f 9871 9863 9862
f 9870 9869 9860
f 9870 9860 9873
f 9874 9875 9876
f 9874 9876 9877
f 9878 9879 9880
f 9878 9880 9881
f 9882 9883 9884
f 9882 9884 9885
f 9879 9886 9887
f 9879 9887 9880
f 9875 9878 9881
f 9875 9881 9876
f 9888 9889 9890
f 9888 9890 9891
f 9892 9893 9890
f 9892 9890 9894
f 9895 9896 9897
f 9895 9897 9898
f 9899 9892 9894
f 9899 9894 9900
f 9896 9901 9902
f 9896 9902 9897
f 9903 9904 9905
f 9903 9905 9906
f 9907 9888 9891
f 9907 9891 9908
f 9901 9907 9908
f 9901 9908 9902
f 9902 9908 9909
f 9902 9909 9910
f 9908 9891 9911
f 9908 9911 9909
f 9858 9865 9866
f 9858 9866 9859
f 9912 9913 9914
f 9912 9914 9915
f 9906 9905 9916
f 9906 9916 9917
f 9897 9902 9910
f 9897 9910 9918
f 9900 9894 9883
f 9900 9883 9882
f 9898 9897 9918
f 9898 9918 9919
f 9894 9890 9889
f 9894 9889 9883
f 9891 9890 9893
f 9891 9893 9911
f 9920 9921 9922
f 9920 9922 9923
f 9884 9887 9886
f 9884 9886 9924
f 9877 9876 9901
f 9877 9901 9896
f 9885 9884 9924
f 9885 9924 9925
f 9876 9881 9907
f 9876 9907 9901
f 9926 9877 9896
f 9926 9896 9895
f 9881 9880 9888
f 9881 9888 9907
f 9880 9887 9889
f 9880 9889 9888
f 9927 9928 9875
f 9927 9875 9874
f 9929 9930 9879
f 9929 9879 9878
f 9931 9932 9933
f 9931 9933 9934
f 9935 9927 9874
f 9935 9874 9936
f 9937 9938 9939
f 9937 9939 9940
f 9941 9939 9942
f 9941 9942 9943
f 9864 9863 9944
f 9864 9944 9945
f 9930 9946 9886
f 9930 9886 9879
f 9928 9929 9878
f 9928 9878 9875
f 9947 9934 9933
f 9947 9933 9948
f 9860 9859 9949
f 9860 9949 9873
f 9866 9864 9945
f 9866 9945 9950
f 9872 9951 9944
f 9872 9944 9863
f 9952 9940 9939
f 9952 9939 9941
f 9938 9946 9942
f 9938 9942 9939
f 9859 9866 9950
f 9859 9950 9949
f 9943 9953 9858
f 9943 9858 9857
f 9954 9955 9862
f 9954 9862 9861
f 9956 9954 9861
f 9956 9861 9865
f 9957 9871 9862
f 9957 9862 9955
f 9953 9956 9865
f 9953 9865 9858
f 9869 9958 9857
f 9869 9857 9860
f 9913 9959 9960
f 9913 9960 9914
f 9868 9961 9958
f 9868 9958 9869
f 9958 9941 9943
f 9958 9943 9857
f 9959 9947 9948
f 9959 9948 9960
f 9961 9952 9941
f 9961 9941 9958
f 9942 9962 9953
f 9942 9953 9943
f 9963 9964 9955
f 9963 9955 9954
f 9965 9963 9954
f 9965 9954 9956
f 9966 9957 9955
f 9966 9955 9964
f 9962 9965 9956
f 9962 9956 9953
f 9936 9874 9877
f 9936 9877 9926
f 9917 9916 9921
f 9917 9921 9920
f 9883 9889 9887
f 9883 9887 9884
f 9915 9914 9868
f 9915 9868 9867
f 9916 9882 9885
f 9916 9885 9921
f 9904 9899 9900
f 9904 9900 9905
f 9905 9900 9882
f 9905 9882 9916
f 9921 9885 9925
f 9921 9925 9922
f 9932 9937 9940
f 9932 9940 9933
f 9948 9933 9940
f 9948 9940 9952
f 9914 9960 9961
f 9914 9961 9868
f 9960 9948 9952
f 9960 9952 9961
f 9957 9966 9934
f 9957 9934 9947
f 9898 9906 9917
f 9898 9917 9895
f 9872 9871 9959
f 9872 9959 9913
f 9926 9920 9923
f 9926 9923 9936
f 9951 9872 9913
f 9951 9913 9912
f 9895 9917 9920
f 9895 9920 9926
f 9919 9903 9906
f 9919 9906 9898
f 9871 9957 9947
f 9871 9947 9959
f 9935 9931 9934
f 9935 9934 9966
f 9967 9968 9904
f 9967 9904 9903
f 9910 9909 9969
f 9910 9969 9970
f 9899 9904 9968
f 9899 9968 9971
f 9918 9910 9970
f 9918 9970 9972
f 9973 9974 9893
f 9973 9893 9892
f 9919 9918 9972
f 9919 9972 9975
f 9903 9919 9975
f 9903 9975 9967
f 9911 9893 9974
f 9911 9974 9976
f 9971 9973 9892
f 9971 9892 9899
f 9909 9911 9976
f 9909 9976 9969
f 9967 9975 9977
f 9967 9977 9968
f 9971 9968 9977
f 9971 9977 9973
f 9973 9977 9978
f 9973 9978 9974
f 9977 9975 9972
f 9977 9972 9978
f 9978 9972 9970
f 9978 9970 9969
f 9969 9976 9974
f 9969 9974 9978
f 9964 9963 9928
f 9964 9928 9927
f 9965 9962 9930
f 9965 9930 9929
f 9923 9922 9932
f 9923 9932 9931
f 9966 9964 9927
f 9966 9927 9935
f 9925 9924 9938
f 9925 9938 9937
f 9962 9942 9946
f 9962 9946 9930
f 9963 9965 9929
f 9963 9929 9928
f 9924 9886 9946
f 9924 9946 9938
f 9922 9925 9937
f 9922 9937 9932
f 9936 9923 9931
f 9936 9931 9935
f 8946 8749 8752
f 8946 8752 8952
f 8758 8753 8756
f 8758 8756 8759
f 8812 8765 8768
f 8812 8768 9979
f 8762 8769 8772
f 8762 8772 8763
f 8961 8773 8776
f 8961 8776 8809
f 8782 8777 8780
f 8782 8780 8783
f 8903 8952 8752
f 8903 8752 8815
f 8790 8759 8756
f 8790 8756 8817
f 8918 8819 8822
f 8918 8822 8888
f 8824 8831 8834
f 8824 8834 8825
f 8857 8835 8838
f 8857 8838 8858
f 8843 8848 8851
f 8843 8851 8844
f 8844 8851 8877
f 8844 8877 8878
f 8858 8838 8880
f 8858 8880 8862
f 8888 8822 8848
f 8888 8848 8843
f 8825 8834 8835
f 8825 8835 8857
f 8917 8889 8819
f 8917 8819 8918
f 8811 8813 8905
f 8811 8905 8904
f 8900 8899 8909
f 8900 8909 8908
f 8913 8920 8923
f 8913 8923 8914
f 8783 8780 8920
f 8783 8920 8913
f 8810 8941 8942
f 8810 8942 8945
f 8892 8947 8831
f 8892 8831 8824
f 8813 8903 8815
f 8813 8815 8905
f 8809 8776 8941
f 8809 8941 8810
f 8914 8923 8753
f 8914 8753 8758
f 8899 8790 8817
f 8899 8817 8909
f 8945 8942 8749
f 8945 8749 8946
f 8930 8953 8773
f 8930 8773 8961
f 8958 8955 8777
f 8958 8777 8782
f 8929 8965 8953
f 8929 8953 8930
f 8970 8967 8955
f 8970 8955 8958
f 8878 8877 9013
f 8878 9013 9016
f 8862 8880 9019
f 8862 9019 9021
f 9024 9016 9013
f 9024 9013 9025
f 9010 9021 9019
f 9010 9019 9025
f 8968 8967 8889
f 8968 8889 8917
f 8966 8965 8947
f 8966 8947 8892
f 9223 9026 9029
f 9223 9029 9229
f 9035 9030 9033
f 9035 9033 9036
f 9089 9042 9045
f 9089 9045 9980
f 9039 9046 9049
f 9039 9049 9040
f 9238 9050 9053
f 9238 9053 9086
f 9059 9054 9057
f 9059 9057 9060
f 9180 9229 9029
f 9180 9029 9092
f 9067 9036 9033
f 9067 9033 9094
f 9195 9096 9099
f 9195 9099 9165
f 9101 9108 9111
f 9101 9111 9102
f 9134 9112 9115
f 9134 9115 9135
f 9120 9125 9128
f 9120 9128 9121
f 9121 9128 9154
f 9121 9154 9155
f 9135 9115 9157
f 9135 9157 9139
f 9165 9099 9125
f 9165 9125 9120
f 9102 9111 9112
f 9102 9112 9134
f 9194 9166 9096
f 9194 9096 9195
f 9088 9090 9182
f 9088 9182 9181
f 9177 9176 9186
f 9177 9186 9185
f 9190 9197 9200
f 9190 9200 9191
f 9060 9057 9197
f 9060 9197 9190
f 9087 9218 9219
f 9087 9219 9222
f 9169 9224 9108
f 9169 9108 9101
f 9090 9180 9092
f 9090 9092 9182
f 9086 9053 9218
f 9086 9218 9087
f 9191 9200 9030
f 9191 9030 9035
f 9176 9067 9094
f 9176 9094 9186
f 9222 9219 9026
f 9222 9026 9223
f 9207 9230 9050
f 9207 9050 9238
f 9235 9232 9054
f 9235 9054 9059
f 9206 9242 9230
f 9206 9230 9207
f 9247 9244 9232
f 9247 9232 9235
f 9155 9154 9290
f 9155 9290 9293
f 9139 9157 9296
f 9139 9296 9298
f 9301 9293 9290
f 9301 9290 9302
f 9287 9298 9296
f 9287 9296 9302
f 9245 9244 9166
f 9245 9166 9194
f 9243 9242 9224
f 9243 9224 9169
f 9500 9303 9306
f 9500 9306 9506
f 9312 9307 9310
f 9312 9310 9313
f 9366 9319 9322
f 9366 9322 9981
f 9316 9323 9326
f 9316 9326 9317
f 9515 9327 9330
f 9515 9330 9363
f 9336 9331 9334
f 9336 9334 9337
f 9457 9506 9306
f 9457 9306 9369
f 9344 9313 9310
f 9344 9310 9371
f 9472 9373 9376
f 9472 9376 9442
f 9378 9385 9388
f 9378 9388 9379
f 9411 9389 9392
f 9411 9392 9412
f 9397 9402 9405
f 9397 9405 9398
f 9398 9405 9431
f 9398 9431 9432
f 9412 9392 9434
f 9412 9434 9416
f 9442 9376 9402
f 9442 9402 9397
f 9379 9388 9389
f 9379 9389 9411
f 9471 9443 9373
f 9471 9373 9472
f 9365 9367 9459
f 9365 9459 9458
f 9454 9453 9463
f 9454 9463 9462
f 9467 9474 9477
f 9467 9477 9468
f 9337 9334 9474
f 9337 9474 9467
f 9364 9495 9496
f 9364 9496 9499
f 9446 9501 9385
f 9446 9385 9378
f 9367 9457 9369
f 9367 9369 9459
f 9363 9330 9495
f 9363 9495 9364
f 9468 9477 9307
f 9468 9307 9312
f 9453 9344 9371
f 9453 9371 9463
f 9499 9496 9303
f 9499 9303 9500
f 9484 9507 9327
f 9484 9327 9515
f 9512 9509 9331
f 9512 9331 9336
f 9483 9519 9507
f 9483 9507 9484
f 9524 9521 9509
f 9524 9509 9512
f 9432 9431 9567
f 9432 9567 9570
f 9416 9434 9573
f 9416 9573 9575
f 9578 9570 9567
f 9578 9567 9579
f 9564 9575 9573
f 9564 9573 9579
f 9522 9521 9443
f 9522 9443 9471
f 9520 9519 9501
f 9520 9501 9446
f 9777 9580 9583
f 9777 9583 9783
f 9589 9584 9587
f 9589 9587 9590
f 9643 9596 9599
f 9643 9599 9982
f 9593 9600 9603
f 9593 9603 9594
f 9792 9604 9607
f 9792 9607 9640
f 9613 9608 9611
f 9613 9611 9614
f 9734 9783 9583
f 9734 9583 9646
f 9621 9590 9587
f 9621 9587 9648
f 9749 9650 9653
f 9749 9653 9719
f 9655 9662 9665
f 9655 9665 9656
f 9688 9666 9669
f 9688 9669 9689
f 9674 9679 9682
f 9674 9682 9675
f 9675 9682 9708
f 9675 9708 9709
f 9689 9669 9711
f 9689 9711 9693
f 9719 9653 9679
f 9719 9679 9674
f 9656 9665 9666
f 9656 9666 9688
f 9748 9720 9650
f 9748 9650 9749
f 9642 9644 9736
f 9642 9736 9735
f 9731 9730 9740
f 9731 9740 9739
f 9744 9751 9754
f 9744 9754 9745
f 9614 9611 9751
f 9614 9751 9744
f 9641 9772 9773
f 9641 9773 9776
f 9723 9778 9662
f 9723 9662 9655
f 9644 9734 9646
f 9644 9646 9736
f 9640 9607 9772
f 9640 9772 9641
f 9745 9754 9584
f 9745 9584 9589
f 9730 9621 9648
f 9730 9648 9740
f 9776 9773 9580
f 9776 9580 9777
f 9761 9784 9604
f 9761 9604 9792
f 9789 9786 9608
f 9789 9608 9613
f 9760 9796 9784
f 9760 9784 9761
f 9801 9798 9786
f 9801 9786 9789
f 9709 9708 9844
f 9709 9844 9847
f 9693 9711 9850
f 9693 9850 9852
f 9855 9847 9844
f 9855 9844 9856
f 9841 9852 9850
f 9841 9850 9856
f 9799 9798 9720
f 9799 9720 9748
f 9797 9796 9778
f 9797 9778 9723
f 8973 8972 8786
f 8973 8786 8785
f 8975 8974 8792
f 8975 8792 8791
f 8977 8976 8796
f 8977 8796 8795
f 8978 8827 8830
f 8978 8830 8979
f 8980 8846 8847
f 8980 8847 8981
f 8981 8847 8827
f 8981 8827 8978
f 8979 8830 8886
f 8979 8886 8982
f 8976 8983 8901
f 8976 8901 8796
f 8984 8924 8927
f 8984 8927 8985
f 8987 8986 8932
f 8987 8932 8931
f 8988 8985 8927
f 8988 8927 8951
f 8986 8973 8785
f 8986 8785 8932
f 8983 8975 8791
f 8983 8791 8901
f 8974 8987 8931
f 8974 8931 8792
f 8972 8989 8964
f 8972 8964 8786
f 8989 8988 8951
f 8989 8951 8964
f 8799 8902 8991
f 8799 8991 8990
f 8805 8800 8993
f 8805 8993 8992
f 8800 8799 8990
f 8800 8990 8993
f 8959 8971 8995
f 8959 8995 8994
f 8845 8996 8997
f 8845 8997 8842
f 8808 8807 8999
f 8808 8999 8998
f 8804 8803 9001
f 8804 9001 9000
f 8887 9002 9003
f 8887 9003 8919
f 8943 8804 9000
f 8943 9000 9004
f 8902 8808 8998
f 8902 8998 8991
f 8944 8943 9004
f 8944 9004 9005
f 8842 8997 9002
f 8842 9002 8887
f 8879 9006 8996
f 8879 8996 8845
f 8803 8959 8994
f 8803 8994 9001
f 8916 9007 8995
f 8916 8995 8971
f 8807 8944 9005
f 8807 9005 8999
f 8852 9006 9018
f 8852 9018 9008
f 9012 9020 8846
f 9012 8846 8980
f 9008 9018 9023
f 9008 9023 9009
f 9012 9009 9023
f 9012 9023 9020
f 8982 8886 8924
f 8982 8924 8984
f 8919 9003 9007
f 8919 9007 8916
f 9250 9249 9063
f 9250 9063 9062
f 9252 9251 9069
f 9252 9069 9068
f 9254 9253 9073
f 9254 9073 9072
f 9255 9104 9107
f 9255 9107 9256
f 9257 9123 9124
f 9257 9124 9258
f 9258 9124 9104
f 9258 9104 9255
f 9256 9107 9163
f 9256 9163 9259
f 9253 9260 9178
f 9253 9178 9073
f 9261 9201 9204
f 9261 9204 9262
f 9264 9263 9209
f 9264 9209 9208
f 9265 9262 9204
f 9265 9204 9228
f 9263 9250 9062
f 9263 9062 9209
f 9260 9252 9068
f 9260 9068 9178
f 9251 9264 9208
f 9251 9208 9069
f 9249 9266 9241
f 9249 9241 9063
f 9266 9265 9228
f 9266 9228 9241
f 9076 9179 9268
f 9076 9268 9267
f 9082 9077 9270
f 9082 9270 9269
f 9077 9076 9267
f 9077 9267 9270
f 9236 9248 9272
f 9236 9272 9271
f 9122 9273 9274
f 9122 9274 9119
f 9085 9084 9276
f 9085 9276 9275
f 9081 9080 9278
f 9081 9278 9277
f 9164 9279 9280
f 9164 9280 9196
f 9220 9081 9277
f 9220 9277 9281
f 9179 9085 9275
f 9179 9275 9268
f 9221 9220 9281
f 9221 9281 9282
f 9119 9274 9279
f 9119 9279 9164
f 9156 9283 9273
f 9156 9273 9122
f 9080 9236 9271
f 9080 9271 9278
f 9193 9284 9272
f 9193 9272 9248
f 9084 9221 9282
f 9084 9282 9276
f 9129 9283 9295
f 9129 9295 9285
f 9289 9297 9123
f 9289 9123 9257
f 9285 9295 9300
f 9285 9300 9286
f 9289 9286 9300
f 9289 9300 9297
f 9259 9163 9201
f 9259 9201 9261
f 9196 9280 9284
f 9196 9284 9193
f 9527 9526 9340
f 9527 9340 9339
f 9529 9528 9346
f 9529 9346 9345
f 9531 9530 9350
f 9531 9350 9349
f 9532 9381 9384
f 9532 9384 9533
f 9534 9400 9401
f 9534 9401 9535
f 9535 9401 9381
f 9535 9381 9532
f 9533 9384 9440
f 9533 9440 9536
f 9530 9537 9455
f 9530 9455 9350
f 9538 9478 9481
f 9538 9481 9539
f 9541 9540 9486
f 9541 9486 9485
f 9542 9539 9481
f 9542 9481 9505
f 9540 9527 9339
f 9540 9339 9486
f 9537 9529 9345
f 9537 9345 9455
f 9528 9541 9485
f 9528 9485 9346
f 9526 9543 9518
f 9526 9518 9340
f 9543 9542 9505
f 9543 9505 9518
f 9353 9456 9545
f 9353 9545 9544
f 9359 9354 9547
f 9359 9547 9546
f 9354 9353 9544
f 9354 9544 9547
f 9513 9525 9549
f 9513 9549 9548
f 9399 9550 9551
f 9399 9551 9396
f 9362 9361 9553
f 9362 9553 9552
f 9358 9357 9555
f 9358 9555 9554
f 9441 9556 9557
f 9441 9557 9473
f 9497 9358 9554
f 9497 9554 9558
f 9456 9362 9552
f 9456 9552 9545
f 9498 9497 9558
f 9498 9558 9559
f 9396 9551 9556
f 9396 9556 9441
f 9433 9560 9550
f 9433 9550 9399
f 9357 9513 9548
f 9357 9548 9555
f 9470 9561 9549
f 9470 9549 9525
f 9361 9498 9559
f 9361 9559 9553
f 9406 9560 9572
f 9406 9572 9562
f 9566 9574 9400
f 9566 9400 9534
f 9562 9572 9577
f 9562 9577 9563
f 9566 9563 9577
f 9566 9577 9574
f 9536 9440 9478
f 9536 9478 9538
f 9473 9557 9561
f 9473 9561 9470
f 9804 9803 9617
f 9804 9617 9616
f 9806 9805 9623
f 9806 9623 9622
f 9808 9807 9627
f 9808 9627 9626
f 9809 9658 9661
f 9809 9661 9810
f 9811 9677 9678
f 9811 9678 9812
f 9812 9678 9658
f 9812 9658 9809
f 9810 9661 9717
f 9810 9717 9813
f 9807 9814 9732
f 9807 9732 9627
f 9815 9755 9758
f 9815 9758 9816
f 9818 9817 9763
f 9818 9763 9762
f 9819 9816 9758
f 9819 9758 9782
f 9817 9804 9616
f 9817 9616 9763
f 9814 9806 9622
f 9814 9622 9732
f 9805 9818 9762
f 9805 9762 9623
f 9803 9820 9795
f 9803 9795 9617
f 9820 9819 9782
f 9820 9782 9795
f 9630 9733 9822
f 9630 9822 9821
f 9636 9631 9824
f 9636 9824 9823
f 9631 9630 9821
f 9631 9821 9824
f 9790 9802 9826
f 9790 9826 9825
f 9676 9827 9828
f 9676 9828 9673
f 9639 9638 9830
f 9639 9830 9829
f 9635 9634 9832
f 9635 9832 9831
f 9718 9833 9834
f 9718 9834 9750
f 9774 9635 9831
f 9774 9831 9835
f 9733 9639 9829
f 9733 9829 9822
f 9775 9774 9835
f 9775 9835 9836
f 9673 9828 9833
f 9673 9833 9718
f 9710 9837 9827
f 9710 9827 9676
f 9634 9790 9825
f 9634 9825 9832
f 9747 9838 9826
f 9747 9826 9802
f 9638 9775 9836
f 9638 9836 9830
f 9683 9837 9849
f 9683 9849 9839
f 9843 9851 9677
f 9843 9677 9811
f 9839 9849 9854
f 9839 9854 9840
f 9843 9840 9854
f 9843 9854 9851
f 9813 9717 9755
f 9813 9755 9815
f 9750 9834 9838
f 9750 9838 9747
f 9318 9317 9983
f 9318 9983 9984
f 9985 9986 9987
f 9985 9987 9988
f 9989 9990 9598
f 9989 9598 9595
f 9991 9992 9637
f 9991 9637 9993
f 8768 8767 9994
f 8768 9994 9995
f 9996 9997 9998
f 9996 9998 9999
f 9595 9594 10000
f 9595 10000 9989
f 10001 10000 9594
f 10001 9594 9603
f 10002 10003 10004
f 10002 10004 10005
f 9993 10002 10005
f 9993 10005 9991
f 10006 10007 10008
f 10006 10008 10009
f 9995 10010 9979
f 9995 9979 8768
f 10011 9987 9986
f 10011 9986 10012
f 10013 10014 9044
f 10013 9044 9041
f 9997 10015 10016
f 9997 10016 9998
f 10017 10004 10003
f 10017 10003 10018
f 9999 10019 10020
f 9999 10020 9996
f 10021 10008 10007
f 10021 10007 10022
f 9041 9040 10023
f 9041 10023 10013
f 10024 9994 8767
f 10024 8767 8764
f 10010 10020 10019
f 10010 10019 9979
f 9992 10025 9602
f 9992 9602 9637
f 9603 9602 10025
f 9603 10025 10001
f 10026 10016 10015
f 10026 10015 10027
f 9984 10028 9321
f 9984 9321 9318
f 8764 8763 10029
f 8764 10029 10024
f 10030 10031 10008
f 10030 10008 10021
f 10032 10033 10034
f 10032 10034 10035
f 10036 10037 10004
f 10036 10004 10017
f 10038 10039 10040
f 10038 10040 10041
f 10042 10033 9987
f 10042 9987 10011
f 10043 10031 10044
f 10043 10044 10045
f 10046 10047 10048
f 10046 10048 10049
f 10050 10051 10052
f 10050 10052 10049
f 10045 10053 10054
f 10045 10054 10055
f 9326 10056 9983
f 9326 9983 9317
f 10050 10049 10048
f 10050 10048 10057
f 10050 10057 10058
f 10050 10058 10059
f 10035 10034 10060
f 10035 10060 10061
f 10062 10063 10064
f 10062 10064 10065
f 10051 10060 10034
f 10051 10034 10052
f 10066 9322 9321
f 10066 9321 10028
f 10067 10053 10068
f 10067 10068 10069
f 10070 10071 10060
f 10070 10060 10051
f 10053 10045 10044
f 10053 10044 10068
f 10061 10060 10071
f 10061 10071 10072
f 10073 10074 10075
f 10073 10075 10076
f 10077 10078 10079
f 10077 10079 10080
f 10076 10081 10082
f 10076 10082 10073
f 10078 10083 10084
f 10078 10084 10079
f 10085 10084 10083
f 10085 10083 10086
f 10087 10088 10089
f 10087 10089 10090
f 10091 10085 10086
f 10091 10086 10092
f 10090 10089 10093
f 10090 10093 10094
f 10080 10095 10096
f 10080 10096 10077
f 10097 10098 10099
f 10097 10099 10100
f 10101 10102 10103
f 10101 10103 10104
f 10105 10106 10107
f 10105 10107 10108
f 10098 10109 10110
f 10098 10110 10099
f 10096 10111 10112
f 10096 10112 10113
f 9049 10114 10023
f 9049 10023 9040
f 10102 10106 10115
f 10102 10115 10103
f 10116 10105 10108
f 10116 10108 10117
f 10101 10097 10100
f 10101 10100 10118
f 10119 10120 10083
f 10119 10083 10078
f 10111 10121 10122
f 10111 10122 10112
f 10123 10076 10075
f 10123 10075 10124
f 10095 10125 10111
f 10095 10111 10096
f 10075 10092 10126
f 10075 10126 10124
f 8897 8900 8762
f 8897 8762 8761
f 8904 8907 8766
f 8904 8766 8765
f 8908 8801 8770
f 8908 8770 8769
f 9999 8795 8798
f 9999 8798 10019
f 8800 8805 8770
f 8800 8770 8801
f 10019 8798 8812
f 10019 8812 9979
f 8907 8897 8761
f 8907 8761 8766
f 10026 8871 8874
f 10026 8874 10016
f 10016 8874 8977
f 10016 8977 9998
f 10127 8992 8871
f 10127 8871 10026
f 8811 8904 8765
f 8811 8765 8812
f 8900 8908 8769
f 8900 8769 8762
f 9998 8977 8795
f 9998 8795 9999
f 8806 8805 8992
f 8806 8992 10127
f 10128 9269 9148
f 10128 9148 9985
f 9181 9184 9043
f 9181 9043 9042
f 9185 9078 9047
f 9185 9047 9046
f 9077 9082 9047
f 9077 9047 9078
f 9354 9359 9324
f 9354 9324 9355
f 10129 9072 9075
f 10129 9075 10130
f 10131 9546 9425
f 10131 9425 10006
f 10007 9428 9531
f 10007 9531 10022
f 9985 9148 9151
f 9985 9151 9986
f 9461 9451 9315
f 9461 9315 9320
f 10012 9254 9072
f 10012 9072 10129
f 9177 9185 9046
f 9177 9046 9039
f 9462 9355 9324
f 9462 9324 9323
f 9088 9181 9042
f 9088 9042 9089
f 9458 9461 9320
f 9458 9320 9319
f 9083 9082 9269
f 9083 9269 10128
f 9986 9151 9254
f 9986 9254 10012
f 10003 9705 9808
f 10003 9808 10018
f 9184 9174 9038
f 9184 9038 9043
f 10130 9075 9089
f 10130 9089 9980
f 10022 9531 9349
f 10022 9349 10132
f 9174 9177 9039
f 9174 9039 9038
f 9360 9359 9546
f 9360 9546 10131
f 10002 9702 9705
f 10002 9705 10003
f 10132 9349 9352
f 10132 9352 10133
f 9728 9731 9593
f 9728 9593 9592
f 10134 9626 9629
f 10134 9629 10135
f 9735 9738 9597
f 9735 9597 9596
f 9454 9462 9323
f 9454 9323 9316
f 10133 9352 9366
f 10133 9366 9981
f 9451 9454 9316
f 9451 9316 9315
f 9365 9458 9319
f 9365 9319 9366
f 10006 9425 9428
f 10006 9428 10007
f 9731 9739 9600
f 9731 9600 9593
f 9738 9728 9592
f 9738 9592 9597
f 10018 9808 9626
f 10018 9626 10134
f 9993 9823 9702
f 9993 9702 10002
f 9642 9735 9596
f 9642 9596 9643
f 9637 9636 9823
f 9637 9823 9993
f 10135 9629 9643
f 10135 9643 9982
f 9739 9632 9601
f 9739 9601 9600
f 9631 9636 9601
f 9631 9601 9632
f 10136 10137 8598
f 10136 8598 8597
f 10138 10139 8600
f 10138 8600 8599
f 10140 10141 8602
f 10140 8602 8601
f 10139 10142 8603
f 10139 8603 8600
f 8605 8604 10143
f 8605 10143 10144
f 8606 8607 10145
f 8606 10145 10146
f 10142 10145 8607
f 10142 8607 8603
f 8604 8598 10137
f 8604 10137 10143
f 10147 10148 8609
f 10147 8609 8608
f 10149 10140 8601
f 10149 8601 8610
f 8610 8611 10150
f 8610 10150 10149
f 10148 10151 8612
f 10148 8612 8609
f 10141 10152 8613
f 10141 8613 8602
f 8611 8614 10153
f 8611 10153 10150
f 10151 10136 8597
f 10151 8597 8612
f 10152 10138 8599
f 10152 8599 8613
f 10154 10155 10145
f 10154 10145 10142
f 10143 10137 10156
f 10143 10156 10157
f 10158 10159 10148
f 10158 10148 10147
f 10160 10161 10140
f 10160 10140 10149
f 10149 10150 10162
f 10149 10162 10160
f 10159 10163 10151
f 10159 10151 10148
f 10164 10165 10152
f 10164 10152 10141
f 10150 10153 10166
f 10150 10166 10162
f 10163 10167 10136
f 10163 10136 10151
f 10165 10168 10138
f 10165 10138 10152
f 10167 10156 10137
f 10167 10137 10136
f 10168 10169 10139
f 10168 10139 10138
f 10161 10164 10141
f 10161 10141 10140
f 10169 10154 10142
f 10169 10142 10139
f 10144 10143 10157
f 10144 10157 10170
f 10146 10145 10155
f 10146 10155 10171
f 10172 10173 10159
f 10172 10159 10158
f 10174 10175 10161
f 10174 10161 10160
f 10160 10162 10176
f 10160 10176 10174
f 10173 10177 10163
f 10173 10163 10159
f 10178 10179 10165
f 10178 10165 10164
f 10162 10166 10180
f 10162 10180 10176
f 10177 10181 10167
f 10177 10167 10163
f 10179 10182 10168
f 10179 10168 10165
f 10181 10183 10156
f 10181 10156 10167
f 10182 10184 10169
f 10182 10169 10168
f 10175 10178 10164
f 10175 10164 10161
f 10184 10185 10154
f 10184 10154 10169
f 10170 10157 10186
f 10170 10186 10187
f 10171 10155 10188
f 10171 10188 10189
f 10185 10188 10155
f 10185 10155 10154
f 10157 10156 10183
f 10157 10183 10186
f 10190 10191 10177
f 10190 10177 10173
f 10192 10193 10179
f 10192 10179 10178
f 10176 10180 10194
f 10176 10194 10195
f 10191 10196 10181
f 10191 10181 10177
f 10193 10197 10182
f 10193 10182 10179
f 10196 10198 10183
f 10196 10183 10181
f 10197 10199 10184
f 10197 10184 10182
f 10200 10192 10178
f 10200 10178 10175
f 10199 10201 10185
f 10199 10185 10184
f 10187 10186 10202
f 10187 10202 10203
f 10189 10188 10204
f 10189 10204 10205
f 10201 10204 10188
f 10201 10188 10185
f 10186 10183 10198
f 10186 10198 10202
f 10206 10190 10173
f 10206 10173 10172
f 10207 10200 10175
f 10207 10175 10174
f 10174 10176 10195
f 10174 10195 10207
f 10208 10209 10190
f 10208 10190 10206
f 10210 10211 10200
f 10210 10200 10207
f 10207 10195 10212
f 10207 10212 10210
f 10209 10213 10191
f 10209 10191 10190
f 10214 10215 10193
f 10214 10193 10192
f 10195 10194 10216
f 10195 10216 10212
f 10213 10217 10196
f 10213 10196 10191
f 10215 10218 10197
f 10215 10197 10193
f 10217 10219 10198
f 10217 10198 10196
f 10218 10220 10199
f 10218 10199 10197
f 10211 10214 10192
f 10211 10192 10200
f 10220 10221 10201
f 10220 10201 10199
f 10203 10202 10222
f 10203 10222 10223
f 10205 10204 10224
f 10205 10224 10225
f 10221 10224 10204
f 10221 10204 10201
f 10202 10198 10219
f 10202 10219 10222
f 10226 10227 10213
f 10226 10213 10209
f 10228 10229 10215
f 10228 10215 10214
f 10212 10216 10230
f 10212 10230 10231
f 10227 10232 10217
f 10227 10217 10213
f 10229 10233 10218
f 10229 10218 10215
f 10232 10234 10219
f 10232 10219 10217
f 10233 10235 10220
f 10233 10220 10218
f 10236 10228 10214
f 10236 10214 10211
f 10235 10237 10221
f 10235 10221 10220
f 10223 10222 10238
f 10223 10238 10239
f 10225 10224 10240
f 10225 10240 10241
f 10237 10240 10224
f 10237 10224 10221
f 10222 10219 10234
f 10222 10234 10238
f 10242 10226 10209
f 10242 10209 10208
f 10243 10236 10211
f 10243 10211 10210
f 10210 10212 10231
f 10210 10231 10243
f 10244 10245 10232
f 10244 10232 10227
f 10246 10247 10233
f 10246 10233 10229
f 10245 10248 10234
f 10245 10234 10232
f 10247 10249 10235
f 10247 10235 10233
f 10250 10251 10228
f 10250 10228 10236
f 10249 10252 10237
f 10249 10237 10235
f 10239 10238 10253
f 10239 10253 10254
f 10241 10240 10255
f 10241 10255 10256
f 10252 10255 10240
f 10252 10240 10237
f 10238 10234 10248
f 10238 10248 10253
f 10257 10258 10226
f 10257 10226 10242
f 10259 10250 10236
f 10259 10236 10243
f 10243 10231 10260
f 10243 10260 10259
f 10258 10244 10227
f 10258 10227 10226
f 10251 10246 10229
f 10251 10229 10228
f 10231 10230 10261
f 10231 10261 10260
f 10262 10263 10248
f 10262 10248 10245
f 10264 10265 10249
f 10264 10249 10247
f 10266 10267 10251
f 10266 10251 10250
f 10265 10268 10252
f 10265 10252 10249
f 10254 10253 10269
f 10254 10269 10270
f 10256 10255 10271
f 10256 10271 10272
f 10268 10271 10255
f 10268 10255 10252
f 10253 10248 10263
f 10253 10263 10269
f 10273 10274 10258
f 10273 10258 10257
f 10275 10266 10250
f 10275 10250 10259
f 10259 10260 10276
f 10259 10276 10275
f 10274 10277 10244
f 10274 10244 10258
f 10267 10278 10246
f 10267 10246 10251
f 10260 10261 10279
f 10260 10279 10276
f 10277 10262 10245
f 10277 10245 10244
f 10278 10264 10247
f 10278 10247 10246
f 10280 10281 10267
f 10280 10267 10266
f 10282 10283 10268
f 10282 10268 10265
f 10270 10269 10284
f 10270 10284 10285
f 10272 10271 10286
f 10272 10286 10287
f 10283 10286 10271
f 10283 10271 10268
f 10269 10263 10288
f 10269 10288 10284
f 10289 10290 10274
f 10289 10274 10273
f 10291 10280 10266
f 10291 10266 10275
f 10275 10276 10292
f 10275 10292 10291
f 10290 10293 10277
f 10290 10277 10274
f 10281 10294 10278
f 10281 10278 10267
f 10276 10279 10295
f 10276 10295 10292
f 10293 10296 10262
f 10293 10262 10277
f 10294 10297 10264
f 10294 10264 10278
f 10296 10288 10263
f 10296 10263 10262
f 10297 10282 10265
f 10297 10265 10264
f 10287 10286 10298
f 10287 10298 10299
f 10300 10298 10286
f 10300 10286 10283
f 10284 10288 10301
f 10284 10301 10302
f 10303 10304 10290
f 10303 10290 10289
f 10305 10306 10280
f 10305 10280 10291
f 10291 10292 10307
f 10291 10307 10305
f 10304 10308 10293
f 10304 10293 10290
f 10309 10310 10294
f 10309 10294 10281
f 10292 10295 10311
f 10292 10311 10307
f 10308 10312 10296
f 10308 10296 10293
f 10310 10313 10297
f 10310 10297 10294
f 10312 10301 10288
f 10312 10288 10296
f 10313 10314 10282
f 10313 10282 10297
f 10306 10309 10281
f 10306 10281 10280
f 10314 10300 10283
f 10314 10283 10282
f 10285 10284 10302
f 10285 10302 10315
f 10316 10317 10304
f 10316 10304 10303
f 10318 10319 10306
f 10318 10306 10305
f 10305 10307 10320
f 10305 10320 10318
f 10317 10321 10308
f 10317 10308 10304
f 10322 10323 10310
f 10322 10310 10309
f 10307 10311 10324
f 10307 10324 10320
f 10321 10325 10312
f 10321 10312 10308
f 10323 10326 10313
f 10323 10313 10310
f 10325 10327 10301
f 10325 10301 10312
f 10326 10328 10314
f 10326 10314 10313
f 10319 10322 10309
f 10319 10309 10306
f 10328 10329 10300
f 10328 10300 10314
f 10315 10302 10330
f 10315 10330 10331
f 10299 10298 10332
f 10299 10332 10333
f 10329 10332 10298
f 10329 10298 10300
f 10302 10301 10327
f 10302 10327 10330
f 10334 10335 10321
f 10334 10321 10317
f 10336 10337 10323
f 10336 10323 10322
f 10320 10324 10338
f 10320 10338 10339
f 10335 10340 10325
f 10335 10325 10321
f 10337 10341 10326
f 10337 10326 10323
f 10340 10342 10327
f 10340 10327 10325
f 10341 10343 10328
f 10341 10328 10326
f 10344 10336 10322
f 10344 10322 10319
f 10343 10345 10329
f 10343 10329 10328
f 10331 10330 10346
f 10331 10346 10347
f 10333 10332 10348
f 10333 10348 10349
f 10345 10348 10332
f 10345 10332 10329
f 10330 10327 10342
f 10330 10342 10346
f 10350 10334 10317
f 10350 10317 10316
f 10351 10344 10319
f 10351 10319 10318
f 10318 10320 10339
f 10318 10339 10351
f 10352 10353 10340
f 10352 10340 10335
f 10354 10355 10341
f 10354 10341 10337
f 10353 10356 10342
f 10353 10342 10340
f 10355 10357 10343
f 10355 10343 10341
f 10358 10359 10336
f 10358 10336 10344
f 10357 10360 10345
f 10357 10345 10343
f 10347 10346 10361
f 10347 10361 10362
f 10349 10348 10363
f 10349 10363 10364
f 10360 10363 10348
f 10360 10348 10345
f 10346 10342 10356
f 10346 10356 10361
f 10365 10366 10334
f 10365 10334 10350
f 10367 10358 10344
f 10367 10344 10351
f 10351 10339 10368
f 10351 10368 10367
f 10366 10352 10335
f 10366 10335 10334
f 10359 10354 10337
f 10359 10337 10336
f 10339 10338 10369
f 10339 10369 10368
f 10370 10371 10356
f 10370 10356 10353
f 10372 10373 10357
f 10372 10357 10355
f 10374 10375 10359
f 10374 10359 10358
f 10373 10376 10360
f 10373 10360 10357
f 10362 10361 10377
f 10362 10377 10378
f 10364 10363 10379
f 10364 10379 10380
f 10376 10379 10363
f 10376 10363 10360
f 10361 10356 10371
f 10361 10371 10377
f 10381 10382 10366
f 10381 10366 10365
f 10383 10374 10358
f 10383 10358 10367
f 10367 10368 10384
f 10367 10384 10383
f 10382 10385 10352
f 10382 10352 10366
f 10375 10386 10354
f 10375 10354 10359
f 10368 10369 10387
f 10368 10387 10384
f 10385 10370 10353
f 10385 10353 10352
f 10386 10372 10355
f 10386 10355 10354
f 10388 10389 10375
f 10388 10375 10374
f 10390 10391 10376
f 10390 10376 10373
f 10392 10393 10394
f 10392 10394 10395
f 10396 10397 10398
f 10396 10398 10399
f 10391 10397 10379
f 10391 10379 10376
f 10393 10400 10401
f 10393 10401 10394
f 10402 10403 10382
f 10402 10382 10381
f 10404 10388 10374
f 10404 10374 10383
f 10404 10405 10406
f 10404 10406 10407
f 10403 10408 10385
f 10403 10385 10382
f 10389 10409 10386
f 10389 10386 10375
f 10405 10410 10411
f 10405 10411 10406
f 10408 10412 10370
f 10408 10370 10385
f 10409 10413 10372
f 10409 10372 10386
f 10412 10400 10371
f 10412 10371 10370
f 10413 10390 10373
f 10413 10373 10372
f 10092 10086 10414
f 10092 10414 10126
f 10077 10096 10113
f 10077 10113 10415
f 10065 10122 10121
f 10065 10121 10062
f 10415 10119 10078
f 10415 10078 10077
f 10416 10414 10120
f 10416 10120 10417
f 10418 10415 10113
f 10418 10113 10419
f 10086 10083 10120
f 10086 10120 10414
f 10420 9989 10000
f 10420 10000 10421
f 10422 9045 9044
f 10422 9044 10014
f 8772 10423 10029
f 8772 10029 8763
f 9045 8772 8771
f 9045 8771 9980
f 8772 9045 10422
f 8772 10422 10423
f 9989 10420 10424
f 9989 10424 9990
f 10124 10425 9990
f 10124 9990 10424
f 9322 9049 9048
f 9322 9048 9981
f 10414 10416 10426
f 10414 10426 10126
f 9049 9322 10066
f 9049 10066 10114
f 10126 10056 10425
f 10126 10425 10124
f 10123 10420 10421
f 10123 10421 10427
f 10076 10123 10427
f 10076 10427 10081
f 10425 9599 9598
f 10425 9598 9990
f 9326 9599 10425
f 9326 10425 10056
f 9599 9326 9325
f 9599 9325 9982
f 10420 10123 10124
f 10420 10124 10424
f 10428 10429 10069
f 10428 10069 10068
f 10430 10406 10411
f 10430 10411 10431
f 10432 10407 10406
f 10432 10406 10430
f 9870 9873 10433
f 9870 10433 10434
f 10435 10436 9944
f 10435 9944 9951
f 10437 10438 9915
f 10437 9915 9867
f 9912 9915 10438
f 9912 10438 10439
f 10440 10441 9950
f 10440 9950 9945
f 10436 10440 9945
f 10436 9945 9944
f 10439 10435 9951
f 10439 9951 9912
f 10441 10442 9949
f 10441 9949 9950
f 9867 9870 10434
f 9867 10434 10437
f 10442 10433 9873
f 10442 9873 9949
f 10443 10444 10442
f 10443 10442 10441
f 10444 10445 10433
f 10444 10433 10442
f 10437 10434 10446
f 10437 10446 10447
f 10448 10449 10436
f 10448 10436 10435
f 10434 10433 10445
f 10434 10445 10446
f 10447 10450 10438
f 10447 10438 10437
f 10439 10438 10450
f 10439 10450 10451
f 10451 10448 10435
f 10451 10435 10439
f 10452 10443 10441
f 10452 10441 10440
f 10449 10452 10440
f 10449 10440 10436
f 10453 10454 10443
f 10453 10443 10452
f 10455 10453 10452
f 10455 10452 10449
f 10454 10456 10444
f 10454 10444 10443
f 10456 10457 10445
f 10456 10445 10444
f 10447 10446 10458
f 10447 10458 10459
f 10460 10455 10449
f 10460 10449 10448
f 10446 10445 10457
f 10446 10457 10458
f 10459 10461 10450
f 10459 10450 10447
f 10451 10450 10461
f 10451 10461 10462
f 10462 10460 10448
f 10462 10448 10451
f 10463 10464 10461
f 10463 10461 10459
f 10462 10461 10464
f 10462 10464 10465
f 10465 10466 10460
f 10465 10460 10462
f 10467 10468 10454
f 10467 10454 10453
f 10469 10467 10453
f 10469 10453 10455
f 10468 10470 10456
f 10468 10456 10454
f 10470 10471 10457
f 10470 10457 10456
f 10459 10458 10472
f 10459 10472 10463
f 10466 10469 10455
f 10466 10455 10460
f 10458 10457 10471
f 10458 10471 10472
f 10463 10472 10473
f 10463 10473 10474
f 10475 10476 10469
f 10475 10469 10466
f 10472 10471 10477
f 10472 10477 10473
f 10474 10478 10464
f 10474 10464 10463
f 10465 10464 10478
f 10465 10478 10479
f 10479 10475 10466
f 10479 10466 10465
f 10480 10481 10468
f 10480 10468 10467
f 10476 10480 10467
f 10476 10467 10469
f 10481 10482 10470
f 10481 10470 10468
f 10482 10477 10471
f 10482 10471 10470
f 10483 10484 10482
f 10483 10482 10481
f 10484 10485 10477
f 10484 10477 10482
f 10474 10473 10486
f 10474 10486 10487
f 10488 10489 10476
f 10488 10476 10475
f 10473 10477 10485
f 10473 10485 10486
f 10487 10490 10478
f 10487 10478 10474
f 10479 10478 10490
f 10479 10490 10491
f 10491 10488 10475
f 10491 10475 10479
f 10492 10483 10481
f 10492 10481 10480
f 10489 10492 10480
f 10489 10480 10476
f 10493 10485 10484
f 10493 10484 10494
f 10495 10486 10485
f 10495 10485 10493
f 10496 10497 10498
f 10496 10498 10499
f 10497 10500 10501
f 10497 10501 10498
f 10500 10502 10503
f 10500 10503 10501
f 10499 10498 10504
f 10499 10504 10505
f 10505 10504 10506
f 10505 10506 10507
f 10507 10506 10508
f 10507 10508 10509
f 10510 10511 10512
f 10510 10512 10513
f 10509 10508 10514
f 10509 10514 10515
f 10515 10514 10516
f 10515 10516 10517
f 10518 10516 10519
f 10518 10519 10520
f 10521 10517 10516
f 10521 10516 10518
f 8806 10130 9980
f 8806 9980 8771
f 9083 10133 9981
f 9083 9981 9048
f 10127 10129 10130
f 10127 10130 8806
f 10129 10127 10026
f 10129 10026 10012
f 10012 10026 10027
f 10012 10027 10011
f 10046 10042 10011
f 10046 10011 10027
f 10058 10522 10496
f 10058 10496 10059
f 10051 10050 10059
f 10051 10059 10070
f 10523 10487 10486
f 10523 10486 10495
f 10128 10132 10133
f 10128 10133 9083
f 10132 10128 9985
f 10132 9985 10022
f 9360 10135 9982
f 9360 9982 9325
f 10131 10134 10135
f 10131 10135 9360
f 10134 10131 10006
f 10134 10006 10018
f 10018 10006 10009
f 10018 10009 10017
f 10043 10036 10017
f 10043 10017 10009
f 10428 10524 10035
f 10428 10035 10061
f 10429 10428 10061
f 10429 10061 10072
f 10068 10044 10524
f 10068 10524 10428
f 10030 10032 10035
f 10030 10035 10524
f 9988 10021 10022
f 9988 10022 9985
f 10055 10054 10040
f 10055 10040 10039
f 10116 10094 10093
f 10116 10093 10525
f 10092 10075 10074
f 10092 10074 10091
f 10122 10526 10527
f 10122 10527 10112
f 10122 10065 10528
f 10122 10528 10526
f 10415 10418 10529
f 10415 10529 10119
f 10081 10427 10038
f 10081 10038 10041
f 10530 10490 10487
f 10530 10487 10523
f 10531 10090 10094
f 10531 10094 10532
f 10533 10534 10098
f 10533 10098 10097
f 10117 10532 10094
f 10117 10094 10116
f 10525 10535 10105
f 10525 10105 10116
f 10534 10536 10109
f 10534 10109 10098
f 10118 10537 10102
f 10118 10102 10101
f 10535 10115 10106
f 10535 10106 10105
f 10104 10533 10097
f 10104 10097 10101
f 10537 10107 10106
f 10537 10106 10102
f 10040 10054 10538
f 10040 10538 10539
f 10514 10540 10519
f 10514 10519 10516
f 10053 10067 10538
f 10053 10538 10054
f 10508 10541 10540
f 10508 10540 10514
f 10542 10491 10490
f 10542 10490 10530
f 10491 10542 10543
f 10491 10543 10488
f 10544 10489 10488
f 10544 10488 10543
f 10545 10492 10489
f 10545 10489 10544
f 10492 10545 10546
f 10492 10546 10483
f 10109 10536 10512
f 10109 10512 10511
f 10547 10548 10549
f 10547 10549 10550
f 10548 10547 10551
f 10548 10551 10552
f 10082 10081 10041
f 10082 10041 10553
f 10554 10510 10513
f 10554 10513 10555
f 10432 10556 10557
f 10432 10557 10558
f 10558 10557 10559
f 10558 10559 10560
f 10560 10559 10561
f 10560 10561 10562
f 10562 10561 10563
f 10562 10563 10564
f 10564 10563 10565
f 10564 10565 10566
f 10567 10568 10378
f 10567 10378 10392
f 10569 10362 10378
f 10569 10378 10568
f 10570 10331 10347
f 10570 10347 10571
f 10572 8324 7691
f 10572 7691 10573
f 10573 7691 7690
f 10573 7690 10574
f 10574 7690 7689
f 10574 7689 10575
f 10575 7689 7688
f 10575 7688 10576
f 10576 7688 7824
f 10576 7824 10577
f 10577 7824 7684
f 10577 7684 10578
f 10578 7684 7687
f 10578 7687 10579
f 10580 7681 7669
f 10580 7669 10579
f 10580 7696 7553
f 10580 7553 10581
f 10582 7666 7668
f 10582 7668 10581
f 10582 7554 7682
f 10582 7682 10583
f 10584 7819 7667
f 10584 7667 10583
f 282 355 7121
f 282 7121 7055
f 10585 7071 7055
f 10585 7055 7121
f 10586 7182 7482
f 10586 7482 10587
f 10588 7159 7182
f 10588 7182 10586
f 10589 7215 7158
f 10589 7158 10590
f 10591 7216 7215
f 10591 7215 10589
f 10592 7232 7216
f 10592 7216 10591
f 10592 7206 7209
f 10592 7209 10593
f 10594 7219 7234
f 10594 7234 10593
f 10595 7220 7219
f 10595 7219 10594
f 10596 7314 7220
f 10596 7220 10595
f 10596 7309 7337
f 10596 7337 10597
f 10598 7347 7329
f 10598 7329 10597
f 10599 7364 7347
f 10599 7347 10598
f 10599 7357 7381
f 10599 7381 10600
f 10600 7381 7401
f 10600 7401 10601
f 10602 7410 7393
f 10602 7393 10601
f 10603 7426 7410
f 10603 7410 10602
f 10603 7420 7443
f 10603 7443 10604
f 10604 7443 7451
f 10604 7451 10605
f 10605 7451 7467
f 10605 7467 10606
f 10607 7462 7456
f 10607 7456 10606
f 10607 7466 7450
f 10607 7450 10608
f 10608 7450 7442
f 10608 7442 10609
f 10610 7428 7438
f 10610 7438 10609
f 10610 7419 7403
f 10610 7403 10611
f 10612 7396 7412
f 10612 7412 10611
f 10613 7371 7396
f 10613 7396 10612
f 10613 7380 7356
f 10613 7356 10614
f 10614 7356 7339
f 10614 7339 10615
f 10616 7332 7349
f 10616 7349 10615
f 10617 7311 7332
f 10617 7332 10616
f 10617 7308 7211
f 10617 7211 10618
f 10619 7224 7226
f 10619 7226 10618
f 10620 7225 7224
f 10620 7224 10619
f 10621 7223 7225
f 10621 7225 10620
f 10621 7205 7201
f 10621 7201 10622
f 10623 7221 7222
f 10623 7222 10622
f 10623 7204 7228
f 10623 7228 10624
f 10625 7227 7478
f 10625 7478 10626
f 10626 7478 7477
f 10626 7477 10627
f 7123 7071 10585
f 7123 10585 10628
f 7123 10628 10629
f 7123 10629 7124
f 10630 8383 8324
f 10630 8324 10572
f 10630 8387 8344
f 10630 8344 10631
f 10632 8234 8233
f 10632 8233 10631
f 10633 8235 8234
f 10633 8234 10632
f 10634 8236 8235
f 10634 8235 10633
f 10635 8237 8236
f 10635 8236 10634
f 10635 8251 8253
f 10635 8253 10636
f 10637 8239 8238
f 10637 8238 10636
f 10637 8254 8257
f 10637 8257 10638
f 10638 8257 8259
f 10638 8259 10639
f 10640 8242 8241
f 10640 8241 10639
f 10640 8261 8263
f 10640 8263 10641
f 10641 8263 8558
f 10641 8558 10642
f 10642 8558 8574
f 10642 8574 10643
f 10644 8596 8565
f 10644 8565 10643
f 10644 8589 8605
f 10644 8605 10645
f 10645 8605 10144
f 10645 10144 10646
f 10566 10565 10647
f 10566 10647 10648
f 10648 10647 10649
f 10648 10649 10650
f 8348 10572 10573
f 8348 10573 7675
f 7675 10573 10574
f 7675 10574 7674
f 7674 10574 10575
f 7674 10575 7676
f 7676 10575 10576
f 7676 10576 7544
f 7544 10576 10577
f 7544 10577 7545
f 7545 10577 10578
f 7545 10578 7672
f 7672 10578 10579
f 7672 10579 7669
f 7696 10580 10579
f 7696 10579 7687
f 7681 10580 10581
f 7681 10581 7668
f 7554 10582 10581
f 7554 10581 7553
f 7666 10582 10583
f 7666 10583 7667
f 10651 7077 7122
f 10651 7122 10652
f 10653 7125 7124
f 10653 7124 10629
f 10653 10654 7126
f 10653 7126 7125
f 7479 10586 10587
f 7479 10587 7480
f 7230 10588 10586
f 7230 10586 7479
f 7203 10589 10590
f 7203 10590 7229
f 7202 10591 10589
f 7202 10589 7203
f 7206 10592 10591
f 7206 10591 7202
f 7232 10592 10593
f 7232 10593 7234
f 7208 10594 10593
f 7208 10593 7209
f 7212 10595 10594
f 7212 10594 7208
f 7309 10596 10595
f 7309 10595 7212
f 7314 10596 10597
f 7314 10597 7329
f 7340 10598 10597
f 7340 10597 7337
f 7357 10599 10598
f 7357 10598 7340
f 7364 10599 10600
f 7364 10600 7387
f 7387 10600 10601
f 7387 10601 7393
f 7404 10602 10601
f 7404 10601 7401
f 7420 10603 10602
f 7420 10602 7404
f 7426 10603 10604
f 7426 10604 7435
f 7435 10604 10605
f 7435 10605 7455
f 7455 10605 10606
f 7455 10606 7456
f 7466 10607 10606
f 7466 10606 7467
f 7462 10607 10608
f 7462 10608 7445
f 7445 10608 10609
f 7445 10609 7438
f 7419 10610 10609
f 7419 10609 7442
f 7428 10610 10611
f 7428 10611 7412
f 7400 10612 10611
f 7400 10611 7403
f 7380 10613 10612
f 7380 10612 7400
f 7371 10613 10614
f 7371 10614 7366
f 7366 10614 10615
f 7366 10615 7349
f 7336 10616 10615
f 7336 10615 7339
f 7308 10617 10616
f 7308 10616 7336
f 7311 10617 10618
f 7311 10618 7226
f 7207 10619 10618
f 7207 10618 7211
f 7210 10620 10619
f 7210 10619 7207
f 7205 10621 10620
f 7205 10620 7210
f 7223 10621 10622
f 7223 10622 7222
f 7204 10623 10622
f 7204 10622 7201
f 7221 10623 10624
f 7221 10624 7185
f 7152 10625 10626
f 7152 10626 7153
f 7153 10626 10627
f 7153 10627 10655
f 10656 7128 7126
f 10656 7126 10654
f 10657 10658 10659
f 10657 10659 10660
f 10660 10659 10661
f 10660 10661 10662
f 10662 10661 10663
f 10662 10663 10664
f 10665 10666 10667
f 10665 10667 10668
f 10668 10667 10669
f 10668 10669 10670
f 10670 10669 10671
f 10670 10671 10672
f 10672 10671 10673
f 10672 10673 10674
f 10674 10673 10675
f 10674 10675 10676
f 8387 10630 10572
f 8387 10572 8348
f 8383 10630 10631
f 8383 10631 8233
f 8244 10632 10631
f 8244 10631 8344
f 8247 10633 10632
f 8247 10632 8244
f 8249 10634 10633
f 8249 10633 8247
f 8251 10635 10634
f 8251 10634 8249
f 8237 10635 10636
f 8237 10636 8238
f 8254 10637 10636
f 8254 10636 8253
f 8239 10637 10638
f 8239 10638 8240
f 8240 10638 10639
f 8240 10639 8241
f 8261 10640 10639
f 8261 10639 8259
f 8242 10640 10641
f 8242 10641 8243
f 8243 10641 10642
f 8243 10642 8553
f 8553 10642 10643
f 8553 10643 8565
f 8589 10644 10643
f 8589 10643 8574
f 8596 10644 10645
f 8596 10645 8614
f 8614 10645 10646
f 8614 10646 10153
f 10533 10556 10677
f 10533 10677 10534
f 10104 10557 10556
f 10104 10556 10533
f 10557 10104 10103
f 10557 10103 10559
f 10559 10103 10115
f 10559 10115 10561
f 10535 10563 10561
f 10535 10561 10115
f 10362 10569 10571
f 10362 10571 10347
f 10525 10565 10563
f 10525 10563 10535
f 10565 10525 10093
f 10565 10093 10647
f 10678 10399 10398
f 10678 10398 10650
f 10410 10567 10679
f 10410 10679 10411
f 10369 10569 10568
f 10369 10568 10387
f 8425 8424 10680
f 8425 10680 10681
f 8434 8425 10681
f 8434 10681 10682
f 8441 8434 10682
f 8441 10682 10683
f 8448 8441 10683
f 8448 10683 10684
f 8455 8448 10684
f 8455 10684 10685
f 1791 8455 10685
f 1791 10685 4028
f 8537 8477 10686
f 8537 10686 10687
f 8477 8465 10688
f 8477 10688 10686
f 8465 8464 10689
f 8465 10689 10688
f 8464 8538 10690
f 8464 10690 10689
f 8538 8539 10691
f 8538 10691 10690
f 8542 8537 10687
f 8542 10687 10692
f 8539 8550 10693
f 8539 10693 10691
f 8550 8575 10694
f 8550 10694 10693
f 8575 8590 10695
f 8575 10695 10694
f 8590 8606 10696
f 8590 10696 10695
f 10146 10697 10696
f 10146 10696 8606
f 10171 10698 10697
f 10171 10697 10146
f 10189 10699 10698
f 10189 10698 10171
f 10205 10700 10699
f 10205 10699 10189
f 10225 10701 10700
f 10225 10700 10205
f 10241 10702 10701
f 10241 10701 10225
f 10256 10703 10702
f 10256 10702 10241
f 10272 10704 10703
f 10272 10703 10256
f 10287 10705 10704
f 10287 10704 10272
f 10299 10706 10705
f 10299 10705 10287
f 10333 10707 10706
f 10333 10706 10299
f 10349 10708 10707
f 10349 10707 10333
f 10364 10709 10708
f 10364 10708 10349
f 10380 10710 10709
f 10380 10709 10364
f 10396 10711 10710
f 10396 10710 10380
f 10712 10713 10399
f 10712 10399 10678
f 10089 10649 10647
f 10089 10647 10093
f 10426 9983 10056
f 10426 10056 10126
f 10524 10044 10031
f 10524 10031 10030
f 10714 10048 10047
f 10714 10047 9996
f 10416 9984 9983
f 10416 9983 10426
f 9984 10416 10417
f 9984 10417 10028
f 9988 9987 10033
f 9988 10033 10032
f 10120 10066 10028
f 10120 10028 10417
f 10055 10039 10037
f 10055 10037 10036
f 9996 10047 10015
f 9996 10015 9997
f 10066 10120 10119
f 10066 10119 10114
f 10529 10023 10114
f 10529 10114 10119
f 10418 10013 10023
f 10418 10023 10529
f 10013 10418 10419
f 10013 10419 10014
f 10052 10034 10033
f 10052 10033 10042
f 10009 10008 10031
f 10009 10031 10043
f 9991 10037 10039
f 9991 10039 9992
f 10113 10422 10014
f 10113 10014 10419
f 10027 10015 10047
f 10027 10047 10046
f 10422 10113 10112
f 10422 10112 10423
f 10527 10029 10423
f 10527 10423 10112
f 10526 10024 10029
f 10526 10029 10527
f 9991 10005 10004
f 9991 10004 10037
f 10024 10526 10528
f 10024 10528 9994
f 10065 9995 9994
f 10065 9994 10528
f 9995 10065 10064
f 9995 10064 10010
f 10063 10715 10716
f 10063 10716 10064
f 10714 10716 10715
f 10714 10715 10717
f 9992 10039 10038
f 9992 10038 10025
f 10427 10001 10025
f 10427 10025 10038
f 10001 10427 10421
f 10001 10421 10000
f 10010 10064 10716
f 10010 10716 10020
f 10049 10052 10042
f 10049 10042 10046
f 10045 10055 10036
f 10045 10036 10043
f 10021 9988 10032
f 10021 10032 10030
f 10483 10546 10494
f 10483 10494 10484
f 10718 10544 10543
f 10718 10543 10719
f 10720 10545 10544
f 10720 10544 10718
f 10121 10111 10125
f 10121 10125 10721
f 10511 10722 10110
f 10511 10110 10109
f 10088 10723 10649
f 10088 10649 10089
f 10510 10546 10545
f 10510 10545 10720
f 10088 10550 10724
f 10088 10724 10723
f 10725 10062 10121
f 10725 10121 10721
f 10721 10110 10722
f 10721 10722 10725
f 10722 10720 10718
f 10722 10718 10725
f 10062 10725 10718
f 10062 10718 10063
f 10125 10099 10110
f 10125 10110 10721
f 10095 10100 10099
f 10095 10099 10125
f 10518 10548 10552
f 10518 10552 10521
f 10548 10518 10520
f 10548 10520 10549
f 10726 10727 10724
f 10726 10724 10550
f 10728 10729 10727
f 10728 10727 10726
f 10730 10731 10729
f 10730 10729 10728
f 10732 10733 10731
f 10732 10731 10730
f 10734 10735 10733
f 10734 10733 10732
f 10555 10736 10735
f 10555 10735 10734
f 10513 10737 10736
f 10513 10736 10555
f 10512 10738 10737
f 10512 10737 10513
f 10726 10550 10549
f 10726 10549 10739
f 10503 10502 10554
f 10503 10554 10555
f 10728 10726 10739
f 10728 10739 10740
f 10549 10520 10519
f 10549 10519 10739
f 10506 10741 10541
f 10506 10541 10508
f 10741 10506 10504
f 10741 10504 10742
f 10540 10740 10739
f 10540 10739 10519
f 10740 10540 10541
f 10740 10541 10743
f 10743 10541 10741
f 10743 10741 10744
f 10744 10741 10742
f 10744 10742 10745
f 10730 10728 10740
f 10730 10740 10743
f 10744 10732 10730
f 10744 10730 10743
f 10732 10744 10745
f 10732 10745 10734
f 10504 10498 10501
f 10504 10501 10742
f 10742 10501 10503
f 10742 10503 10745
f 10503 10555 10734
f 10503 10734 10745
f 10041 10040 10539
f 10041 10539 10553
f 10080 10118 10100
f 10080 10100 10095
f 10118 10080 10079
f 10118 10079 10537
f 10537 10079 10084
f 10537 10084 10107
f 10085 10108 10107
f 10085 10107 10084
f 10091 10117 10108
f 10091 10108 10085
f 10074 10532 10117
f 10074 10117 10091
f 10073 10531 10532
f 10073 10532 10074
f 10539 10552 10551
f 10539 10551 10553
f 10552 10539 10538
f 10552 10538 10521
f 10067 10517 10521
f 10067 10521 10538
f 10517 10067 10069
f 10517 10069 10515
f 10429 10509 10515
f 10429 10515 10069
f 10509 10429 10072
f 10509 10072 10507
f 10507 10072 10071
f 10507 10071 10505
f 10070 10499 10505
f 10070 10505 10071
f 10499 10070 10059
f 10499 10059 10496
f 10714 9996 10020
f 10714 10020 10716
f 10057 10717 10715
f 10057 10715 10058
f 10714 10717 10057
f 10714 10057 10048
f 10063 10718 10719
f 10063 10719 10715
f 10681 10680 8427
f 10681 8427 8426
f 10682 10681 8426
f 10682 8426 8435
f 10683 10682 8435
f 10683 8435 8442
f 10684 10683 8442
f 10684 8442 8449
f 10685 10684 8449
f 10685 8449 8456
f 4028 10685 8456
f 4028 8456 1792
f 10687 10686 8482
f 10687 8482 8481
f 10686 10688 8493
f 10686 8493 8482
f 10688 10689 8503
f 10688 8503 8493
f 10689 10690 8518
f 10689 8518 8503
f 10690 10691 8528
f 10690 8528 8518
f 10692 10687 8481
f 10692 8481 8540
f 10691 10693 8559
f 10691 8559 8528
f 10693 10694 8577
f 10693 8577 8559
f 10694 10695 8592
f 10694 8592 8577
f 10695 10696 8608
f 10695 8608 8592
f 10547 10550 10088
f 10547 10088 10087
f 10697 10147 8608
f 10697 8608 10696
f 10698 10158 10147
f 10698 10147 10697
f 10699 10172 10158
f 10699 10158 10698
f 10700 10206 10172
f 10700 10172 10699
f 10701 10208 10206
f 10701 10206 10700
f 10702 10242 10208
f 10702 10208 10701
f 10703 10257 10242
f 10703 10242 10702
f 10704 10273 10257
f 10704 10257 10703
f 10705 10289 10273
f 10705 10273 10704
f 10706 10303 10289
f 10706 10289 10705
f 10707 10316 10303
f 10707 10303 10706
f 10708 10350 10316
f 10708 10316 10707
f 10709 10365 10350
f 10709 10350 10708
f 10710 10381 10365
f 10710 10365 10709
f 10711 10402 10381
f 10711 10381 10710
f 10536 10746 10738
f 10536 10738 10512
f 10534 10677 10746
f 10534 10746 10536
f 10553 10551 10747
f 10553 10747 10082
f 10547 10087 10747
f 10547 10747 10551
f 10531 10073 10082
f 10531 10082 10747
f 10087 10090 10531
f 10087 10531 10747
f 10748 10285 10315
f 10748 10315 10749
f 10748 10295 10279
f 10748 10279 10750
f 10751 10254 10270
f 10751 10270 10750
f 10751 10261 10230
f 10751 10230 10752
f 10753 10223 10239
f 10753 10239 10752
f 10754 10203 10223
f 10754 10223 10753
f 10755 10187 10203
f 10755 10203 10754
f 10756 10170 10187
f 10756 10187 10755
f 10295 10748 10749
f 10295 10749 10311
f 10285 10748 10750
f 10285 10750 10270
f 10261 10751 10750
f 10261 10750 10279
f 10254 10751 10752
f 10254 10752 10239
f 10216 10753 10752
f 10216 10752 10230
f 10194 10754 10753
f 10194 10753 10216
f 10180 10755 10754
f 10180 10754 10194
f 10166 10756 10755
f 10166 10755 10180
f 10749 10315 10331
f 10749 10331 10570
f 10569 10369 10338
f 10569 10338 10571
f 10646 10144 10170
f 10646 10170 10756
f 10311 10749 10570
f 10311 10570 10324
f 10153 10646 10756
f 10153 10756 10166
f 10324 10570 10571
f 10324 10571 10338
f 10720 10722 10511
f 10720 10511 10510
f 10542 10522 10719
f 10542 10719 10543
f 10522 10542 10530
f 10522 10530 10496
f 10496 10530 10523
f 10496 10523 10497
f 10497 10523 10495
f 10497 10495 10500
f 10500 10495 10493
f 10500 10493 10502
f 10502 10493 10494
f 10502 10494 10554
f 10554 10494 10546
f 10554 10546 10510
f 10757 10679 10395
f 10757 10395 10758
f 10758 10395 10394
f 10758 10394 10759
f 10759 10394 10401
f 10759 10401 10760
f 10761 10733 10735
f 10761 10735 10760
f 10762 10731 10733
f 10762 10733 10761
f 10763 10729 10731
f 10763 10731 10762
f 10764 10727 10729
f 10764 10729 10763
f 10764 10765 10713
f 10764 10713 10712
f 10431 10411 10679
f 10431 10679 10757
f 10766 10767 10389
f 10766 10389 10388
f 10768 10769 10391
f 10768 10391 10390
f 10378 10377 10393
f 10378 10393 10392
f 10380 10379 10397
f 10380 10397 10396
f 10769 10398 10397
f 10769 10397 10391
f 10377 10371 10400
f 10377 10400 10393
f 10765 10770 10403
f 10765 10403 10402
f 10407 10766 10388
f 10407 10388 10404
f 10383 10384 10405
f 10383 10405 10404
f 10770 10771 10408
f 10770 10408 10403
f 10767 10772 10409
f 10767 10409 10389
f 10384 10387 10410
f 10384 10410 10405
f 10771 10773 10412
f 10771 10412 10408
f 10772 10774 10413
f 10772 10413 10409
f 10773 10401 10400
f 10773 10400 10412
f 10774 10768 10390
f 10774 10390 10413
f 10679 10567 10392
f 10679 10392 10395
f 10387 10568 10567
f 10387 10567 10410
f 10399 10713 10711
f 10399 10711 10396
f 10713 10765 10402
f 10713 10402 10711
f 10724 10712 10678
f 10724 10678 10723
f 10407 10432 10558
f 10407 10558 10766
f 10771 10762 10761
f 10771 10761 10773
f 10556 10432 10430
f 10556 10430 10677
f 10736 10759 10760
f 10736 10760 10735
f 10677 10430 10431
f 10677 10431 10746
f 10769 10648 10650
f 10769 10650 10398
f 10746 10431 10757
f 10746 10757 10738
f 10772 10562 10564
f 10772 10564 10774
f 10768 10566 10648
f 10768 10648 10769
f 10737 10758 10759
f 10737 10759 10736
f 10765 10764 10763
f 10765 10763 10770
f 10767 10560 10562
f 10767 10562 10772
f 10774 10564 10566
f 10774 10566 10768
f 10727 10764 10712
f 10727 10712 10724
f 10773 10761 10760
f 10773 10760 10401
f 10766 10558 10560
f 10766 10560 10767
f 10723 10678 10650
f 10723 10650 10649
f 10770 10763 10762
f 10770 10762 10771
f 10738 10757 10758
f 10738 10758 10737
f 10715 10719 10522
f 10715 10522 10058
f 8447 8440 10775
f 8447 10775 10776
f 8474 8473 10777
f 8474 10777 10778
f 8440 8433 10779
f 8440 10779 10775
f 8320 8319 8748
f 8320 8748 10780
f 8487 8541 10781
f 8487 10781 10782
f 8321 8320 10780
f 8321 10780 10783
f 8473 8487 10782
f 8473 10782 10777
f 8433 8423 10784
f 8433 10784 10779
f 8541 8321 10783
f 8541 10783 10781
f 1790 8454 10785
f 1790 10785 4128
f 8423 8422 10786
f 8423 10786 10784
f 8454 8447 10776
f 8454 10776 10785
f 10785 10776 10787
f 10785 10787 10788
f 10783 10780 10789
f 10783 10789 10790
f 4128 10785 10788
f 4128 10788 4135
f 10784 10786 10791
f 10784 10791 10792
f 10778 10777 10793
f 10778 10793 10794
f 10779 10784 10792
f 10779 10792 10795
f 10777 10782 10796
f 10777 10796 10793
f 10775 10779 10795
f 10775 10795 10797
f 10782 10781 10798
f 10782 10798 10796
f 10776 10775 10797
f 10776 10797 10787
f 10780 8748 10799
f 10780 10799 10789
f 10781 10783 10790
f 10781 10790 10798
f 10798 10790 10800
f 10798 10800 10801
f 10788 10787 10802
f 10788 10802 10803
f 10790 10789 10804
f 10790 10804 10800
f 4135 10788 10803
f 4135 10803 4150
f 10792 10791 10805
f 10792 10805 10806
f 10794 10793 10807
f 10794 10807 10808
f 10795 10792 10806
f 10795 10806 10809
f 10793 10796 10810
f 10793 10810 10807
f 10797 10795 10809
f 10797 10809 10811
f 10796 10798 10801
f 10796 10801 10810
f 10787 10797 10811
f 10787 10811 10802
f 10789 10799 10812
f 10789 10812 10804
f 10801 10800 10813
f 10801 10813 10814
f 10803 10802 10815
f 10803 10815 10816
f 10800 10804 10817
f 10800 10817 10813
f 4150 10803 10816
f 4150 10816 4164
f 10806 10805 10818
f 10806 10818 10819
f 10808 10807 10820
f 10808 10820 10821
f 10809 10806 10819
f 10809 10819 10822
f 10807 10810 10823
f 10807 10823 10820
f 10811 10809 10822
f 10811 10822 10824
f 10810 10801 10814
f 10810 10814 10823
f 10802 10811 10824
f 10802 10824 10815
f 10804 10812 10825
f 10804 10825 10817
f 10814 10813 10826
f 10814 10826 10827
f 10816 10815 10828
f 10816 10828 10829
f 10813 10817 10830
f 10813 10830 10826
f 4164 10816 10829
f 4164 10829 4178
f 10819 10818 10831
f 10819 10831 10832
f 10821 10820 10833
f 10821 10833 10834
f 10822 10819 10832
f 10822 10832 10835
f 10820 10823 10836
f 10820 10836 10833
f 10824 10822 10835
f 10824 10835 10837
f 10823 10814 10827
f 10823 10827 10836
f 10815 10824 10837
f 10815 10837 10828
f 10817 10825 10838
f 10817 10838 10830
f 10827 10826 10839
f 10827 10839 10840
f 10829 10828 10841
f 10829 10841 10842
f 10826 10830 10843
f 10826 10843 10839
f 4178 10829 10842
f 4178 10842 4192
f 10832 10831 10844
f 10832 10844 10845
f 10834 10833 10846
f 10834 10846 10847
f 10835 10832 10845
f 10835 10845 10848
f 10833 10836 10849
f 10833 10849 10846
f 10837 10835 10848
f 10837 10848 10850
f 10836 10827 10840
f 10836 10840 10849
f 10828 10837 10850
f 10828 10850 10841
f 10830 10838 10851
f 10830 10851 10843
f 10843 10851 10852
f 10843 10852 10853
f 10840 10839 10854
f 10840 10854 10855
f 10842 10841 10856
f 10842 10856 10857
f 10839 10843 10853
f 10839 10853 10854
f 10845 10844 10858
f 10845 10858 10859
f 10847 10846 10860
f 10847 10860 10861
f 10848 10845 10859
f 10848 10859 10862
f 10846 10849 10863
f 10846 10863 10860
f 10850 10848 10862
f 10850 10862 10864
f 10849 10840 10855
f 10849 10855 10863
f 10841 10850 10864
f 10841 10864 10856
f 10856 10864 10865
f 10856 10865 10866
f 10853 10852 10867
f 10853 10867 10868
f 10855 10854 10869
f 10855 10869 10870
f 10857 10856 10866
f 10857 10866 10871
f 10854 10853 10868
f 10854 10868 10869
f 4207 10857 10871
f 4207 10871 4222
f 10859 10858 10872
f 10859 10872 10873
f 10861 10860 10874
f 10861 10874 10875
f 10862 10859 10873
f 10862 10873 10876
f 10860 10863 10877
f 10860 10877 10874
f 10864 10862 10876
f 10864 10876 10865
f 10863 10855 10870
f 10863 10870 10877
f 10878 10879 10880
f 10878 10880 10881
f 10866 10865 10882
f 10866 10882 10883
f 10884 10885 10886
f 10884 10886 10887
f 10879 10888 10889
f 10879 10889 10880
f 10871 10866 10883
f 10871 10883 10890
f 10888 10884 10887
f 10888 10887 10889
f 4222 10871 10890
f 4222 10890 4242
f 10873 10872 10891
f 10873 10891 10892
f 10876 10873 10892
f 10876 10892 10893
f 10865 10876 10893
f 10865 10893 10882
f 10881 10880 10894
f 10881 10894 10895
f 10896 10897 10898
f 10896 10898 10899
f 10887 10886 10900
f 10887 10900 10901
f 10880 10889 10902
f 10880 10902 10894
f 10903 10896 10899
f 10903 10899 10904
f 10889 10887 10901
f 10889 10901 10902
f 4257 10903 10904
f 4257 10904 4258
f 8415 8461 8417
f 8415 8417 8406
f 10905 10906 10907
f 10905 10907 10908
f 10909 10905 10908
f 10909 10908 10910
f 10897 10909 10910
f 10897 10910 10898
f 8747 8318 8317
f 8747 8317 8741
f 8738 10911 8747
f 8738 8747 8741
f 8748 8747 10911
f 8748 10911 10799
f 10799 10911 10912
f 10799 10912 10812
f 8734 10912 10911
f 8734 10911 8738
f 10913 10914 10915
f 10913 10915 10916
f 10851 10917 10913
f 10851 10913 10852
f 10913 10917 10918
f 10913 10918 10914
f 10838 10919 10917
f 10838 10917 10851
f 10920 10921 10922
f 10920 10922 10923
f 10917 10919 10924
f 10917 10924 10918
f 10921 4280 4279
f 10921 4279 10922
f 8730 8729 10925
f 8730 10925 10926
f 10927 10920 10923
f 10927 10923 10928
f 10825 10929 10919
f 10825 10919 10838
f 10930 10931 10932
f 10930 10932 10933
f 10926 10925 10934
f 10926 10934 10935
f 10919 10929 8732
f 10919 8732 10924
f 10931 4293 4292
f 10931 4292 10932
f 10936 10930 10933
f 10936 10933 10937
f 10938 10939 10931
f 10938 10931 10930
f 10939 4298 4293
f 10939 4293 10931
f 10940 10938 10930
f 10940 10930 10936
f 10935 10934 10941
f 10935 10941 10942
f 10812 10912 10929
f 10812 10929 10825
f 10943 10944 10938
f 10943 10938 10940
f 10945 4305 4298
f 10945 4298 10939
f 10944 10945 10939
f 10944 10939 10938
f 10942 10941 10946
f 10942 10946 10947
f 8732 10929 10912
f 8732 10912 8734
f 8742 8739 10944
f 8742 10944 10943
f 8739 8746 10945
f 8739 10945 10944
f 10948 10949 10950
f 10948 10950 10951
f 8730 10926 10924
f 8730 10924 8732
f 10935 10918 10924
f 10935 10924 10926
f 10942 10914 10918
f 10942 10918 10935
f 10942 10947 10915
f 10942 10915 10914
f 10948 10951 10952
f 10948 10952 10953
f 10852 10913 10916
f 10852 10916 10867
f 10954 10953 10952
f 10954 10952 10955
f 10885 10954 10955
f 10885 10955 10886
f 8742 10943 10925
f 8742 10925 8729
f 10925 10943 10940
f 10925 10940 10934
f 10936 10941 10934
f 10936 10934 10940
f 10937 10946 10941
f 10937 10941 10936
f 10927 10949 10946
f 10927 10946 10937
f 10956 10874 10877
f 10956 10877 10878
f 10957 10875 10874
f 10957 10874 10956
f 10958 4321 4320
f 10958 4320 10959
f 10960 10958 10959
f 10960 10959 10961
f 10962 10960 10961
f 10962 10961 10963
f 4326 10962 10963
f 4326 10963 4327
f 10961 10959 10964
f 10961 10964 10965
f 10963 10961 10965
f 10963 10965 10966
f 4327 10963 10966
f 4327 10966 4332
f 4329 4333 10965
f 4329 10965 10964
f 10965 4333 4332
f 10965 4332 10966
f 10958 10922 4279
f 10958 4279 4321
f 10950 10928 10967
f 10950 10967 10968
f 10951 10950 10968
f 10951 10968 10969
f 10955 10952 10970
f 10955 10970 10971
f 10952 10951 10969
f 10952 10969 10970
f 10928 10923 10972
f 10928 10972 10967
f 10886 10955 10971
f 10886 10971 10900
f 10922 10958 10972
f 10922 10972 10923
f 10969 10968 10973
f 10969 10973 10974
f 10970 10969 10974
f 10970 10974 10975
f 10895 10894 10976
f 10895 10976 10977
f 10971 10970 10975
f 10971 10975 10978
f 10894 10902 10979
f 10894 10979 10976
f 10968 10967 10980
f 10968 10980 10973
f 10900 10971 10978
f 10900 10978 10981
f 10901 10900 10981
f 10901 10981 10982
f 10902 10901 10982
f 10902 10982 10979
f 10967 10972 10983
f 10967 10983 10980
f 10972 10958 10960
f 10972 10960 10983
f 10877 10870 10879
f 10877 10879 10878
f 10868 10867 10885
f 10868 10885 10884
f 10870 10869 10888
f 10870 10888 10879
f 10869 10868 10884
f 10869 10884 10888
f 10883 10882 10897
f 10883 10897 10896
f 10890 10883 10896
f 10890 10896 10903
f 4242 10890 10903
f 4242 10903 4257
f 10892 10891 10906
f 10892 10906 10905
f 10893 10892 10905
f 10893 10905 10909
f 10882 10893 10909
f 10882 10909 10897
f 10933 10932 10921
f 10933 10921 10920
f 10932 4292 4280
f 10932 4280 10921
f 10937 10933 10920
f 10937 10920 10927
f 10947 10946 10949
f 10947 10949 10948
f 10947 10948 10953
f 10947 10953 10915
f 10916 10915 10953
f 10916 10953 10954
f 10867 10916 10954
f 10867 10954 10885
f 10928 10950 10949
f 10928 10949 10927
f 10984 10956 10878
f 10984 10878 10881
f 10985 10957 10956
f 10985 10956 10984
f 10981 10978 10986
f 10981 10986 10987
f 10975 10974 10988
f 10975 10988 10989
f 10979 10982 10990
f 10979 10990 10991
f 10980 10983 10992
f 10980 10992 10993
f 10983 10960 10962
f 10983 10962 10992
f 10974 10973 10994
f 10974 10994 10988
f 10977 10976 10995
f 10977 10995 10996
f 10978 10975 10989
f 10978 10989 10986
f 10973 10980 10993
f 10973 10993 10994
f 10982 10981 10987
f 10982 10987 10990
f 10976 10979 10991
f 10976 10991 10995
f 4324 4582 4583
f 4324 4583 4326
f 4582 4324 4360
f 4582 4360 4534
f 4534 4360 4359
f 4534 4359 4533
f 4533 4359 4361
f 4533 4361 4531
f 4531 4361 4356
f 4531 4356 4528
f 4528 4356 4355
f 4528 4355 4535
f 4354 4471 4535
f 4354 4535 4355
f 4353 4468 4471
f 4353 4471 4354
f 4468 4353 4358
f 4468 4358 4473
f 4357 4467 4473
f 4357 4473 4358
f 4385 4416 4414
f 4385 4414 4386
f 4467 4357 4363
f 4467 4363 4464
f 10996 10997 10998
f 10996 10998 10977
f 10977 10998 10999
f 10977 10999 10895
f 10895 10999 10984
f 10895 10984 10881
f 10985 10984 10999
f 10985 10999 11000
f 10904 10899 11001
f 10904 11001 11002
f 10908 10907 11003
f 10908 11003 11004
f 10899 10898 11005
f 10899 11005 11001
f 10898 10910 11006
f 10898 11006 11005
f 4258 10904 11002
f 4258 11002 4374
f 10910 10908 11004
f 10910 11004 11006
f 11006 11004 11007
f 11006 11007 11008
f 11002 11001 11009
f 11002 11009 11010
f 11004 11003 11011
f 11004 11011 11007
f 11001 11005 11012
f 11001 11012 11009
f 11005 11006 11008
f 11005 11008 11012
f 4374 11002 11010
f 4374 11010 4381
f 4362 4474 4464
f 4362 4464 4363
f 4474 4362 4365
f 4474 4365 4401
f 4401 4365 4383
f 4401 4383 4398
f 4379 4587 4398
f 4379 4398 4383
f 4376 4586 4587
f 4376 4587 4379
f 4375 4588 4586
f 4375 4586 4376
f 4380 4589 4588
f 4380 4588 4375
f 4378 4590 4589
f 4378 4589 4380
f 4377 4585 4590
f 4377 4590 4378
f 4381 4584 4585
f 4381 4585 4377
f 4381 11010 11013
f 4381 11013 4584
f 11013 11010 11009
f 11013 11009 11014
f 11000 10999 10998
f 11000 10998 11015
f 11015 10998 10997
f 11015 10997 11016
f 11014 11009 11012
f 11014 11012 11017
f 4384 11018 11019
f 4384 11019 4385
f 11020 11021 11022
f 11020 11022 11023
f 11024 11020 11023
f 11024 11023 11025
f 11026 11024 11025
f 11026 11025 11027
f 11028 11026 11027
f 11028 11027 11029
f 11030 11031 11032
f 11030 11032 11033
f 11018 11028 11029
f 11018 11029 11019
f 4385 11019 11034
f 4385 11034 4416
f 11033 11032 11035
f 11033 11035 11036
f 11034 11019 11029
f 11034 11029 11037
f 4386 4414 4412
f 4386 4412 4397
f 4397 4412 4410
f 4397 4410 4395
f 4395 4410 4408
f 4395 4408 4393
f 4393 4408 4404
f 4393 4404 4389
f 4389 4404 4407
f 4389 4407 4390
f 4390 4407 4421
f 4390 4421 4402
f 4424 4403 4402
f 4424 4402 4421
f 4403 4424 4482
f 4403 4482 4476
f 4476 4482 4485
f 4476 4485 4477
f 4487 4478 4477
f 4487 4477 4485
f 4478 4487 4493
f 4478 4493 4481
f 11038 11039 11040
f 11038 11040 11041
f 11042 11038 11041
f 11042 11041 11043
f 4488 4479 4481
f 4488 4481 4493
f 11044 11042 11043
f 11044 11043 11045
f 11037 11044 11045
f 11037 11045 11046
f 11034 11037 11046
f 11034 11046 11047
f 4416 11034 11047
f 4416 11047 4417
f 11041 11040 11048
f 11041 11048 11049
f 11043 11041 11049
f 11043 11049 11050
f 11051 11052 11053
f 11051 11053 11054
f 11045 11043 11050
f 11045 11050 11055
f 11046 11045 11055
f 11046 11055 11056
f 11047 11046 11056
f 11047 11056 11057
f 4417 11047 11057
f 4417 11057 4428
f 4428 11057 11058
f 4428 11058 4429
f 11049 11048 11059
f 11049 11059 11060
f 11050 11049 11060
f 11050 11060 11061
f 11054 11053 11062
f 11054 11062 11063
f 11055 11050 11061
f 11055 11061 11064
f 11056 11055 11064
f 11056 11064 11065
f 11057 11056 11065
f 11057 11065 11058
f 4429 11058 11066
f 4429 11066 4438
f 11060 11059 11067
f 11060 11067 11068
f 11061 11060 11068
f 11061 11068 11069
f 11063 11062 11070
f 11063 11070 11071
f 11064 11061 11069
f 11064 11069 11072
f 11065 11064 11072
f 11065 11072 11073
f 11058 11065 11073
f 11058 11073 11066
f 11069 11068 11074
f 11069 11074 11075
f 11071 11070 11076
f 11071 11076 11077
f 11072 11069 11075
f 11072 11075 11078
f 11073 11072 11078
f 11073 11078 11079
f 11066 11073 11079
f 11066 11079 11080
f 4438 11066 11080
f 4438 11080 4454
f 11068 11067 11081
f 11068 11081 11074
f 11074 11081 11082
f 11074 11082 11083
f 11077 11076 11084
f 11077 11084 11085
f 11079 11078 11086
f 11079 11086 11087
f 11080 11079 11087
f 11080 11087 11088
f 4454 11080 11088
f 4454 11088 4463
f 11089 11090 11091
f 11089 11091 11092
f 11093 11094 11095
f 11093 11095 11096
f 11090 11097 11098
f 11090 11098 11091
f 11097 11093 11096
f 11097 11096 11098
f 11099 11089 11092
f 11099 11092 11100
f 11100 11092 11101
f 11100 11101 11102
f 11092 11091 11103
f 11092 11103 11101
f 11096 11095 11104
f 11096 11104 11105
f 11091 11098 11106
f 11091 11106 11103
f 11098 11096 11105
f 11098 11105 11106
f 4479 4488 4491
f 4479 4491 4480
f 4480 4491 4543
f 4480 4543 4537
f 4546 4538 4537
f 4546 4537 4543
f 4547 4539 4538
f 4547 4538 4546
f 4550 4540 4539
f 4550 4539 4547
f 4556 4525 4540
f 4556 4540 4550
f 4551 4526 4525
f 4551 4525 4556
f 4526 4551 4554
f 4526 4554 4541
f 11107 11108 4541
f 11107 4541 4554
f 11108 11107 11109
f 11108 11109 11110
f 11111 11112 11113
f 11111 11113 11114
f 11112 11115 11116
f 11112 11116 11113
f 11117 11118 11119
f 11117 11119 11120
f 11115 11121 11122
f 11115 11122 11116
f 11121 11117 11120
f 11121 11120 11122
f 11114 11113 11123
f 11114 11123 11124
f 11113 11116 11125
f 11113 11125 11123
f 11120 11119 11126
f 11120 11126 11127
f 11116 11122 11128
f 11116 11128 11125
f 11122 11120 11127
f 11122 11127 11128
f 11124 11123 11129
f 11124 11129 11130
f 11123 11125 11131
f 11123 11131 11129
f 11127 11126 11132
f 11127 11132 11133
f 11125 11128 11134
f 11125 11134 11131
f 11128 11127 11133
f 11128 11133 11134
f 11130 11129 11135
f 11130 11135 11136
f 11129 11131 11137
f 11129 11137 11135
f 11133 11132 11138
f 11133 11138 11139
f 11131 11134 11140
f 11131 11140 11137
f 11134 11133 11139
f 11134 11139 11140
f 11136 11135 11141
f 11136 11141 11142
f 11135 11137 11143
f 11135 11143 11141
f 11144 11145 11146
f 11144 11146 11147
f 11137 11140 11148
f 11137 11148 11143
f 11149 11150 11151
f 11149 11151 11152
f 11099 11100 11032
f 11099 11032 11031
f 11032 11100 11102
f 11032 11102 11035
f 11110 11109 11153
f 11110 11153 11154
f 11154 11153 11155
f 11154 11155 11156
f 11052 11111 11114
f 11052 11114 11053
f 11053 11114 11124
f 11053 11124 11062
f 11062 11124 11130
f 11062 11130 11070
f 11070 11130 11136
f 11070 11136 11076
f 11076 11136 11142
f 11076 11142 11084
f 11157 11158 11108
f 11157 11108 11110
f 11159 11160 11161
f 11159 11161 11162
f 11160 11163 11164
f 11160 11164 11161
f 11163 11165 11157
f 11163 11157 11164
f 11166 11159 11162
f 11166 11162 11167
f 11167 11162 11168
f 11167 11168 11169
f 11161 11164 11154
f 11161 11154 11156
f 11162 11161 11156
f 11162 11156 11168
f 11158 4542 4541
f 11158 4541 11108
f 11164 11157 11110
f 11164 11110 11154
f 11156 11155 11170
f 11156 11170 11168
f 11168 11170 11171
f 11168 11171 11169
f 11171 11118 11104
f 11171 11104 11169
f 11117 11105 11104
f 11117 11104 11118
f 11105 11117 11121
f 11105 11121 11106
f 11115 11103 11106
f 11115 11106 11121
f 11103 11115 11112
f 11103 11112 11101
f 11111 11102 11101
f 11111 11101 11112
f 11052 11035 11102
f 11052 11102 11111
f 11035 11052 11051
f 11035 11051 11036
f 11171 11170 11172
f 11171 11172 11173
f 11155 11153 11174
f 11155 11174 11175
f 11170 11155 11175
f 11170 11175 11172
f 11107 4554 4553
f 11107 4553 11176
f 11153 11109 11177
f 11153 11177 11174
f 11173 11172 11178
f 11173 11178 11179
f 11175 11174 11180
f 11175 11180 11181
f 11172 11175 11181
f 11172 11181 11178
f 11176 4553 4562
f 11176 4562 11182
f 11174 11177 11183
f 11174 11183 11180
f 11179 11178 11184
f 11179 11184 11185
f 11181 11180 11186
f 11181 11186 11187
f 11178 11181 11187
f 11178 11187 11184
f 11182 4562 4569
f 11182 4569 11188
f 11180 11183 11189
f 11180 11189 11186
f 11185 11184 11190
f 11185 11190 11191
f 11184 11187 11192
f 11184 11192 11190
f 11022 11036 11051
f 11022 11051 11039
f 11109 11107 11176
f 11109 11176 11177
f 11177 11176 11182
f 11177 11182 11183
f 11183 11182 11188
f 11183 11188 11189
f 11017 11012 11008
f 11017 11008 11193
f 11193 11008 11007
f 11193 11007 11194
f 11194 11007 11011
f 11194 11011 11195
f 11011 11016 11030
f 11011 11030 11195
f 10997 11031 11030
f 10997 11030 11016
f 10996 11099 11031
f 10996 11031 10997
f 11099 10996 10995
f 11099 10995 11089
f 10991 11090 11089
f 10991 11089 10995
f 11196 4577 4576
f 11196 4576 11197
f 11196 11197 11198
f 11196 11198 11199
f 11199 11198 11200
f 11199 11200 11201
f 11202 11158 11157
f 11202 11157 11165
f 11158 11202 4583
f 11158 4583 4542
f 4584 11013 11018
f 4584 11018 4384
f 11194 11195 11021
f 11194 11021 11020
f 11193 11194 11020
f 11193 11020 11024
f 11017 11193 11024
f 11017 11024 11026
f 8461 8475 8490
f 8461 8490 8417
f 11014 11017 11026
f 11014 11026 11028
f 11090 10991 10990
f 11090 10990 11097
f 11013 11014 11028
f 11013 11028 11018
f 10987 11093 11097
f 10987 11097 10990
f 11093 10987 10986
f 11093 10986 11094
f 11094 10986 10989
f 11094 10989 11166
f 10988 11159 11166
f 10988 11166 10989
f 10994 11160 11159
f 10994 11159 10988
f 10993 11163 11160
f 10993 11160 10994
f 11119 11173 11179
f 11119 11179 11126
f 11038 11023 11022
f 11038 11022 11039
f 11095 11167 11169
f 11095 11169 11104
f 11094 11166 11167
f 11094 11167 11095
f 11132 11185 11191
f 11132 11191 11138
f 10992 11165 11163
f 10992 11163 10993
f 11042 11025 11023
f 11042 11023 11038
f 11118 11171 11173
f 11118 11173 11119
f 11126 11179 11185
f 11126 11185 11132
f 8417 8490 8492
f 8417 8492 8418
f 8418 8492 8542
f 8418 8542 8424
f 10692 10680 8424
f 10692 8424 8542
f 8540 8427 10680
f 8540 10680 10692
f 8427 8540 8468
f 8427 8468 8428
f 8428 8468 8471
f 8428 8471 8421
f 8421 8471 8474
f 8421 8474 8422
f 10778 10786 8422
f 10778 8422 8474
f 10786 10778 10794
f 10786 10794 10791
f 10791 10794 10808
f 10791 10808 10805
f 10805 10808 10821
f 10805 10821 10818
f 10818 10821 10834
f 10818 10834 10831
f 10831 10834 10847
f 10831 10847 10844
f 10844 10847 10861
f 10844 10861 10858
f 10858 10861 10875
f 10858 10875 10872
f 10957 10891 10872
f 10957 10872 10875
f 10891 10957 10985
f 10891 10985 10906
f 10906 10985 11000
f 10906 11000 10907
f 10907 11000 11015
f 10907 11015 11003
f 11003 11015 11016
f 11003 11016 11011
f 10962 11202 11165
f 10962 11165 10992
f 11202 10962 4326
f 11202 4326 4583
f 11195 11030 11033
f 11195 11033 11021
f 11021 11033 11036
f 11021 11036 11022
f 11044 11027 11025
f 11044 11025 11042
f 11037 11029 11027
f 11037 11027 11044
f 11039 11051 11054
f 11039 11054 11040
f 11040 11054 11063
f 11040 11063 11048
f 11048 11063 11071
f 11048 11071 11059
f 11059 11071 11077
f 11059 11077 11067
f 11085 11081 11067
f 11085 11067 11077
f 11186 11203 11192
f 11186 11192 11187
f 11204 11205 11141
f 11204 11141 11143
f 11142 11141 11205
f 11142 11205 11206
f 11084 11142 11206
f 11084 11206 11207
f 11144 11208 11190
f 11144 11190 11192
f 11143 11148 11209
f 11143 11209 11204
f 11207 11210 11085
f 11207 11085 11084
f 11192 11203 11145
f 11192 11145 11144
f 11138 11191 11150
f 11138 11150 11149
f 11208 11150 11191
f 11208 11191 11190
f 11081 11085 11210
f 11081 11210 11082
f 11211 11212 11200
f 11211 11200 11213
f 11212 11214 11201
f 11212 11201 11200
f 11215 11151 11150
f 11215 11150 11208
f 11147 11215 11208
f 11147 11208 11144
f 11216 11217 11214
f 11216 11214 11212
f 11218 11216 11212
f 11218 11212 11211
f 11219 11220 11217
f 11219 11217 11216
f 11221 11219 11216
f 11221 11216 11218
f 11152 11222 11223
f 11152 11223 11149
f 11223 11139 11138
f 11223 11138 11149
f 11139 11223 11148
f 11139 11148 11140
f 11222 11209 11148
f 11222 11148 11223
f 11086 11078 11075
f 11086 11075 11224
f 11224 11075 11074
f 11224 11074 11225
f 11225 11074 11083
f 11225 11083 11226
f 11227 11228 11219
f 11227 11219 11221
f 11229 11230 11151
f 11229 11151 11215
f 11082 11210 11231
f 11082 11231 11232
f 11226 11083 11233
f 11226 11233 11234
f 11206 11205 11235
f 11206 11235 11236
f 11152 11151 11230
f 11152 11230 11237
f 11207 11206 11236
f 11207 11236 11238
f 11237 11239 11222
f 11237 11222 11152
f 11238 11231 11210
f 11238 11210 11207
f 11147 11146 11240
f 11147 11240 11241
f 11242 11235 11205
f 11242 11205 11204
f 11204 11209 11243
f 11204 11243 11242
f 11228 11244 11220
f 11228 11220 11219
f 11083 11082 11232
f 11083 11232 11233
f 11209 11222 11239
f 11209 11239 11243
f 11241 11229 11215
f 11241 11215 11147
f 11232 11231 11245
f 11232 11245 11246
f 11247 11245 11231
f 11247 11231 11238
f 11248 11249 11229
f 11248 11229 11241
f 11250 11251 11235
f 11250 11235 11242
f 11233 11232 11246
f 11233 11246 11252
f 11253 11254 11244
f 11253 11244 11228
f 11242 11243 11255
f 11242 11255 11250
f 11249 11256 11230
f 11249 11230 11229
f 11257 11258 11239
f 11257 11239 11237
f 11259 11253 11228
f 11259 11228 11227
f 11236 11235 11251
f 11236 11251 11260
f 11241 11240 11261
f 11241 11261 11248
f 11243 11239 11258
f 11243 11258 11255
f 11238 11236 11260
f 11238 11260 11247
f 11237 11230 11256
f 11237 11256 11257
f 11234 11233 11252
f 11234 11252 11262
f 11263 11264 11265
f 11263 11265 11266
f 11267 11266 11265
f 11267 11265 11268
f 11269 11270 11271
f 11269 11271 11267
f 11272 11273 11270
f 11272 11270 11269
f 11272 11274 11275
f 11272 11275 11273
f 11276 11274 11277
f 11276 11277 11278
f 11279 11276 11278
f 11279 11278 11280
f 11279 11280 11281
f 11279 11281 11282
f 11282 11281 11283
f 11282 11283 11284
f 11284 11283 11285
f 11284 11285 11286
f 11287 11288 11289
f 11287 11289 11286
f 11287 11290 11291
f 11287 11291 11292
f 11293 11294 11295
f 11293 11295 11296
f 11297 11298 11299
f 11297 11299 11300
f 11301 11302 11303
f 11301 11303 11304
f 11296 11305 11306
f 11296 11306 11293
f 11307 11308 11309
f 11307 11309 11310
f 11311 11312 11313
f 11311 11313 11314
f 11315 11301 11304
f 11315 11304 11316
f 11317 11295 11294
f 11317 11294 11318
f 11319 11320 11321
f 11319 11321 11322
f 11305 11313 11312
f 11305 11312 11306
f 11323 11317 11318
f 11323 11318 11324
f 11314 11309 11308
f 11314 11308 11311
f 11325 11297 11300
f 11325 11300 11326
f 11298 11327 11328
f 11298 11328 11299
f 11324 11328 11327
f 11324 11327 11323
f 11322 11307 11310
f 11322 11310 11319
f 11306 11312 11329
f 11306 11329 11330
f 11324 11318 11331
f 11324 11331 11332
f 11311 11308 11333
f 11311 11333 11334
f 11326 11300 11335
f 11326 11335 11336
f 11299 11328 11337
f 11299 11337 11338
f 11332 11337 11328
f 11332 11328 11324
f 11339 11340 11307
f 11339 11307 11322
f 11341 11342 11294
f 11341 11294 11293
f 11300 11299 11338
f 11300 11338 11335
f 11343 11344 11302
f 11343 11302 11301
f 11293 11306 11330
f 11293 11330 11341
f 11340 11333 11308
f 11340 11308 11307
f 11334 11329 11312
f 11334 11312 11311
f 11345 11343 11301
f 11345 11301 11315
f 11318 11294 11342
f 11318 11342 11331
f 11322 11321 11346
f 11322 11346 11339
f 11347 11348 11340
f 11347 11340 11339
f 11349 11350 11342
f 11349 11342 11341
f 11335 11338 11351
f 11335 11351 11352
f 11353 11354 11344
f 11353 11344 11343
f 11341 11330 11355
f 11341 11355 11349
f 11348 11356 11333
f 11348 11333 11340
f 11357 11358 11329
f 11357 11329 11334
f 11359 11353 11343
f 11359 11343 11345
f 11331 11342 11350
f 11331 11350 11360
f 11339 11346 11361
f 11339 11361 11347
f 11330 11329 11358
f 11330 11358 11355
f 11332 11331 11360
f 11332 11360 11362
f 11334 11333 11356
f 11334 11356 11357
f 11336 11335 11352
f 11336 11352 11363
f 11338 11337 11364
f 11338 11364 11351
f 11362 11364 11337
f 11362 11337 11332
f 11355 11358 11365
f 11355 11365 11366
f 11362 11360 11367
f 11362 11367 11368
f 11357 11356 11369
f 11357 11369 11370
f 11363 11352 11371
f 11363 11371 11372
f 11351 11364 11373
f 11351 11373 11374
f 11368 11373 11364
f 11368 11364 11362
f 11375 11376 11348
f 11375 11348 11347
f 11377 11378 11350
f 11377 11350 11349
f 11352 11351 11374
f 11352 11374 11371
f 11379 11380 11354
f 11379 11354 11353
f 11349 11355 11366
f 11349 11366 11377
f 11376 11369 11356
f 11376 11356 11348
f 11370 11365 11358
f 11370 11358 11357
f 11381 11379 11353
f 11381 11353 11359
f 11360 11350 11378
f 11360 11378 11367
f 11347 11361 11382
f 11347 11382 11375
f 11383 11384 11376
f 11383 11376 11375
f 11385 11386 11378
f 11385 11378 11377
f 11371 11374 11387
f 11371 11387 11388
f 11389 11390 11380
f 11389 11380 11379
f 11377 11366 11391
f 11377 11391 11385
f 11384 11392 11369
f 11384 11369 11376
f 11393 11394 11365
f 11393 11365 11370
f 11395 11389 11379
f 11395 11379 11381
f 11367 11378 11386
f 11367 11386 11396
f 11375 11382 11397
f 11375 11397 11383
f 11366 11365 11394
f 11366 11394 11391
f 11368 11367 11396
f 11368 11396 11398
f 11370 11369 11392
f 11370 11392 11393
f 11372 11371 11388
f 11372 11388 11399
f 11374 11373 11400
f 11374 11400 11387
f 11398 11400 11373
f 11398 11373 11368
f 11383 11397 11401
f 11383 11401 11402
f 11391 11394 11403
f 11391 11403 11404
f 11398 11396 11405
f 11398 11405 11406
f 11393 11392 11407
f 11393 11407 11408
f 11399 11388 11409
f 11399 11409 11410
f 11387 11400 11411
f 11387 11411 11412
f 11406 11411 11400
f 11406 11400 11398
f 11402 11413 11384
f 11402 11384 11383
f 11414 11415 11386
f 11414 11386 11385
f 11388 11387 11412
f 11388 11412 11409
f 11416 11417 11390
f 11416 11390 11389
f 11385 11391 11404
f 11385 11404 11414
f 11413 11407 11392
f 11413 11392 11384
f 11408 11403 11394
f 11408 11394 11393
f 11418 11416 11389
f 11418 11389 11395
f 11396 11386 11415
f 11396 11415 11405
f 11419 11420 11413
f 11419 11413 11402
f 11421 11422 11415
f 11421 11415 11414
f 11409 11412 11423
f 11409 11423 11424
f 11425 11426 11417
f 11425 11417 11416
f 11414 11404 11427
f 11414 11427 11421
f 11420 11428 11407
f 11420 11407 11413
f 11429 11430 11403
f 11429 11403 11408
f 11431 11425 11416
f 11431 11416 11418
f 11405 11415 11422
f 11405 11422 11432
f 11402 11401 11433
f 11402 11433 11419
f 11404 11403 11430
f 11404 11430 11427
f 11406 11405 11432
f 11406 11432 11434
f 11408 11407 11428
f 11408 11428 11429
f 11410 11409 11424
f 11410 11424 11435
f 11412 11411 11436
f 11412 11436 11423
f 11434 11436 11411
f 11434 11411 11406
f 11437 11438 11430
f 11437 11430 11429
f 11439 11440 11425
f 11439 11425 11431
f 11432 11422 11441
f 11432 11441 11442
f 11419 11433 11443
f 11419 11443 11444
f 11427 11430 11438
f 11427 11438 11445
f 11434 11432 11442
f 11434 11442 11446
f 11429 11428 11447
f 11429 11447 11437
f 11435 11424 11448
f 11435 11448 11449
f 11423 11436 11450
f 11423 11450 11451
f 11446 11450 11436
f 11446 11436 11434
f 11444 11452 11420
f 11444 11420 11419
f 11453 11441 11422
f 11453 11422 11421
f 11424 11423 11451
f 11424 11451 11448
f 11440 11454 11426
f 11440 11426 11425
f 11421 11427 11445
f 11421 11445 11453
f 11452 11447 11428
f 11452 11428 11420
f 11455 11456 11450
f 11455 11450 11446
f 11457 11458 11452
f 11457 11452 11444
f 11459 11460 11441
f 11459 11441 11453
f 11448 11451 11461
f 11448 11461 11462
f 11463 11464 11454
f 11463 11454 11440
f 11453 11445 11465
f 11453 11465 11459
f 11458 11466 11447
f 11458 11447 11452
f 11467 11468 11438
f 11467 11438 11437
f 11469 11463 11440
f 11469 11440 11439
f 11442 11441 11460
f 11442 11460 11470
f 11444 11443 11471
f 11444 11471 11457
f 11445 11438 11468
f 11445 11468 11465
f 11446 11442 11470
f 11446 11470 11455
f 11437 11447 11466
f 11437 11466 11467
f 11449 11448 11462
f 11449 11462 11472
f 11451 11450 11456
f 11451 11456 11461
f 11473 11474 11468
f 11473 11468 11467
f 11475 11476 11463
f 11475 11463 11469
f 11470 11460 11477
f 11470 11477 11478
f 11457 11471 11479
f 11457 11479 11480
f 11465 11468 11474
f 11465 11474 11481
f 11455 11470 11478
f 11455 11478 11482
f 11467 11466 11483
f 11467 11483 11473
f 11472 11462 11484
f 11472 11484 11485
f 11461 11456 11486
f 11461 11486 11487
f 11482 11486 11456
f 11482 11456 11455
f 11480 11488 11458
f 11480 11458 11457
f 11489 11477 11460
f 11489 11460 11459
f 11462 11461 11487
f 11462 11487 11484
f 11476 11490 11464
f 11476 11464 11463
f 11459 11465 11481
f 11459 11481 11489
f 11488 11483 11466
f 11488 11466 11458
f 11485 11484 11491
f 11485 11491 11492
f 11487 11486 11493
f 11487 11493 11494
f 11495 11493 11486
f 11495 11486 11482
f 11496 11497 11488
f 11496 11488 11480
f 11498 11499 11477
f 11498 11477 11489
f 11484 11487 11494
f 11484 11494 11491
f 11500 11501 11490
f 11500 11490 11476
f 11489 11481 11502
f 11489 11502 11498
f 11497 11503 11483
f 11497 11483 11488
f 11504 11505 11474
f 11504 11474 11473
f 11506 11500 11476
f 11506 11476 11475
f 11478 11477 11499
f 11478 11499 11507
f 11480 11479 11508
f 11480 11508 11496
f 11481 11474 11505
f 11481 11505 11502
f 11482 11478 11507
f 11482 11507 11495
f 11473 11483 11503
f 11473 11503 11504
f 11498 11502 11509
f 11498 11509 11510
f 11511 11512 11503
f 11511 11503 11497
f 11513 11514 11505
f 11513 11505 11504
f 11515 11516 11500
f 11515 11500 11506
f 11507 11499 11517
f 11507 11517 11518
f 11496 11508 11519
f 11496 11519 11520
f 11502 11505 11514
f 11502 11514 11509
f 11495 11507 11518
f 11495 11518 11521
f 11504 11503 11512
f 11504 11512 11513
f 11492 11491 11522
f 11492 11522 11523
f 11494 11493 11524
f 11494 11524 11525
f 11521 11524 11493
f 11521 11493 11495
f 11520 11511 11497
f 11520 11497 11496
f 11510 11517 11499
f 11510 11499 11498
f 11491 11494 11525
f 11491 11525 11522
f 11516 11526 11501
f 11516 11501 11500
f 11523 11522 11527
f 11523 11527 11528
f 11525 11524 11529
f 11525 11529 11530
f 11531 11529 11524
f 11531 11524 11521
f 11532 11533 11511
f 11532 11511 11520
f 11534 11535 11517
f 11534 11517 11510
f 11522 11525 11530
f 11522 11530 11527
f 11536 11537 11526
f 11536 11526 11516
f 11510 11509 11538
f 11510 11538 11534
f 11533 11539 11512
f 11533 11512 11511
f 11540 11541 11514
f 11540 11514 11513
f 11542 11536 11516
f 11542 11516 11515
f 11518 11517 11535
f 11518 11535 11543
f 11520 11519 11544
f 11520 11544 11532
f 11509 11514 11541
f 11509 11541 11538
f 11521 11518 11543
f 11521 11543 11531
f 11513 11512 11539
f 11513 11539 11540
f 11545 11546 11537
f 11545 11537 11536
f 11534 11538 11547
f 11534 11547 11548
f 11549 11550 11539
f 11549 11539 11533
f 11551 11552 11541
f 11551 11541 11540
f 11553 11545 11536
f 11553 11536 11542
f 11543 11535 11554
f 11543 11554 11555
f 11532 11544 11556
f 11532 11556 11557
f 11538 11541 11552
f 11538 11552 11547
f 11531 11543 11555
f 11531 11555 11558
f 11540 11539 11550
f 11540 11550 11551
f 11528 11527 11559
f 11528 11559 11560
f 11530 11529 11561
f 11530 11561 11562
f 11558 11561 11529
f 11558 11529 11531
f 11557 11549 11533
f 11557 11533 11532
f 11548 11554 11535
f 11548 11535 11534
f 11527 11530 11562
f 11527 11562 11559
f 4942 4975 4973
f 4942 4973 4943
f 4946 5001 4975
f 4946 4975 4942
f 5001 4946 4950
f 5001 4950 5006
f 4949 4988 5006
f 4949 5006 4950
f 4948 4985 4988
f 4948 4988 4949
f 4947 5003 4985
f 4947 4985 4948
f 6538 6371 5003
f 6538 5003 4947
f 6371 6538 6541
f 6371 6541 6372
f 6372 6541 4941
f 6372 4941 4997
f 4979 4939 4940
f 4979 4940 4994
f 4936 4971 4994
f 4936 4994 4940
f 4997 4941 4933
f 4997 4933 4990
f 4990 4933 4934
f 4990 4934 4991
f 4991 4934 4945
f 4991 4945 4999
f 4944 4982 4999
f 4944 4999 4945
f 11563 11564 11565
f 11563 11565 11566
f 11567 11568 11569
f 11567 11569 11570
f 11571 11572 11573
f 11571 11573 11574
f 11572 11575 11576
f 11572 11576 11573
f 11577 11576 11575
f 11577 11575 11578
f 11579 11577 11578
f 11579 11578 11580
f 11581 11579 11580
f 11581 11580 11582
f 11582 11583 11584
f 11582 11584 11581
f 11585 11583 11582
f 11585 11582 11586
f 11586 11587 11588
f 11586 11588 11585
f 11586 11589 11590
f 11586 11590 11587
f 4982 4944 4937
f 4982 4937 4983
f 4983 4937 4938
f 4983 4938 4980
f 11549 11591 11592
f 11549 11592 11550
f 11557 11593 11591
f 11557 11591 11549
f 11593 11557 11556
f 11593 11556 11594
f 11556 11546 11595
f 11556 11595 11594
f 11545 11596 11595
f 11545 11595 11546
f 11553 11597 11596
f 11553 11596 11545
f 11598 11597 11553
f 11598 11553 11599
f 11599 11600 11601
f 11599 11601 11598
f 11602 11601 11600
f 11602 11600 11560
f 4935 4972 4971
f 4935 4971 4936
f 4972 4935 4943
f 4972 4943 4973
f 11603 11551 11550
f 11603 11550 11592
f 11602 11560 11559
f 11602 11559 11604
f 11605 11606 11591
f 11605 11591 11593
f 11604 11607 11608
f 11604 11608 11609
f 11610 11611 11595
f 11610 11595 11596
f 11584 11612 11613
f 11584 11613 11581
f 11606 11614 11592
f 11606 11592 11591
f 11615 11610 11596
f 11615 11596 11597
f 11580 11589 11586
f 11580 11586 11582
f 11593 11594 11616
f 11593 11616 11605
f 11612 11603 11617
f 11612 11617 11613
f 11618 11588 11587
f 11618 11587 11619
f 11602 11604 11609
f 11602 11609 11620
f 11607 11621 11622
f 11607 11622 11608
f 11619 11622 11621
f 11619 11621 11618
f 11605 11616 11623
f 11605 11623 11624
f 11613 11617 11625
f 11613 11625 11626
f 11627 11590 11589
f 11627 11589 11628
f 11624 11629 11606
f 11624 11606 11605
f 11630 11631 11632
f 11630 11632 11633
f 11581 11613 11626
f 11581 11626 11579
f 11629 11634 11614
f 11629 11614 11606
f 6792 6791 6786
f 6792 6786 6785
f 7846 6793 6785
f 7846 6785 6788
f 7844 6798 6793
f 7844 6793 7846
f 7842 6801 6798
f 7842 6798 7844
f 7840 6804 6801
f 7840 6801 7842
f 7839 6807 6804
f 7839 6804 7840
f 7880 6810 6807
f 7880 6807 7839
f 7878 6813 6810
f 7878 6810 7880
f 7877 6816 6813
f 7877 6813 7878
f 7874 6819 6816
f 7874 6816 7877
f 7869 6824 6825
f 7869 6825 7870
f 7862 6826 6829
f 7862 6829 7865
f 7861 6832 6826
f 7861 6826 7862
f 7858 6835 6832
f 7858 6832 7861
f 6841 6838 6786
f 6841 6786 6791
f 6843 6844 6838
f 6843 6838 6841
f 6847 6848 6844
f 6847 6844 6843
f 6851 6852 6848
f 6851 6848 6847
f 6855 6858 6861
f 6855 6861 6856
f 6863 6864 6858
f 6863 6858 6855
f 6867 6868 6864
f 6867 6864 6863
f 6856 6861 6852
f 6856 6852 6851
f 7873 7870 6825
f 7873 6825 8210
f 6963 6959 6889
f 6963 6889 6888
f 6951 6892 6884
f 6951 6884 6883
f 6935 6875 6874
f 6935 6874 6873
f 6941 6940 6871
f 6941 6871 6870
f 6893 6955 6886
f 6893 6886 6885
f 6905 6907 6896
f 6905 6896 6895
f 6907 6909 6897
f 6907 6897 6896
f 6800 6884 6885
f 6800 6885 6797
f 6945 6944 6882
f 6945 6882 6881
f 6846 6891 6898
f 6846 6898 6850
f 6948 6945 6881
f 6948 6881 6880
f 6940 8206 8207
f 6940 8207 6871
f 7646 6949 6879
f 7646 6879 6878
f 6900 6905 6895
f 6900 6895 6894
f 6955 6961 6887
f 6955 6887 6886
f 6961 6963 6888
f 6961 6888 6887
f 6850 6898 6894
f 6850 6894 6857
f 6958 6901 6891
f 6958 6891 6890
f 6944 6951 6883
f 6944 6883 6882
f 6830 6874 6877
f 6830 6877 6831
f 6959 6958 6890
f 6959 6890 6889
f 6937 6935 6873
f 6937 6873 6872
f 6949 6948 6880
f 6949 6880 6879
f 11635 11636 11637
f 11635 11637 11638
f 11639 11640 11641
f 11639 11641 11642
f 11643 11644 11645
f 11643 11645 11646
f 11647 11648 11649
f 11647 11649 11650
f 11651 11652 11653
f 11651 11653 11654
f 11655 11656 11657
f 11655 11657 11658
f 11659 11660 11636
f 11659 11636 11635
f 11661 11662 11663
f 11661 11663 11664
f 11662 11655 11658
f 11662 11658 11663
f 11665 11666 11660
f 11665 11660 11659
f 11667 11668 11669
f 11667 11669 11670
f 11671 11672 11673
f 11671 11673 11674
f 11675 11676 11677
f 11675 11677 11678
f 11679 11680 11681
f 11679 11681 11682
f 11672 11667 11670
f 11672 11670 11673
f 11650 11649 11683
f 11650 11683 11684
f 11679 11685 11686
f 11679 11686 11687
f 11688 11689 11644
f 11688 11644 11643
f 11690 11691 11692
f 11690 11692 11693
f 11694 11695 11696
f 11694 11696 11697
f 11698 11699 11700
f 11698 11700 11701
f 11702 11703 11691
f 11702 11691 11690
f 11704 11705 11703
f 11704 11703 11702
f 11701 11700 11706
f 11701 11706 11707
f 11708 11643 11646
f 11708 11646 11709
f 11710 11651 11654
f 11710 11654 11711
f 11712 11713 11656
f 11712 11656 11655
f 11714 11715 11662
f 11714 11662 11661
f 11715 11712 11655
f 11715 11655 11662
f 11716 11717 11668
f 11716 11668 11667
f 11718 11719 11672
f 11718 11672 11671
f 11720 11675 11678
f 11720 11678 11721
f 11685 11679 11682
f 11685 11682 11722
f 11719 11716 11667
f 11719 11667 11672
f 11680 11679 11687
f 11680 11687 11723
f 11724 11688 11643
f 11724 11643 11708
f 11665 11695 11694
f 11665 11694 11666
f 11725 11640 11704
f 11725 11704 11726
f 11727 11728 11729
f 11727 11729 11730
f 11731 11732 11733
f 11731 11733 11734
f 11735 11736 11737
f 11735 11737 11738
f 11739 11740 11741
f 11739 11741 11742
f 11743 11744 11728
f 11743 11728 11727
f 11745 11746 11747
f 11745 11747 11748
f 11749 11750 11751
f 11749 11751 11752
f 11753 11754 11755
f 11753 11755 11756
f 11738 11737 11757
f 11738 11757 11758
f 11753 11759 11760
f 11753 11760 11761
f 11762 11763 11732
f 11762 11732 11731
f 11746 11764 11765
f 11746 11765 11747
f 11742 11741 11766
f 11742 11766 11767
f 11752 11751 11768
f 11752 11768 11769
f 11770 11771 11772
f 11770 11772 11773
f 11774 11775 11776
f 11774 11776 11777
f 11778 11779 11771
f 11778 11771 11770
f 11777 11776 11780
f 11777 11780 11781
f 11604 11559 11562
f 11604 11562 11607
f 11782 11731 11734
f 11782 11734 11783
f 11784 11739 11742
f 11784 11742 11785
f 11786 11749 11752
f 11786 11752 11787
f 11759 11753 11756
f 11759 11756 11788
f 11754 11753 11761
f 11754 11761 11789
f 11790 11762 11731
f 11790 11731 11782
f 11785 11742 11767
f 11785 11767 11791
f 11787 11752 11769
f 11787 11769 11792
f 8209 8208 6818
f 8209 6818 6817
f 11793 7129 7128
f 11793 7128 10656
f 7074 7129 11793
f 7074 11793 11794
f 11795 11796 11797
f 11795 11797 11798
f 11799 11800 11801
f 11799 11801 11802
f 11803 11804 11805
f 11803 11805 11806
f 11807 11799 11802
f 11807 11802 11808
f 11803 7069 7070
f 11803 7070 11804
f 7083 10656 10654
f 7083 10654 7080
f 5193 11803 11806
f 5193 11806 5194
f 5193 299 7069
f 5193 7069 11803
f 11796 11807 11808
f 11796 11808 11797
f 7083 7082 7130
f 7083 7130 11809
f 11810 11811 11812
f 11810 11812 11813
f 10675 11814 5200
f 10675 5200 4018
f 10673 11815 11814
f 10673 11814 10675
f 10671 11816 11815
f 10671 11815 10673
f 11816 10671 10669
f 11816 10669 11817
f 7096 7250 7249
f 7096 7249 7100
f 11818 7101 7100
f 11818 7100 7249
f 11819 11809 7130
f 11819 7130 11820
f 7092 7095 7136
f 7092 7136 7096
f 7088 7091 7095
f 7088 7095 7092
f 7078 7087 7091
f 7078 7091 7088
f 7087 7078 7077
f 7087 7077 7084
f 7077 10651 11821
f 7077 11821 7084
f 7071 7123 7060
f 7071 7060 7068
f 7150 7153 10655
f 7150 10655 11822
f 7084 11821 7120
f 7084 7120 7085
f 358 322 7085
f 358 7085 7120
f 8210 8209 6817
f 8210 6817 6819
f 11823 11824 6836
f 11823 6836 6835
f 11824 11825 6837
f 11824 6837 6836
f 11826 6872 6837
f 11826 6837 11825
f 8207 6878 6818
f 8207 6818 8208
f 11827 6936 6937
f 11827 6937 11828
f 8201 7005 7006
f 8201 7006 8205
f 8202 7035 7005
f 8202 7005 8201
f 7127 7073 7062
f 7127 7062 7061
f 7073 7072 7065
f 7073 7065 7062
f 11817 10669 10667
f 11817 10667 11829
f 7075 7074 11794
f 7075 11794 11830
f 7057 7124 7125
f 7057 7125 7061
f 8203 7706 7625
f 8203 7625 7624
f 8206 7651 7647
f 8206 7647 7646
f 6988 6946 7647
f 6988 7647 7650
f 7652 8205 7006
f 7652 7006 7650
f 11831 11810 11796
f 11831 11796 11795
f 7705 7703 7625
f 7705 7625 7706
f 6934 11812 11811
f 6934 11811 6932
f 7860 7855 7858
f 7860 7858 7861
f 7876 7871 7874
f 7876 7874 7877
f 7900 7908 7911
f 7900 7911 7901
f 7912 7918 7921
f 7912 7921 7913
f 7942 7947 7908
f 7942 7908 7900
f 7949 7952 7918
f 7949 7918 7912
f 7974 7979 7947
f 7974 7947 7942
f 7981 7983 7952
f 7981 7952 7949
f 7990 7996 7979
f 7990 7979 7974
f 7998 8001 7983
f 7998 7983 7981
f 8026 8031 7996
f 8026 7996 7990
f 8033 8036 8001
f 8033 8001 7998
f 8033 8044 8047
f 8033 8047 8036
f 8055 8061 8031
f 8055 8031 8026
f 8062 8061 8072
f 8062 8072 11832
f 8048 8047 8081
f 8048 8081 8091
f 8091 8081 8093
f 8091 8093 8112
f 11832 8072 8116
f 11832 8116 11833
f 11833 8116 8137
f 11833 8137 11834
f 8112 8093 8142
f 8112 8142 8132
f 8182 8187 8118
f 8182 8118 8143
f 8152 8173 8141
f 8152 8141 8136
f 8159 8158 8122
f 8159 8122 8140
f 8142 8139 8149
f 8142 8149 8148
f 8169 8161 8200
f 8169 8200 8121
f 8183 8182 8143
f 8183 8143 11834
f 8191 8183 11834
f 8191 11834 8137
f 11829 10667 10666
f 11829 10666 11835
f 7873 8210 6819
f 7873 6819 7874
f 7857 11823 6835
f 7857 6835 7858
f 8206 7646 6878
f 8206 6878 8207
f 11828 6937 6872
f 11828 6872 11826
f 11836 11837 5266
f 11836 5266 5265
f 11838 11811 11810
f 11838 11810 11831
f 11839 7119 7081
f 11839 7081 7080
f 7068 7060 7059
f 7068 7059 7066
f 7119 11839 10652
f 7119 10652 7122
f 7187 7250 7096
f 7187 7096 7136
f 11840 10658 10657
f 11840 10657 11841
f 11819 11794 11793
f 11819 11793 11809
f 7136 7135 7149
f 7136 7149 7187
f 7475 7814 11842
f 7475 11842 7476
f 11794 11819 11843
f 11794 11843 11830
f 11844 7483 7476
f 11844 7476 11842
f 7483 11844 11845
f 7483 11845 7481
f 11846 7482 7481
f 11846 7481 11845
f 11821 10585 7121
f 11821 7121 7120
f 10651 10628 10585
f 10651 10585 11821
f 10628 10651 10652
f 10628 10652 10629
f 11839 10653 10629
f 11839 10629 10652
f 10653 11839 7080
f 10653 7080 10654
f 11847 7072 7075
f 11847 7075 11848
f 11809 11793 10656
f 11809 10656 7083
f 11849 10587 7482
f 11849 7482 11846
f 10587 11849 11850
f 10587 11850 7480
f 11851 7477 7480
f 11851 7480 11850
f 11852 10627 7477
f 11852 7477 11851
f 10627 11852 11853
f 10627 11853 10655
f 10655 11853 11854
f 10655 11854 11822
f 11830 11843 7132
f 11830 7132 7131
f 11855 11856 11857
f 11855 11857 11858
f 11830 7131 11848
f 11830 11848 7075
f 7817 6918 6924
f 7817 6924 11800
f 10663 11859 11835
f 10663 11835 10666
f 11859 10663 10661
f 11859 10661 11860
f 7818 7817 11800
f 7818 11800 11799
f 11860 10661 10659
f 11860 10659 11861
f 11861 10659 10658
f 11861 10658 11862
f 11813 7818 11799
f 11813 11799 11807
f 11863 11864 11865
f 11863 11865 11866
f 10658 11840 11867
f 10658 11867 11862
f 11868 11867 11840
f 11868 11840 11869
f 11869 11870 11871
f 11869 11871 11868
f 11870 11872 11873
f 11870 11873 11871
f 11863 11873 11872
f 11863 11872 11874
f 11875 11864 11863
f 11875 11863 11874
f 10584 10583 7682
f 10584 7682 11876
f 11877 11878 5289
f 11877 5289 5288
f 150 5194 11806
f 150 11806 6929
f 6929 11806 11805
f 6929 11805 6927
f 11879 11880 11881
f 11879 11881 11882
f 11883 11801 6927
f 11883 6927 11805
f 11884 11836 11878
f 11884 11878 11885
f 11882 11881 11886
f 11882 11886 11887
f 11888 11889 11890
f 11888 11890 11891
f 11892 11884 11885
f 11892 11885 11893
f 11889 11892 11893
f 11889 11893 11890
f 11894 11895 11896
f 11894 11896 11887
f 7659 7823 5345
f 7659 5345 1129
f 11894 11888 11891
f 11894 11891 11895
f 11885 11878 11877
f 11885 11877 11897
f 11893 11885 11897
f 11893 11897 11898
f 11899 11875 11874
f 11899 11874 11900
f 11873 11863 11866
f 11873 11866 11901
f 11900 11874 11872
f 11900 11872 11902
f 11902 11872 11870
f 11902 11870 11903
f 11904 11802 11801
f 11904 11801 11883
f 11802 11904 11905
f 11802 11905 11808
f 11903 11870 11869
f 11903 11869 11906
f 11906 11869 11840
f 11906 11840 11841
f 11907 11908 11909
f 11907 11909 11910
f 11910 11909 11911
f 11910 11911 11912
f 7030 11913 7039
f 7030 7039 7031
f 7029 11914 11913
f 7029 11913 7030
f 7035 11915 11914
f 7035 11914 7029
f 11915 7035 8202
f 11915 8202 11916
f 11916 8202 7643
f 11916 7643 11917
f 11917 7643 7642
f 11917 7642 11918
f 11919 11920 11908
f 11919 11908 11907
f 7768 1069 5315
f 7768 5315 11921
f 7474 7768 11921
f 7474 11921 11922
f 7026 7028 11923
f 7026 11923 11924
f 7024 7023 11925
f 7024 11925 7046
f 7023 7026 11924
f 7023 11924 11925
f 7028 7474 11922
f 7028 11922 11923
f 11911 11926 11927
f 11911 11927 11912
f 11926 7043 11928
f 11926 11928 11927
f 7043 7042 7047
f 7043 7047 11928
f 11920 11919 11901
f 11920 11901 11929
f 11929 11901 11866
f 11929 11866 11930
f 11930 11866 11865
f 11930 11865 11931
f 6933 6932 11811
f 6933 11811 11838
f 11864 11932 11933
f 11864 11933 11865
f 11934 11879 11882
f 11934 11882 11935
f 11936 11837 11836
f 11936 11836 11884
f 11935 11882 11887
f 11935 11887 11896
f 11937 11938 11889
f 11937 11889 11888
f 11939 11936 11884
f 11939 11884 11892
f 11938 11939 11892
f 11938 11892 11889
f 11940 11894 11887
f 11940 11887 11886
f 11940 11937 11888
f 11940 11888 11894
f 11890 11893 11898
f 11890 11898 11941
f 11942 11797 11808
f 11942 11808 11905
f 11943 11798 11797
f 11943 11797 11942
f 11944 11798 11943
f 11944 11943 7134
f 11944 7134 7133
f 11944 7133 11945
f 11879 11946 11947
f 11879 11947 11880
f 11891 11890 11941
f 11891 11941 11948
f 11895 11891 11948
f 11895 11948 11949
f 11895 11949 11950
f 11895 11950 11896
f 11896 11950 11951
f 11896 11951 11935
f 11952 11951 11950
f 11952 11950 11876
f 11933 11953 11931
f 11933 11931 11865
f 7555 7761 7025
f 7555 7025 7022
f 7761 7770 7027
f 7761 7027 7025
f 7050 7044 7041
f 7050 7041 7040
f 7024 7042 7041
f 7024 7041 7021
f 11926 7048 7040
f 11926 7040 7043
f 7770 7830 7473
f 7770 7473 7027
f 11908 7614 7617
f 11908 7617 11909
f 11909 7617 7619
f 11909 7619 11911
f 11920 7624 7614
f 11920 7614 11908
f 11911 7619 7048
f 11911 7048 11926
f 11953 7634 7635
f 11953 7635 11931
f 11931 7635 7657
f 11931 7657 11930
f 7804 1111 1070
f 7804 1070 7767
f 7830 7804 7767
f 7830 7767 7473
f 11929 11930 7657
f 11929 7657 8203
f 11929 8203 7624
f 11929 7624 11920
f 7634 7683 7491
f 7634 7491 7490
f 11948 11941 7820
f 11948 7820 7819
f 6934 6936 7815
f 6934 7815 11812
f 6936 11827 7816
f 6936 7816 7815
f 11796 11810 11813
f 11796 11813 11807
f 6927 11801 11800
f 6927 11800 6924
f 11875 11954 11932
f 11875 11932 11864
f 11857 11947 11946
f 11857 11946 11858
f 7134 11943 11848
f 7134 11848 7131
f 11853 11852 11880
f 11853 11880 11947
f 11880 11852 11851
f 11880 11851 11881
f 11942 11847 11848
f 11942 11848 11943
f 11847 11942 11905
f 11847 11905 11955
f 11881 11851 11850
f 11881 11850 11886
f 11886 11850 11849
f 11886 11849 11940
f 7065 7072 11847
f 7065 11847 11955
f 11940 11849 11846
f 11940 11846 11937
f 11955 11905 11904
f 11955 11904 11956
f 11845 11938 11937
f 11845 11937 11846
f 7065 11955 11956
f 7065 11956 7064
f 11957 7063 7064
f 11957 7064 11956
f 11804 7070 7063
f 11804 7063 11957
f 11957 11956 11904
f 11957 11904 11883
f 11883 11805 11804
f 11883 11804 11957
f 11844 11939 11938
f 11844 11938 11845
f 11842 11936 11939
f 11842 11939 11844
f 11936 11842 7814
f 11936 7814 11837
f 11856 11958 11854
f 11856 11854 11857
f 10666 10665 10664
f 10666 10664 10663
f 7715 11959 5355
f 7715 5355 5354
f 11960 7712 11959
f 11960 11959 11961
f 7721 11960 11961
f 7721 11961 11962
f 11963 11964 11962
f 11963 11962 7718
f 11965 11966 11964
f 11965 11964 11963
f 11967 11968 11966
f 11967 11966 11965
f 11969 11970 11968
f 11969 11968 11967
f 7797 11971 11970
f 7797 11970 11969
f 7782 11971 11972
f 7782 11972 11973
f 11964 7720 7721
f 11964 7721 11962
f 11959 7712 1004
f 11959 1004 5355
f 11970 7724 7723
f 11970 7723 11968
f 11971 7782 7724
f 11971 7724 11970
f 7726 7713 7712
f 7726 7712 11960
f 11966 7722 7720
f 11966 7720 11964
f 11968 7723 7722
f 11968 7722 11966
f 7641 7726 11960
f 7641 11960 7721
f 7711 7782 11973
f 7711 11973 7781
f 11854 11853 11947
f 11854 11947 11857
f 11974 11975 11976
f 11974 11976 11977
f 11879 11934 11974
f 11879 11974 11946
f 11977 11858 11946
f 11977 11946 11974
f 11855 11858 11977
f 11855 11977 11978
f 11974 11934 11979
f 11974 11979 11975
f 11979 11934 11935
f 11979 11935 11951
f 11941 11898 7821
f 11941 7821 7820
f 11898 11897 7822
f 11898 7822 7821
f 11897 11877 7823
f 11897 7823 7822
f 11949 11948 7819
f 11949 7819 10584
f 11949 10584 11876
f 11949 11876 11950
f 7683 11952 11876
f 7683 11876 7682
f 11954 11980 11981
f 11954 11981 11932
f 11982 11983 11984
f 11982 11984 11985
f 11952 11986 11979
f 11952 11979 11951
f 11985 11984 11987
f 11985 11987 11795
f 11952 11953 11933
f 11952 11933 11986
f 11944 11945 11982
f 11944 11982 11985
f 11795 11798 11944
f 11795 11944 11985
f 11986 11933 11932
f 11986 11932 11981
f 7683 7634 11953
f 7683 11953 11952
f 11975 11979 11986
f 11975 11986 11981
f 11812 7815 7818
f 11812 7818 11813
f 11981 11980 11976
f 11981 11976 11975
f 11983 11918 7642
f 11983 7642 11984
f 7645 11987 11984
f 7645 11984 7642
f 11987 7645 7653
f 11987 7653 11988
f 11988 7653 7648
f 11988 7648 11989
f 6938 11990 11989
f 6938 11989 7648
f 11990 6938 6941
f 11990 6941 11991
f 6870 11992 11991
f 6870 11991 6941
f 11992 6870 6821
f 11992 6821 11993
f 6820 11994 11993
f 6820 11993 6821
f 6824 11995 11994
f 6824 11994 6820
f 11871 11873 11901
f 11871 11901 11919
f 11871 11919 11907
f 11871 11907 11868
f 11868 11907 11910
f 11868 11910 11867
f 11912 11862 11867
f 11912 11867 11910
f 11927 11861 11862
f 11927 11862 11912
f 11928 11860 11861
f 11928 11861 11927
f 7047 11859 11860
f 7047 11860 11928
f 8173 8172 8124
f 8173 8124 8141
f 8121 8200 11996
f 8121 11996 8102
f 8102 11996 11997
f 8102 11997 8087
f 11998 8050 8087
f 11998 8087 11997
f 11999 8021 8050
f 11999 8050 11998
f 8021 11999 12000
f 8021 12000 8011
f 8011 12000 12001
f 8011 12001 7970
f 7970 12001 12002
f 7970 12002 7936
f 7936 12002 12003
f 7936 12003 7886
f 7886 12003 12004
f 7886 12004 7887
f 12005 7868 7887
f 12005 7887 12004
f 11995 6824 7869
f 11995 7869 12006
f 11859 7047 7046
f 11859 7046 11835
f 11925 11829 11835
f 11925 11835 7046
f 11924 11817 11829
f 11924 11829 11925
f 11923 11816 11817
f 11923 11817 11924
f 11816 11923 11922
f 11816 11922 11815
f 11815 11922 11921
f 11815 11921 11814
f 7020 10676 4017
f 7020 4017 247
f 8140 8135 8164
f 8140 8164 8159
f 8200 8138 8117
f 8200 8117 11996
f 8098 11833 11834
f 8098 11834 8143
f 11988 11831 11795
f 11988 11795 11987
f 11831 11988 11989
f 11831 11989 11838
f 11990 6933 11838
f 11990 11838 11989
f 6933 11990 11991
f 6933 11991 6876
f 7816 6919 6918
f 7816 6918 7817
f 11827 6908 6919
f 11827 6919 7816
f 11828 6909 6908
f 11828 6908 11827
f 8177 8165 8164
f 8177 8164 8178
f 8176 8171 8170
f 8176 8170 8177
f 8177 8170 8155
f 8177 8155 8165
f 8165 8155 8154
f 8165 8154 8156
f 8156 8154 8199
f 8156 8199 8157
f 8157 8199 8198
f 8157 8198 8174
f 8194 8189 8174
f 8194 8174 8198
f 8189 8194 8186
f 8189 8186 8192
f 8181 8150 8192
f 8181 8192 8186
f 8180 8151 8150
f 8180 8150 8181
f 8190 8144 8151
f 8190 8151 8180
f 8144 8190 8184
f 8144 8184 8145
f 8145 8184 8166
f 8145 8166 8168
f 8163 8162 8168
f 8163 8168 8166
f 11996 8117 8073
f 11996 8073 11997
f 8051 11998 11997
f 8051 11997 8073
f 11998 8051 8018
f 11998 8018 11999
f 8009 12000 11999
f 8009 11999 8018
f 12000 8009 7967
f 12000 7967 12001
f 12001 7967 7933
f 12001 7933 12002
f 7881 12003 12002
f 7881 12002 7933
f 7884 12004 12003
f 7884 12003 7881
f 7864 12005 12004
f 7864 12004 7884
f 6829 11995 12006
f 6829 12006 7865
f 11995 6829 6828
f 11995 6828 11994
f 11994 6828 6831
f 11994 6831 11993
f 6877 11992 11993
f 6877 11993 6831
f 11992 6877 6876
f 11992 6876 11991
f 11826 6897 6909
f 11826 6909 11828
f 6897 11826 11825
f 6897 11825 6866
f 11824 6867 6866
f 11824 6866 11825
f 11823 6868 6867
f 11823 6867 11824
f 6868 11823 7857
f 6868 7857 6869
f 7848 7856 7910
f 7848 7910 7930
f 7909 7929 7930
f 7909 7930 7910
f 7948 7957 7929
f 7948 7929 7909
f 7957 7948 7980
f 7957 7980 7965
f 7997 8008 7965
f 7997 7965 7980
f 8008 7997 8032
f 8008 8032 8014
f 8014 8032 8062
f 8014 8062 8045
f 11832 8089 8045
f 11832 8045 8062
f 8089 11832 11833
f 8089 11833 8098
f 11954 11875 11899
f 11954 11899 12007
f 11977 11976 12008
f 11977 12008 11978
f 11980 12009 12008
f 11980 12008 11976
f 11980 11954 12007
f 11980 12007 12009
f 11958 12010 11822
f 11958 11822 11854
f 12011 7150 11822
f 12011 11822 12010
f 12012 7188 7184
f 12012 7184 7151
f 7236 7235 7161
f 7236 7161 7160
f 7478 7227 7230
f 7478 7230 7479
f 7186 7235 7238
f 7186 7238 7247
f 7237 7276 12013
f 7237 12013 7238
f 7254 12012 12011
f 7254 12011 12014
f 7295 7291 7294
f 7295 7294 7282
f 7155 7282 7294
f 7155 7294 7156
f 10590 7158 7159
f 10590 7159 10588
f 10624 7228 7227
f 10624 7227 10625
f 7229 10590 10588
f 7229 10588 7230
f 7185 10624 10625
f 7185 10625 7152
f 12011 12012 7151
f 12011 7151 7150
f 7195 7245 12015
f 7195 12015 7197
f 7194 7246 7245
f 7194 7245 7195
f 7246 7194 7191
f 7246 7191 7241
f 7189 7242 7241
f 7189 7241 7191
f 7188 7253 7242
f 7188 7242 7189
f 12012 7254 7253
f 12012 7253 7188
f 11958 11819 11820
f 11958 11820 12010
f 12011 12010 11820
f 12011 11820 12014
f 11819 11958 11856
f 11819 11856 11843
f 11843 11856 11855
f 11843 11855 7132
f 7132 11855 11978
f 7132 11978 7133
f 7133 11978 12008
f 7133 12008 11945
f 11945 12008 12009
f 11945 12009 11982
f 12007 11983 11982
f 12007 11982 12009
f 11983 12007 11899
f 11983 11899 11918
f 400 7161 7162
f 400 7162 403
f 7235 7186 7162
f 7235 7162 7161
f 7238 12013 7248
f 7238 7248 7247
f 7187 7186 7247
f 7187 7247 7250
f 12015 7271 7304
f 12015 7304 12016
f 7258 7257 7244
f 7258 7244 7243
f 12017 7248 12013
f 12017 12013 7251
f 7261 7258 7243
f 7261 7243 7240
f 7276 7262 7239
f 7276 7239 7252
f 12013 7276 7252
f 12013 7252 7251
f 7262 7261 7240
f 7262 7240 7239
f 12015 7245 7244
f 12015 7244 7271
f 12016 7304 7321
f 12016 7321 12018
f 12018 7321 7328
f 12018 7328 12019
f 12019 7328 7346
f 12019 7346 12020
f 12020 7346 7363
f 12020 7363 12021
f 12021 7363 7386
f 12021 7386 12022
f 12022 7386 7392
f 12022 7392 12023
f 12023 7392 7409
f 12023 7409 12024
f 12024 7409 7425
f 12024 7425 12025
f 12025 7425 7434
f 12025 7434 12026
f 12026 7434 7454
f 12026 7454 7464
f 7464 7454 7472
f 7464 7472 7465
f 12014 12017 7251
f 12014 7251 7254
f 11820 7130 7101
f 11820 7101 11818
f 11820 11818 12017
f 11820 12017 12014
f 7248 12017 11818
f 7248 11818 7249
f 7457 7461 7472
f 7457 7472 7459
f 7459 7472 7471
f 7459 7471 7458
f 7471 7470 7469
f 7471 7469 7468
f 7458 7471 7468
f 7458 7468 7460
f 7460 7468 745
f 7460 745 735
f 7439 12026 7464
f 7439 7464 7446
f 12026 7439 7429
f 12026 7429 12025
f 12025 7429 7413
f 12025 7413 12024
f 12024 7413 7397
f 12024 7397 12023
f 12023 7397 7372
f 12023 7372 12022
f 7367 12021 12022
f 7367 12022 7372
f 12021 7367 7350
f 12021 7350 12020
f 12020 7350 7333
f 12020 7333 12019
f 12019 7333 7322
f 12019 7322 12018
f 12018 7322 7199
f 12018 7199 12016
f 7197 12015 12016
f 7197 12016 7199
f 11900 11917 11918
f 11900 11918 11899
f 11902 11916 11917
f 11902 11917 11900
f 11903 11915 11916
f 11903 11916 11902
f 11906 11914 11915
f 11906 11915 11903
f 11841 11913 11914
f 11841 11914 11906
f 10657 7039 11913
f 10657 11913 11841
f 7039 10657 10660
f 7039 10660 7038
f 7038 10660 10662
f 7038 10662 7036
f 7036 10662 10664
f 7036 10664 7037
f 10665 7017 7037
f 10665 7037 10664
f 7017 10665 10668
f 7017 10668 7018
f 7018 10668 10670
f 7018 10670 7015
f 7015 10670 10672
f 7015 10672 7016
f 7016 10672 10674
f 7016 10674 7019
f 7019 10674 10676
f 7019 10676 7020
f 7708 7749 7750
f 7708 7750 7709
f 7745 7707 7710
f 7745 7710 7753
f 7747 1043 1052
f 7747 1052 7754
f 7740 7745 7753
f 7740 7753 7752
f 7786 7741 7751
f 7786 7751 7787
f 7812 7747 7754
f 7812 7754 7807
f 7749 7812 7807
f 7749 7807 7750
f 7701 12027 7787
f 7701 7787 7699
f 7787 12027 7829
f 7787 7829 7786
f 7798 7626 7629
f 7798 7629 7736
f 7799 7798 7736
f 7799 7736 7783
f 7773 7763 12028
f 7773 12028 12029
f 12030 12031 7775
f 12030 7775 7790
f 7621 7775 12031
f 7621 12031 12032
f 12032 12031 12033
f 12032 12033 12034
f 12029 12028 12035
f 12029 12035 12036
f 12037 12033 12031
f 12037 12031 12030
f 12034 12033 12038
f 12034 12038 12039
f 12036 12035 12040
f 12036 12040 12041
f 12042 12038 12033
f 12042 12033 12037
f 11973 11972 12043
f 11973 12043 12044
f 7800 7799 12045
f 7800 12045 12046
f 7780 7781 12047
f 7780 12047 12048
f 12044 12047 7781
f 12044 7781 11973
f 7780 12048 8204
f 7780 8204 7779
f 7827 12045 7799
f 7827 7799 7783
f 7618 12040 12035
f 7618 12035 7049
f 12028 7050 7049
f 12028 7049 12035
f 12039 12049 12050
f 12039 12050 12034
f 7621 12032 12051
f 7621 12051 7622
f 12051 12032 12034
f 12051 12034 12050
f 7050 12028 7763
f 7050 7763 7044
f 7616 12052 12040
f 7616 12040 7618
f 7704 12052 7616
f 7704 7616 7615
f 12053 12054 7701
f 12053 7701 7702
f 12055 12056 7827
f 12055 7827 7826
f 12057 12058 7704
f 12057 7704 7703
f 12059 12060 12061
f 12059 12061 12062
f 12063 12064 7705
f 12063 7705 8204
f 12065 12066 12047
f 12065 12047 12044
f 12067 12068 12069
f 12067 12069 12070
f 12071 12072 12073
f 12071 12073 12074
f 12075 12076 12038
f 12075 12038 12042
f 12058 12077 12052
f 12058 12052 7704
f 12078 12079 12080
f 12078 12080 12081
f 12082 12083 12084
f 12082 12084 12085
f 12079 12086 12087
f 12079 12087 12080
f 12056 12088 12045
f 12056 12045 7827
f 12083 12089 12090
f 12083 12090 12084
f 12091 12067 12070
f 12091 12070 12092
f 12093 12059 12062
f 12093 12062 12094
f 12054 12095 12027
f 12054 12027 7701
f 12096 12097 12098
f 12096 12098 12099
f 12100 12101 12102
f 12100 12102 12103
f 12104 12105 12087
f 12104 12087 12106
f 12107 12108 12098
f 12107 12098 12085
f 12109 12110 12069
f 12109 12069 12111
f 12074 12073 12112
f 12074 12112 12113
f 12080 12087 12105
f 12080 12105 12114
f 12115 12109 12111
f 12115 12111 12099
f 12094 12062 12116
f 12094 12116 12117
f 12085 12084 12118
f 12085 12118 12107
f 12092 12070 12119
f 12092 12119 12120
f 12121 12122 12061
f 12121 12061 12123
f 12124 12125 12126
f 12124 12126 12127
f 12125 12128 12102
f 12125 12102 12126
f 12084 12090 12129
f 12084 12129 12118
f 12062 12061 12122
f 12062 12122 12116
f 12099 12098 12108
f 12099 12108 12115
f 12081 12080 12114
f 12081 12114 12130
f 12103 12102 12128
f 12103 12128 12131
f 12132 12121 12123
f 12132 12123 12133
f 12070 12069 12110
f 12070 12110 12119
f 12113 12129 12090
f 12113 12090 12074
f 12130 12114 12134
f 12130 12134 12135
f 12131 12128 12136
f 12131 12136 12137
f 12138 12139 12121
f 12138 12121 12132
f 12119 12110 12140
f 12119 12140 12141
f 12142 12143 12129
f 12142 12129 12113
f 12144 12145 12105
f 12144 12105 12104
f 12146 12147 12108
f 12146 12108 12107
f 12148 12140 12110
f 12148 12110 12109
f 12113 12112 12149
f 12113 12149 12142
f 12114 12105 12145
f 12114 12145 12134
f 12150 12148 12109
f 12150 12109 12115
f 12117 12116 12151
f 12117 12151 12152
f 12107 12118 12153
f 12107 12153 12146
f 12120 12119 12141
f 12120 12141 12154
f 12139 12155 12122
f 12139 12122 12121
f 12156 12157 12125
f 12156 12125 12124
f 12157 12136 12128
f 12157 12128 12125
f 12118 12129 12143
f 12118 12143 12153
f 12116 12122 12155
f 12116 12155 12151
f 12115 12108 12147
f 12115 12147 12150
f 12158 12159 12160
f 12158 12160 12161
f 12162 12163 12164
f 12162 12164 12165
f 12166 12167 12168
f 12166 12168 12169
f 12170 12171 12172
f 12170 12172 12173
f 12174 12175 12176
f 12174 12176 12177
f 12178 12179 12180
f 12178 12180 12181
f 12159 12182 12183
f 12159 12183 12160
f 12184 12185 12186
f 12184 12186 12187
f 12175 12188 12189
f 12175 12189 12176
f 12190 12166 12169
f 12190 12169 12191
f 12192 12162 12165
f 12192 12165 12193
f 12194 12195 12183
f 12194 12183 12196
f 12197 12194 12196
f 12197 12196 12173
f 12198 12199 12168
f 12198 12168 12200
f 12201 12202 12203
f 12201 12203 12204
f 12202 12205 12180
f 12202 12180 12203
f 12206 12198 12200
f 12206 12200 12207
f 12208 12209 12164
f 12208 12164 12187
f 12210 12211 12189
f 12210 12189 12212
f 12213 12214 12172
f 12213 12172 12193
f 12215 12216 12217
f 12215 12217 12218
f 12219 12220 12221
f 12219 12221 12222
f 12223 12224 12225
f 12223 12225 12226
f 12218 12227 12228
f 12218 12228 12215
f 12229 12230 12231
f 12229 12231 12232
f 12233 12234 12235
f 12233 12235 12236
f 12237 12238 12239
f 12237 12239 12240
f 12216 12241 12242
f 12216 12242 12217
f 12234 12225 12224
f 12234 12224 12235
f 12243 12244 12245
f 12243 12245 12246
f 12247 12237 12240
f 12247 12240 12248
f 12249 12250 12251
f 12249 12251 12252
f 12232 12239 12238
f 12232 12238 12229
f 12240 12239 12253
f 12240 12253 12254
f 12248 12240 12254
f 12248 12254 12255
f 12226 12225 12256
f 12226 12256 12257
f 12258 12259 12220
f 12258 12220 12219
f 12219 12260 12261
f 12219 12261 12258
f 12262 12263 12216
f 12262 12216 12215
f 12264 12265 12234
f 12264 12234 12233
f 12246 12245 12266
f 12246 12266 12267
f 12268 12269 12270
f 12268 12270 12250
f 12271 12272 12231
f 12271 12231 12273
f 12245 12274 12275
f 12245 12275 12266
f 12215 12228 12276
f 12215 12276 12262
f 12260 12270 12269
f 12260 12269 12261
f 12273 12241 12277
f 12273 12277 12271
f 12259 12275 12274
f 12259 12274 12220
f 12278 12226 12257
f 12278 12257 12279
f 12280 12253 12239
f 12280 12239 12232
f 12281 12268 12250
f 12281 12250 12249
f 12174 12135 12134
f 12174 12134 12175
f 12175 12134 12145
f 12175 12145 12188
f 12144 12282 12188
f 12144 12188 12145
f 12154 12158 12282
f 12154 12282 12144
f 12158 12154 12141
f 12158 12141 12159
f 12159 12141 12140
f 12159 12140 12182
f 12148 12283 12182
f 12148 12182 12140
f 11961 11959 7715
f 11961 7715 7714
f 11962 11961 7714
f 11962 7714 7718
f 7789 7788 7772
f 7789 7772 7771
f 7789 7771 7773
f 7789 7773 7790
f 7788 7791 7778
f 7788 7778 7772
f 7808 1116 1098
f 7808 1098 7792
f 11971 7797 7800
f 11971 7800 11972
f 7760 7778 7813
f 7760 7813 7769
f 7793 7831 7832
f 7793 7832 7792
f 7831 7769 7813
f 7831 7813 7832
f 7716 7715 5354
f 7716 5354 1093
f 7766 11963 7718
f 7766 7718 7719
f 7632 11965 11963
f 7632 11963 7766
f 7627 11967 11965
f 7627 11965 7632
f 7626 11969 11967
f 7626 11967 7627
f 7798 7797 11969
f 7798 11969 7626
f 7790 7773 12029
f 7790 12029 12030
f 12030 12029 12036
f 12030 12036 12037
f 12037 12036 12041
f 12037 12041 12042
f 11972 7800 12046
f 11972 12046 12043
f 12284 12091 12092
f 12284 12092 12106
f 12072 12100 12103
f 12072 12103 12073
f 12106 12092 12120
f 12106 12120 12104
f 12073 12103 12131
f 12073 12131 12112
f 12112 12131 12137
f 12112 12137 12149
f 12104 12120 12154
f 12104 12154 12144
f 12282 12158 12161
f 12282 12161 12212
f 12185 12178 12181
f 12185 12181 12186
f 12267 12276 12228
f 12267 12228 12246
f 12265 12256 12225
f 12265 12225 12234
f 12263 12277 12241
f 12263 12241 12216
f 12232 12231 12272
f 12232 12272 12280
f 12150 12170 12283
f 12150 12283 12148
f 12170 12150 12147
f 12170 12147 12171
f 12208 12285 12286
f 12208 12286 12287
f 12288 12211 12289
f 12288 12289 12290
f 12291 12292 12293
f 12291 12293 12294
f 12213 12295 12296
f 12213 12296 12297
f 12298 12299 12300
f 12298 12300 12301
f 12295 12209 12302
f 12295 12302 12296
f 12292 12199 12303
f 12292 12303 12293
f 12197 12214 12304
f 12197 12304 12305
f 12306 12288 12290
f 12306 12290 12307
f 12308 12205 12309
f 12308 12309 12310
f 12299 12195 12311
f 12299 12311 12300
f 12210 12298 12301
f 12210 12301 12312
f 12285 12308 12310
f 12285 12310 12286
f 12193 12172 12171
f 12193 12171 12192
f 12146 12192 12171
f 12146 12171 12147
f 12192 12146 12153
f 12192 12153 12162
f 12162 12153 12143
f 12162 12143 12163
f 12142 12184 12163
f 12142 12163 12143
f 12184 12142 12149
f 12184 12149 12185
f 12203 12180 12179
f 12203 12179 12313
f 12137 12178 12185
f 12137 12185 12149
f 12250 12270 12314
f 12250 12314 12251
f 12244 12315 12274
f 12244 12274 12245
f 12187 12164 12163
f 12187 12163 12184
f 12316 12223 12226
f 12316 12226 12278
f 12173 12196 12283
f 12173 12283 12170
f 12204 12203 12313
f 12204 12313 12317
f 12178 12137 12136
f 12178 12136 12179
f 12200 12168 12167
f 12200 12167 12318
f 12157 12313 12179
f 12157 12179 12136
f 12212 12189 12188
f 12212 12188 12282
f 12196 12183 12182
f 12196 12182 12283
f 12156 12317 12313
f 12156 12313 12157
f 12207 12200 12318
f 12207 12318 12319
f 12190 12152 12151
f 12190 12151 12166
f 12166 12151 12155
f 12166 12155 12167
f 12139 12318 12167
f 12139 12167 12155
f 12138 12319 12318
f 12138 12318 12139
f 12273 12231 12230
f 12273 12230 12320
f 12222 12321 12260
f 12222 12260 12219
f 12321 12314 12270
f 12321 12270 12260
f 12246 12228 12227
f 12246 12227 12243
f 12321 12322 12323
f 12321 12323 12314
f 12220 12274 12315
f 12220 12315 12221
f 12222 12324 12322
f 12222 12322 12321
f 12324 12222 12221
f 12324 12221 12325
f 12325 12221 12315
f 12325 12315 12326
f 12244 12327 12326
f 12244 12326 12315
f 12243 12328 12327
f 12243 12327 12244
f 12328 12243 12227
f 12328 12227 12329
f 12218 12330 12329
f 12218 12329 12227
f 12330 12218 12217
f 12330 12217 12331
f 12331 12217 12242
f 12331 12242 12332
f 12320 12333 12332
f 12320 12332 12242
f 12320 12242 12241
f 12320 12241 12273
f 12333 12320 12230
f 12333 12230 12334
f 12229 12335 12334
f 12229 12334 12230
f 12335 12229 12238
f 12335 12238 12336
f 12237 12337 12336
f 12237 12336 12238
f 12247 12338 12337
f 12247 12337 12237
f 12339 12236 12235
f 12339 12235 12340
f 12340 12235 12224
f 12340 12224 12341
f 12223 12342 12341
f 12223 12341 12224
f 12316 12343 12342
f 12316 12342 12223
f 12344 12252 12251
f 12344 12251 12345
f 12345 12251 12314
f 12345 12314 12323
f 12346 12335 12336
f 12346 12336 12347
f 12348 12345 12323
f 12348 12323 12349
f 12279 12350 12307
f 12279 12307 12281
f 12351 12334 12335
f 12351 12335 12346
f 12352 12333 12334
f 12352 12334 12351
f 12279 12281 12249
f 12279 12249 12278
f 12353 12354 12355
f 12353 12355 12349
f 12356 12357 12355
f 12356 12355 12358
f 12344 12343 12316
f 12344 12316 12252
f 12359 12360 12354
f 12359 12354 12353
f 12361 12362 12360
f 12361 12360 12359
f 12363 12362 12328
f 12363 12328 12329
f 12360 12364 12365
f 12360 12365 12354
f 12278 12249 12252
f 12278 12252 12316
f 12354 12365 12358
f 12354 12358 12355
f 12364 12366 12367
f 12364 12367 12365
f 12357 12348 12349
f 12357 12349 12355
f 12322 12353 12349
f 12322 12349 12323
f 12324 12359 12353
f 12324 12353 12322
f 12325 12361 12359
f 12325 12359 12324
f 12367 12346 12347
f 12367 12347 12368
f 12369 12356 12358
f 12369 12358 12368
f 12362 12363 12364
f 12362 12364 12360
f 12343 12348 12357
f 12343 12357 12342
f 12342 12357 12356
f 12342 12356 12341
f 12365 12367 12368
f 12365 12368 12358
f 12361 12325 12326
f 12361 12326 12327
f 12338 12339 12370
f 12338 12370 12337
f 12369 12340 12341
f 12369 12341 12356
f 12370 12369 12368
f 12370 12368 12347
f 12363 12371 12366
f 12363 12366 12364
f 12337 12370 12347
f 12337 12347 12336
f 12371 12352 12351
f 12371 12351 12366
f 12366 12351 12346
f 12366 12346 12367
f 12371 12363 12329
f 12371 12329 12330
f 12362 12361 12327
f 12362 12327 12328
f 12333 12352 12331
f 12333 12331 12332
f 12352 12371 12330
f 12352 12330 12331
f 12372 12311 12195
f 12372 12195 12194
f 12305 12372 12194
f 12305 12194 12197
f 12373 12303 12199
f 12373 12199 12198
f 12374 12375 12202
f 12374 12202 12201
f 12375 12309 12205
f 12375 12205 12202
f 12350 12373 12198
f 12350 12198 12206
f 12287 12302 12209
f 12287 12209 12208
f 12312 12289 12211
f 12312 12211 12210
f 12297 12304 12214
f 12297 12214 12213
f 12187 12186 12285
f 12187 12285 12208
f 12176 12189 12211
f 12176 12211 12288
f 12191 12169 12292
f 12191 12292 12291
f 12193 12165 12295
f 12193 12295 12213
f 12161 12160 12299
f 12161 12299 12298
f 12165 12164 12209
f 12165 12209 12295
f 12169 12168 12199
f 12169 12199 12292
f 12173 12172 12214
f 12173 12214 12197
f 12177 12176 12288
f 12177 12288 12306
f 12181 12180 12205
f 12181 12205 12308
f 12160 12183 12195
f 12160 12195 12299
f 12212 12161 12298
f 12212 12298 12210
f 12186 12181 12308
f 12186 12308 12285
f 12312 12261 12269
f 12312 12269 12289
f 12301 12258 12261
f 12301 12261 12312
f 12258 12301 12300
f 12258 12300 12259
f 12259 12300 12311
f 12259 12311 12275
f 12372 12266 12275
f 12372 12275 12311
f 12305 12267 12266
f 12305 12266 12372
f 12267 12305 12304
f 12267 12304 12276
f 12297 12262 12276
f 12297 12276 12304
f 12262 12297 12296
f 12262 12296 12263
f 12263 12296 12302
f 12263 12302 12277
f 12287 12271 12277
f 12287 12277 12302
f 12271 12287 12286
f 12271 12286 12272
f 12310 12280 12272
f 12310 12272 12286
f 12280 12310 12309
f 12280 12309 12253
f 12375 12254 12253
f 12375 12253 12309
f 12374 12255 12254
f 12374 12254 12375
f 12264 12294 12293
f 12264 12293 12265
f 12265 12293 12303
f 12265 12303 12256
f 12373 12257 12256
f 12373 12256 12303
f 12350 12279 12257
f 12350 12257 12373
f 12281 12307 12290
f 12281 12290 12268
f 12268 12290 12289
f 12268 12289 12269
f 12133 12123 12376
f 12133 12376 12377
f 12127 12126 12378
f 12127 12378 12379
f 12099 12111 12380
f 12099 12380 12096
f 12381 12095 12060
f 12381 12060 12059
f 12085 12098 12097
f 12085 12097 12082
f 12074 12090 12089
f 12074 12089 12071
f 12138 12135 12174
f 12138 12174 12319
f 12382 12077 12068
f 12382 12068 12067
f 12065 12383 12072
f 12065 12072 12071
f 12106 12087 12086
f 12106 12086 12284
f 12111 12069 12068
f 12111 12068 12380
f 12384 12385 12079
f 12384 12079 12078
f 12063 12386 12083
f 12063 12083 12082
f 12385 12076 12086
f 12385 12086 12079
f 12319 12174 12177
f 12319 12177 12207
f 12126 12102 12101
f 12126 12101 12378
f 12386 12066 12089
f 12386 12089 12083
f 12387 12382 12067
f 12387 12067 12091
f 12388 12381 12059
f 12388 12059 12093
f 12123 12061 12060
f 12123 12060 12376
f 12057 12064 12097
f 12057 12097 12096
f 12389 12088 12101
f 12389 12101 12100
f 12075 12387 12091
f 12075 12091 12284
f 12383 12389 12100
f 12383 12100 12072
f 12377 12376 12054
f 12377 12054 12053
f 12379 12378 12056
f 12379 12056 12055
f 12096 12380 12058
f 12096 12058 12057
f 12082 12097 12064
f 12082 12064 12063
f 12071 12089 12066
f 12071 12066 12065
f 12284 12086 12076
f 12284 12076 12075
f 12380 12068 12077
f 12380 12077 12058
f 12378 12101 12088
f 12378 12088 12056
f 12376 12060 12095
f 12376 12095 12054
f 12339 12338 12247
f 12339 12247 12236
f 7829 12027 12095
f 7829 12095 12381
f 12306 12206 12207
f 12306 12207 12177
f 12040 12052 12077
f 12040 12077 12382
f 12044 12043 12383
f 12044 12383 12065
f 12049 12039 12385
f 12049 12385 12384
f 8204 12048 12386
f 8204 12386 12063
f 12039 12038 12076
f 12039 12076 12385
f 12306 12307 12350
f 12306 12350 12206
f 12048 12047 12066
f 12048 12066 12386
f 12041 12040 12382
f 12041 12382 12387
f 7828 7829 12381
f 7828 12381 12388
f 7703 7705 12064
f 7703 12064 12057
f 12046 12045 12088
f 12046 12088 12389
f 12042 12041 12387
f 12042 12387 12075
f 12043 12046 12389
f 12043 12389 12383
f 12370 12339 12340
f 12370 12340 12369
f 12343 12344 12345
f 12343 12345 12348
f 12248 12233 12236
f 12248 12236 12247
f 12255 12264 12233
f 12255 12233 12248
f 12264 12255 12374
f 12264 12374 12294
f 12201 12291 12294
f 12201 12294 12374
f 12291 12201 12204
f 12291 12204 12191
f 12317 12190 12191
f 12317 12191 12204
f 12156 12152 12190
f 12156 12190 12317
f 12124 12117 12152
f 12124 12152 12156
f 12117 12124 12127
f 12117 12127 12094
f 12379 12093 12094
f 12379 12094 12127
f 12055 12388 12093
f 12055 12093 12379
f 12388 12055 7826
f 12388 7826 7828
f 7828 7826 7784
f 7828 7784 7785
f 7737 7738 7785
f 7737 7785 7784
f 7738 7737 7731
f 7738 7731 7739
f 7739 7731 7728
f 7739 7728 7744
f 12135 12138 12132
f 12135 12132 12130
f 12133 12081 12130
f 12133 12130 12132
f 12377 12078 12081
f 12377 12081 12133
f 12053 12384 12078
f 12053 12078 12377
f 12384 12053 7702
f 12384 7702 12049
f 7700 12050 12049
f 7700 12049 7702
f 7611 12051 12050
f 7611 12050 7700
f 7610 7622 12051
f 7610 12051 7611
f 7613 7623 7622
f 7613 7622 7610
f 7607 7630 7623
f 7607 7623 7613
f 7606 7051 7630
f 7606 7630 7607
f 7601 7052 7051
f 7601 7051 7606
f 7600 7765 7052
f 7600 7052 7601
f 7603 7796 7765
f 7603 7765 7600
f 994 1101 7796
f 994 7796 7603
f 7744 7728 7727
f 7744 7727 7742
f 7742 7727 7735
f 7742 7735 7743
f 7743 7735 7734
f 7743 7734 7748
f 7805 7811 7748
f 7805 7748 7734
f 7811 7805 7730
f 7811 7730 7746
f 7746 7730 1024
f 7746 1024 1044
f 12390 11693 12391
f 12390 12391 12392
f 11692 12393 12391
f 11692 12391 11693
f 12394 12395 12396
f 12394 12396 12397
f 12398 12399 12391
f 12398 12391 12393
f 12397 12400 12401
f 12397 12401 12394
f 12402 12403 12404
f 12402 12404 12405
f 12405 12406 12407
f 12405 12407 12402
f 12408 12409 12410
f 12408 12410 12411
f 12412 12413 12400
f 12412 12400 12397
f 12405 12404 12414
f 12405 12414 12415
f 12415 12416 12406
f 12415 12406 12405
f 12411 12410 12417
f 12411 12417 12418
f 12397 12396 12419
f 12397 12419 12412
f 12420 12421 12399
f 12420 12399 12398
f 12422 12423 12424
f 12422 12424 12425
f 12426 12427 12428
f 12426 12428 12429
f 12430 12431 12432
f 12430 12432 12433
f 12434 11566 12435
f 12434 12435 12436
f 12437 12436 12435
f 12437 12435 12438
f 12439 12440 12441
f 12439 12441 12442
f 12443 12444 12445
f 12443 12445 12446
f 12444 12443 12447
f 12444 12447 12448
f 12449 12450 12451
f 12449 12451 12452
f 12450 12449 12453
f 12450 12453 12454
f 12455 12456 12457
f 12455 12457 12458
f 12425 12450 12454
f 12425 12454 12459
f 12450 12425 12424
f 12450 12424 12451
f 12433 12444 12448
f 12433 12448 12460
f 12444 12433 12432
f 12444 12432 12445
f 12440 12429 12428
f 12440 12428 12441
f 12461 12437 12438
f 12461 12438 12462
f 12463 12461 12462
f 12463 12462 12464
f 12465 12455 12458
f 12465 12458 12466
f 12464 12462 12467
f 12464 12467 12468
f 12462 12438 12469
f 12462 12469 12467
f 12425 12459 12470
f 12425 12470 12422
f 12465 12466 12471
f 12465 12471 12472
f 12433 12460 12473
f 12433 12473 12430
f 11607 11562 11561
f 11607 11561 11621
f 12474 12475 12476
f 12474 12476 12477
f 12478 12479 12480
f 12478 12480 12481
f 12482 12483 12484
f 12482 12484 12485
f 11558 11618 11621
f 11558 11621 11561
f 12486 12487 12488
f 12486 12488 12489
f 12489 12490 12491
f 12489 12491 12486
f 12492 12493 12494
f 12492 12494 12495
f 12496 11563 11566
f 12496 11566 12434
f 12485 12497 12498
f 12485 12498 12482
f 12499 12500 12479
f 12499 12479 12478
f 12501 12502 12483
f 12501 12483 12482
f 12438 12435 12503
f 12438 12503 12469
f 11748 12504 12505
f 11748 12505 11745
f 12489 12488 12506
f 12489 12506 12507
f 12507 12508 12490
f 12507 12490 12489
f 12495 12494 12509
f 12495 12509 12510
f 12482 12498 12511
f 12482 12511 12501
f 12512 12513 12514
f 12512 12514 12515
f 12516 12517 12518
f 12516 12518 12519
f 12520 12521 12522
f 12520 12522 12523
f 12524 12525 12526
f 12524 12526 12527
f 12528 12529 12513
f 12528 12513 12512
f 12530 12531 12532
f 12530 12532 12533
f 12534 12535 12536
f 12534 12536 12537
f 12523 12522 12538
f 12523 12538 12539
f 12534 12540 12541
f 12534 12541 12542
f 12543 12544 12517
f 12543 12517 12516
f 12527 12526 12545
f 12527 12545 12546
f 12533 12532 12547
f 12533 12547 12548
f 12549 12550 12551
f 12549 12551 12552
f 12553 12554 12555
f 12553 12555 12556
f 12557 12558 12550
f 12557 12550 12549
f 12556 12555 12559
f 12556 12559 12560
f 12561 12516 12519
f 12561 12519 12562
f 12563 12524 12527
f 12563 12527 12564
f 12565 12530 12533
f 12565 12533 12566
f 12540 12534 12537
f 12540 12537 12567
f 12535 12534 12542
f 12535 12542 12568
f 12569 12543 12516
f 12569 12516 12561
f 12564 12527 12546
f 12564 12546 12570
f 12566 12533 12548
f 12566 12548 12571
f 12572 12573 12574
f 12572 12574 12575
f 12576 12577 12578
f 12576 12578 12579
f 12580 12581 12582
f 12580 12582 12583
f 12584 12585 12586
f 12584 12586 12587
f 12588 12589 12590
f 12588 12590 12591
f 12589 12588 12592
f 12589 12592 12593
f 12594 12595 12596
f 12594 12596 12597
f 12595 12594 12598
f 12595 12598 12599
f 12600 12601 12602
f 12600 12602 12603
f 12575 12595 12599
f 12575 12599 12604
f 12595 12575 12574
f 12595 12574 12596
f 12583 12589 12593
f 12583 12593 12605
f 12589 12583 12582
f 12589 12582 12590
f 12585 12579 12578
f 12585 12578 12586
f 12606 12600 12603
f 12606 12603 12607
f 12575 12604 12608
f 12575 12608 12572
f 12606 12607 12609
f 12606 12609 12610
f 12583 12605 12611
f 12583 12611 12580
f 12612 12613 12614
f 12612 12614 12615
f 12616 12617 12618
f 12616 12618 12619
f 12620 12621 12622
f 12620 12622 12623
f 12623 12624 12625
f 12623 12625 12620
f 12626 12627 12628
f 12626 12628 12629
f 12619 12630 12631
f 12619 12631 12616
f 12632 12633 12613
f 12632 12613 12612
f 12634 12635 12617
f 12634 12617 12616
f 12623 12622 12636
f 12623 12636 12637
f 12637 12638 12624
f 12637 12624 12623
f 12629 12628 12639
f 12629 12639 12640
f 12616 12631 12641
f 12616 12641 12634
f 12642 12643 12644
f 12642 12644 12645
f 12646 12647 12648
f 12646 12648 12649
f 12650 12651 12652
f 12650 12652 12653
f 12654 12655 12656
f 12654 12656 12657
f 12658 12659 12643
f 12658 12643 12642
f 12660 12661 12662
f 12660 12662 12663
f 12664 12665 12666
f 12664 12666 12667
f 12653 12652 12668
f 12653 12668 12669
f 12664 12670 12671
f 12664 12671 12672
f 12673 12674 12647
f 12673 12647 12646
f 12657 12656 12675
f 12657 12675 12676
f 12663 12662 12677
f 12663 12677 12678
f 12679 12680 12681
f 12679 12681 12682
f 12683 12684 12685
f 12683 12685 12686
f 12687 12688 12680
f 12687 12680 12679
f 12686 12685 12689
f 12686 12689 12690
f 12691 12646 12649
f 12691 12649 12692
f 12693 12654 12657
f 12693 12657 12694
f 12695 12660 12663
f 12695 12663 12696
f 12670 12664 12667
f 12670 12667 12697
f 12665 12664 12672
f 12665 12672 12698
f 12699 12673 12646
f 12699 12646 12691
f 12694 12657 12676
f 12694 12676 12700
f 12696 12663 12678
f 12696 12678 12701
f 12702 12703 12704
f 12702 12704 12705
f 12706 12707 12708
f 12706 12708 12709
f 12710 12711 12712
f 12710 12712 12713
f 12714 12715 12716
f 12714 12716 12717
f 12718 12719 12720
f 12718 12720 12721
f 12719 12718 12722
f 12719 12722 12723
f 12724 12725 12726
f 12724 12726 12727
f 12725 12724 12728
f 12725 12728 12729
f 12730 12731 12732
f 12730 12732 12733
f 12705 12725 12729
f 12705 12729 12734
f 12725 12705 12704
f 12725 12704 12726
f 12713 12719 12723
f 12713 12723 12735
f 12719 12713 12712
f 12719 12712 12720
f 12715 12709 12708
f 12715 12708 12716
f 12736 12730 12733
f 12736 12733 12737
f 12705 12734 12738
f 12705 12738 12702
f 12736 12737 12739
f 12736 12739 12740
f 12713 12735 12741
f 12713 12741 12710
f 12742 12743 12744
f 12742 12744 12745
f 12746 12747 12748
f 12746 12748 12749
f 12750 12751 12752
f 12750 12752 12753
f 12753 12754 12755
f 12753 12755 12750
f 12756 12757 12758
f 12756 12758 12759
f 12749 12760 12761
f 12749 12761 12746
f 12762 12763 12743
f 12762 12743 12742
f 12764 12765 12747
f 12764 12747 12746
f 12753 12752 12766
f 12753 12766 12767
f 12767 12768 12754
f 12767 12754 12753
f 12759 12758 12769
f 12759 12769 12770
f 12746 12761 12771
f 12746 12771 12764
f 12772 12773 12774
f 12772 12774 12775
f 12774 12776 12777
f 12774 12777 12775
f 11737 12778 12779
f 11737 12779 11757
f 12780 12777 12781
f 12780 12781 12782
f 12783 12784 12785
f 12783 12785 12786
f 12787 12788 12789
f 12787 12789 12790
f 12791 12785 12784
f 12791 12784 12792
f 12792 12774 12773
f 12792 12773 12791
f 12790 12793 12794
f 12790 12794 12787
f 12795 12796 12788
f 12795 12788 12787
f 12792 12784 12797
f 12792 12797 12798
f 12798 12776 12774
f 12798 12774 12792
f 12787 12794 12799
f 12787 12799 12795
f 12504 11569 11568
f 12504 11568 12505
f 11750 12800 12801
f 11750 12801 11751
f 12427 11778 12802
f 12427 12802 12803
f 12708 12804 12805
f 12708 12805 12716
f 11780 11763 12806
f 11780 12806 12807
f 12427 12803 12808
f 12427 12808 12428
f 12586 12809 12810
f 12586 12810 12587
f 12521 12811 12812
f 12521 12812 12522
f 12479 12813 12814
f 12479 12814 12480
f 12415 12501 12511
f 12415 12511 12416
f 12501 12415 12414
f 12501 12414 12502
f 11744 12802 12815
f 11744 12815 11728
f 12500 12816 12813
f 12500 12813 12479
f 12507 12634 12641
f 12507 12641 12508
f 12637 12764 12771
f 12637 12771 12638
f 12764 12637 12636
f 12764 12636 12765
f 12634 12507 12506
f 12634 12506 12635
f 12768 12795 12799
f 12768 12799 12762
f 12767 12796 12795
f 12767 12795 12768
f 11754 12817 12818
f 11754 12818 11755
f 11618 11558 11555
f 11618 11555 11588
f 12573 12819 12820
f 12573 12820 12574
f 12493 12442 12821
f 12493 12821 12814
f 11773 12822 12815
f 11773 12815 11770
f 12437 12823 12824
f 12437 12824 12436
f 12529 12825 12826
f 12529 12826 12513
f 12827 12469 12503
f 12827 12503 12828
f 12829 12830 12831
f 12829 12831 12832
f 11628 12833 12834
f 11628 12834 11627
f 11576 12831 12830
f 11576 12830 12835
f 12836 12837 12838
f 12836 12838 12839
f 12840 12827 12828
f 12840 12828 12841
f 11578 11628 11589
f 11578 11589 11580
f 12842 12843 12844
f 12842 12844 12845
f 11575 12833 11628
f 11575 11628 11578
f 12845 12838 12837
f 12845 12837 12842
f 12846 12838 12845
f 12846 12845 12847
f 12847 12845 12844
f 12847 12844 12848
f 12846 11624 11623
f 12846 11623 12849
f 12850 12851 12852
f 12850 12852 12853
f 11577 11579 11626
f 11577 11626 12854
f 12476 12855 12856
f 12476 12856 12857
f 12854 11626 11625
f 12854 11625 12858
f 12859 12860 12861
f 12859 12861 12862
f 12862 12863 12864
f 12862 12864 12859
f 12833 12865 12853
f 12833 12853 12834
f 12866 12867 12868
f 12866 12868 12869
f 12870 12871 12867
f 12870 12867 12866
f 12872 12873 12874
f 12872 12874 12875
f 12876 12877 12861
f 12876 12861 12878
f 12879 12876 12878
f 12879 12878 12880
f 12881 12879 12880
f 12881 12880 12882
f 12881 12882 12883
f 12881 12883 12884
f 12883 12885 12886
f 12883 12886 12884
f 12886 12885 12887
f 12886 12887 12888
f 12889 12890 12891
f 12889 12891 12892
f 12893 12889 12892
f 12893 12892 12894
f 12871 12870 12895
f 12871 12895 12896
f 12896 12895 12897
f 12896 12897 12898
f 12898 12897 12899
f 12898 12899 12900
f 12901 12888 12887
f 12901 12887 12902
f 12902 12903 12904
f 12902 12904 12901
f 11780 12807 12779
f 11780 12779 11781
f 12451 12905 12906
f 12451 12906 12452
f 12483 12907 12908
f 12483 12908 12484
f 12434 12909 12910
f 12434 12910 12496
f 12911 12912 12900
f 12911 12900 12899
f 12894 12913 12904
f 12894 12904 12903
f 12913 12894 12892
f 12913 12892 12914
f 12914 12892 12891
f 12914 12891 12915
f 12916 12917 12918
f 12916 12918 12919
f 12920 12915 12891
f 12920 12891 12873
f 12872 12869 12920
f 12872 12920 12873
f 12911 12921 12922
f 12911 12922 12912
f 12923 12924 12922
f 12923 12922 12921
f 12924 12923 12925
f 12924 12925 12926
f 12927 12928 12926
f 12927 12926 12925
f 12929 12928 12927
f 12929 12927 12930
f 12931 12932 12929
f 12931 12929 12930
f 12932 12931 12933
f 12932 12933 12934
f 12935 12827 12840
f 12935 12840 12918
f 12936 12935 12918
f 12936 12918 12917
f 12850 12853 12865
f 12850 12865 12937
f 12938 12828 12503
f 12938 12503 11565
f 12939 12823 12437
f 12939 12437 12461
f 12940 12941 12934
f 12940 12934 12933
f 12942 12941 12940
f 12942 12940 12943
f 11633 11632 12857
f 11633 12857 12856
f 12944 12939 12461
f 12944 12461 12463
f 12942 12943 12945
f 12942 12945 12946
f 12947 12948 12949
f 12947 12949 12950
f 12467 12469 12827
f 12467 12827 12935
f 12468 12467 12935
f 12468 12935 12936
f 12951 12859 12864
f 12951 12864 12952
f 12475 12953 12954
f 12475 12954 12955
f 12851 12938 11565
f 12851 11565 11564
f 11615 12956 12947
f 11615 12947 11610
f 12957 12958 12959
f 12957 12959 12960
f 12474 12961 12953
f 12474 12953 12475
f 12850 12962 12938
f 12850 12938 12851
f 12962 12841 12828
f 12962 12828 12938
f 12948 11632 11631
f 12948 11631 12949
f 12963 12964 11632
f 12963 11632 12948
f 12434 12436 12824
f 12434 12824 12909
f 12965 12966 12496
f 12965 12496 12910
f 12965 12967 12968
f 12965 12968 12966
f 12966 12968 12958
f 12966 12958 12957
f 12969 11608 11622
f 12969 11622 12970
f 12971 11620 11609
f 12971 11609 12972
f 12972 11609 11608
f 12972 11608 12969
f 11588 11555 11554
f 11588 11554 11585
f 12973 12974 11598
f 12973 11598 11601
f 12975 12976 12977
f 12975 12977 12978
f 12976 12979 12919
f 12976 12919 12977
f 12979 12980 12916
f 12979 12916 12919
f 12981 11619 11587
f 12981 11587 11590
f 12982 12983 12959
f 12982 12959 12984
f 12852 12960 12959
f 12852 12959 12983
f 12985 12969 12970
f 12985 12970 12984
f 12986 12971 12972
f 12986 12972 12987
f 12987 12972 12969
f 12987 12969 12985
f 12982 12981 11590
f 12982 11590 11627
f 11619 12981 12970
f 11619 12970 11622
f 12956 12963 12948
f 12956 12948 12947
f 11572 12865 12833
f 11572 12833 11575
f 12981 12982 12984
f 12981 12984 12970
f 12968 12987 12985
f 12968 12985 12958
f 11629 12847 12848
f 11629 12848 11634
f 12967 12986 12987
f 12967 12987 12968
f 12960 12852 12851
f 12960 12851 11564
f 11571 12937 12865
f 11571 12865 11572
f 12960 11564 11563
f 12960 11563 12957
f 12988 12989 12937
f 12988 12937 11571
f 12958 12985 12984
f 12958 12984 12959
f 11576 11577 12854
f 11576 12854 12831
f 12838 12846 12849
f 12838 12849 12839
f 11610 12947 12950
f 11610 12950 11611
f 11624 12846 12847
f 11624 12847 11629
f 12831 12854 12858
f 12831 12858 12832
f 12983 12982 11627
f 12983 11627 12834
f 11748 12952 12961
f 11748 12961 12504
f 12504 12961 12474
f 12504 12474 11569
f 11611 11616 11594
f 11611 11594 11595
f 11614 11617 11603
f 11614 11603 11592
f 11569 12474 12477
f 11569 12477 11570
f 12990 12866 12869
f 12990 12869 12872
f 11762 12991 12806
f 11762 12806 11763
f 12859 12951 12992
f 12859 12992 12860
f 12993 12870 12866
f 12993 12866 12990
f 12994 12995 11570
f 12994 11570 12477
f 12964 12996 12995
f 12964 12995 12994
f 12963 12997 12996
f 12963 12996 12964
f 11197 4576 6398
f 11197 6398 12998
f 11197 12998 12999
f 11197 12999 11198
f 11198 12999 11213
f 11198 11213 11200
f 12857 11632 12964
f 12857 12964 12994
f 12476 12857 12994
f 12476 12994 12477
f 12997 12963 12956
f 12997 12956 13000
f 12962 12850 12937
f 12962 12937 12989
f 12993 12990 13001
f 12993 13001 11574
f 12853 12852 12983
f 12853 12983 12834
f 12966 12957 11563
f 12966 11563 12496
f 12945 13002 13003
f 12945 13003 12946
f 13004 13005 12916
f 13004 12916 12980
f 12841 12962 12989
f 12841 12989 12978
f 13005 13006 12917
f 13005 12917 12916
f 12918 12840 12977
f 12918 12977 12919
f 12875 12874 12976
f 12875 12976 12975
f 13007 12895 12870
f 13007 12870 12993
f 12976 12874 12890
f 12976 12890 12979
f 12990 12872 12875
f 12990 12875 13001
f 13007 11573 11576
f 13007 11576 12835
f 12889 12980 12979
f 12889 12979 12890
f 12975 12978 12989
f 12975 12989 12988
f 12893 13004 12980
f 12893 12980 12889
f 13008 13009 13003
f 13008 13003 13002
f 13000 12956 11615
f 13000 11615 12974
f 12953 12961 12952
f 12953 12952 12864
f 12864 12863 12954
f 12864 12954 12953
f 12895 13007 12835
f 12895 12835 12897
f 12977 12840 12841
f 12977 12841 12978
f 13010 12794 12793
f 13010 12793 13011
f 12794 13010 13012
f 12794 13012 12799
f 12484 12908 12906
f 12484 12906 12447
f 13013 12772 12775
f 13013 12775 13014
f 12665 13015 13016
f 12665 13016 12666
f 12674 13017 13018
f 12674 13018 12689
f 11791 13019 12801
f 11791 12801 11785
f 13009 13008 12877
f 13009 12877 13020
f 13021 13020 12877
f 13021 12877 12876
f 12897 12835 12830
f 12897 12830 12899
f 12829 12911 12899
f 12829 12899 12830
f 12890 12874 12873
f 12890 12873 12891
f 12742 12754 12768
f 12742 12768 12762
f 12829 12843 12921
f 12829 12921 12911
f 12879 13022 13021
f 12879 13021 12876
f 13022 12879 12881
f 13022 12881 13023
f 11736 13024 12778
f 11736 12778 11737
f 11574 11573 13007
f 11574 13007 12993
f 11566 11565 12503
f 11566 12503 12435
f 12669 12671 12670
f 12669 12670 12653
f 12697 12650 12653
f 12697 12653 12670
f 12645 12695 12696
f 12645 12696 12642
f 12701 12658 12642
f 12701 12642 12696
f 12675 12688 12706
f 12675 12706 12711
f 12740 12738 12734
f 12740 12734 12736
f 12736 12734 12729
f 12736 12729 12730
f 12730 12729 12728
f 12730 12728 12731
f 12731 12745 12744
f 12731 12744 12732
f 12685 12647 12674
f 12685 12674 12689
f 12684 12648 12647
f 12684 12647 12685
f 12655 12681 12680
f 12655 12680 12656
f 12688 12675 12656
f 12688 12656 12680
f 12710 12676 12675
f 12710 12675 12711
f 12676 12710 12741
f 12676 12741 12700
f 13025 12700 12741
f 13025 12741 13026
f 12711 12706 12709
f 12711 12709 12712
f 12712 12709 12715
f 12712 12715 12720
f 12720 12715 12714
f 12720 12714 12721
f 12731 12728 12755
f 12731 12755 12745
f 12724 12750 12755
f 12724 12755 12728
f 12745 12755 12754
f 12745 12754 12742
f 12894 12903 13027
f 12894 13027 12893
f 11570 12995 13028
f 11570 13028 11567
f 12995 12996 13029
f 12995 13029 13028
f 12996 12997 13030
f 12996 13030 13029
f 12997 13000 13031
f 12997 13031 13030
f 13000 12974 12973
f 13000 12973 13031
f 11574 13001 12988
f 11574 12988 11571
f 13001 12875 12975
f 13001 12975 12988
f 12842 12923 12921
f 12842 12921 12843
f 12923 12842 12837
f 12923 12837 12925
f 12836 12927 12925
f 12836 12925 12837
f 12930 12927 12836
f 12930 12836 11630
f 13023 12881 12884
f 13023 12884 13032
f 12886 13033 13032
f 12886 13032 12884
f 13033 12886 12888
f 13033 12888 13034
f 13034 12888 12901
f 13034 12901 13035
f 11633 12931 12930
f 11633 12930 11630
f 12931 11633 12856
f 12931 12856 12933
f 13036 13037 12880
f 13036 12880 12878
f 12882 12880 13037
f 12882 13037 13038
f 13038 13039 12883
f 13038 12883 12882
f 13040 13041 12902
f 13040 12902 12887
f 13042 13040 12887
f 13042 12887 12885
f 12885 12883 13039
f 12885 13039 13042
f 13041 13027 12903
f 13041 12903 12902
f 12860 13036 12878
f 12860 12878 12861
f 13043 13044 12463
f 13043 12463 12464
f 11765 13045 13046
f 11765 13046 12992
f 13047 13048 12468
f 13047 12468 12936
f 12464 12468 13048
f 12464 13048 13043
f 13044 13049 12944
f 13044 12944 12463
f 12992 13046 13036
f 12992 13036 12860
f 13006 13047 12936
f 13006 12936 12917
f 13050 13051 13052
f 13050 13052 13053
f 13054 13055 13056
f 13054 13056 13057
f 13058 13051 13041
f 13058 13041 13040
f 13059 13055 13039
f 13059 13039 13038
f 13054 13058 13040
f 13054 13040 13042
f 11765 12992 12951
f 11765 12951 11747
f 13027 13041 13051
f 13027 13051 13050
f 13042 13039 13055
f 13042 13055 13054
f 13060 13052 13051
f 13060 13051 13058
f 13057 13060 13058
f 13057 13058 13054
f 13038 13037 13061
f 13038 13061 13059
f 13047 13053 13052
f 13047 13052 13048
f 12952 11748 11747
f 12952 11747 12951
f 13004 12893 13027
f 13004 13027 13050
f 13047 13006 13005
f 13047 13005 13053
f 13036 13046 13061
f 13036 13061 13037
f 13004 13050 13053
f 13004 13053 13005
f 13044 13057 13056
f 13044 13056 13049
f 13043 13060 13057
f 13043 13057 13044
f 11764 13062 13045
f 11764 13045 11765
f 11764 12944 13049
f 11764 13049 13062
f 13060 13043 13048
f 13060 13048 13052
f 12475 12955 12855
f 12475 12855 12476
f 12855 12940 12933
f 12855 12933 12856
f 12855 12955 12943
f 12855 12943 12940
f 13035 12901 12904
f 13035 12904 13063
f 12913 13064 13063
f 12913 13063 12904
f 12747 13065 13066
f 12747 13066 12748
f 11723 13067 13068
f 11723 13068 11680
f 11680 13068 13069
f 11680 13069 11681
f 13070 12417 12410
f 13070 12410 13071
f 13071 12410 12409
f 13071 12409 12392
f 12407 12393 11692
f 12407 11692 11718
f 11671 12402 12407
f 11671 12407 11718
f 13072 11690 11693
f 13072 11693 12390
f 13073 11702 11690
f 13073 11690 13072
f 13073 11660 11666
f 13073 11666 11726
f 11639 11705 11704
f 11639 11704 11640
f 11717 11705 11639
f 11717 11639 11721
f 13074 11641 11640
f 13074 11640 11725
f 13075 11698 11701
f 13075 11701 13076
f 13076 11701 11707
f 13076 11707 13077
f 13078 11684 11683
f 13078 11683 13077
f 13079 11687 11686
f 13079 11686 13080
f 13079 11688 11724
f 13079 11724 13067
f 13078 13080 11686
f 13078 11686 11684
f 11700 11644 11689
f 11700 11689 11706
f 11699 11645 11644
f 11699 11644 11700
f 11652 11696 11695
f 11652 11695 11653
f 11678 11668 11717
f 11678 11717 11721
f 11668 11678 11677
f 11668 11677 11669
f 11659 11658 11657
f 11659 11657 11665
f 11658 11659 11635
f 11658 11635 11663
f 11663 11635 11638
f 11663 11638 11664
f 12402 11671 11674
f 12402 11674 12403
f 13081 12403 11674
f 13081 11674 13082
f 12395 12408 12411
f 12395 12411 12396
f 12418 12419 12396
f 12418 12396 12411
f 11676 13083 13084
f 11676 13084 11677
f 13085 12414 12404
f 13085 12404 13086
f 13086 12404 12403
f 13086 12403 13081
f 11661 12394 12401
f 11661 12401 11714
f 12394 11661 11664
f 12394 11664 12395
f 13087 11715 11714
f 13087 11714 13082
f 13088 11712 11715
f 13088 11715 13087
f 13089 11713 11712
f 13089 11712 13088
f 13089 11669 11677
f 13089 11677 13084
f 11654 11656 11713
f 11654 11713 11711
f 13083 11710 11711
f 13083 11711 13084
f 13068 11708 11709
f 13068 11709 13069
f 13067 11724 11708
f 13067 11708 13068
f 11713 13089 13084
f 11713 13084 11711
f 11669 13089 13088
f 11669 13088 11670
f 13090 12506 12488
f 13090 12488 12907
f 12907 12488 12487
f 12907 12487 12908
f 12485 12443 12446
f 12485 12446 12497
f 12905 12448 12447
f 12905 12447 12906
f 13091 12460 12448
f 13091 12448 12905
f 13092 12473 12460
f 13092 12460 13091
f 11743 12472 12471
f 11743 12471 11744
f 13019 11768 11751
f 13019 11751 12801
f 12800 11784 11785
f 12800 11785 12801
f 12817 11782 11783
f 12817 11783 12818
f 13093 11790 11782
f 13093 11782 12817
f 12991 11762 11790
f 12991 11790 13093
f 12991 11761 11760
f 12991 11760 12806
f 11758 11760 11759
f 11758 11759 11738
f 11776 11732 11763
f 11776 11763 11780
f 12807 12806 11760
f 12807 11760 11758
f 12807 11758 11757
f 12807 11757 12779
f 12778 11777 11781
f 12778 11781 12779
f 13024 11774 11777
f 13024 11777 12778
f 12822 11729 11728
f 12822 11728 12815
f 12802 11778 11770
f 12802 11770 12815
f 12470 12472 11743
f 12470 11743 11792
f 11769 12422 12470
f 11769 12470 11792
f 12422 11769 11768
f 12422 11768 12423
f 12803 12471 12466
f 12803 12466 12808
f 12808 12466 12458
f 12808 12458 13094
f 13094 12458 12457
f 13094 12457 12821
f 12443 12485 12484
f 12443 12484 12447
f 12908 12487 12452
f 12908 12452 12906
f 12486 12449 12452
f 12486 12452 12487
f 12813 12494 12493
f 12813 12493 12814
f 12816 12509 12494
f 12816 12494 12813
f 11670 13088 13087
f 11670 13087 11673
f 11673 13087 13082
f 11673 13082 11674
f 12400 13086 13081
f 12400 13081 12401
f 13064 12913 12914
f 13064 12914 13095
f 13095 12914 12915
f 13095 12915 13096
f 12943 12955 12954
f 12943 12954 12945
f 12863 13002 12945
f 12863 12945 12954
f 12839 11631 11630
f 12839 11630 12836
f 12849 12949 11631
f 12849 11631 12839
f 12949 12849 11623
f 12949 11623 12950
f 11616 11611 12950
f 11616 12950 11623
f 11617 11614 11634
f 11617 11634 11625
f 12848 12858 11625
f 12848 11625 11634
f 12858 12848 12844
f 12858 12844 12832
f 12832 12844 12843
f 12832 12843 12829
f 12862 13008 13002
f 12862 13002 12863
f 13008 12862 12861
f 13008 12861 12877
f 13096 12915 12920
f 13096 12920 13097
f 12869 12868 13097
f 12869 13097 12920
f 12413 13085 13086
f 12413 13086 12400
f 12401 13081 13082
f 12401 13082 11714
f 11706 11689 13080
f 11706 13080 13078
f 13098 12639 12628
f 13098 12628 13099
f 13099 12628 12627
f 13099 12627 13100
f 12626 12584 12587
f 12626 12587 12627
f 12809 12603 12602
f 12809 12602 12810
f 13101 12607 12603
f 13101 12603 12809
f 13102 12609 12607
f 13102 12607 13101
f 12545 12558 12576
f 12545 12576 12581
f 12825 12557 12549
f 12825 12549 12826
f 13103 12514 12513
f 13103 12513 12826
f 12811 12553 12556
f 12811 12556 12812
f 12812 12556 12560
f 12812 12560 13104
f 13105 12539 12538
f 13105 12538 13104
f 13106 12542 12541
f 13106 12541 13107
f 13106 12543 12569
f 13106 12569 13108
f 13108 12569 12561
f 13108 12561 13109
f 13109 12561 12562
f 13109 12562 13110
f 13107 13105 12559
f 13107 12559 12544
f 12555 12517 12544
f 12555 12544 12559
f 12554 12518 12517
f 12554 12517 12555
f 12525 12551 12550
f 12525 12550 12526
f 12558 12545 12526
f 12558 12526 12550
f 12580 12546 12545
f 12580 12545 12581
f 12546 12580 12611
f 12546 12611 12570
f 13111 12570 12611
f 13111 12611 12819
f 12581 12576 12579
f 12581 12579 12582
f 12582 12579 12585
f 12582 12585 12590
f 12590 12585 12584
f 12590 12584 12591
f 12591 12584 12626
f 12591 12626 12630
f 12619 12588 12591
f 12619 12591 12630
f 12588 12619 12618
f 12588 12618 12592
f 12629 12631 12630
f 12629 12630 12626
f 12631 12629 12640
f 12631 12640 12641
f 12499 12508 12641
f 12499 12641 12640
f 12478 12490 12508
f 12478 12508 12499
f 12481 12491 12490
f 12481 12490 12478
f 12449 12486 12491
f 12449 12491 12453
f 12491 12481 12456
f 12491 12456 12453
f 12456 12481 12480
f 12456 12480 12457
f 12455 12454 12453
f 12455 12453 12456
f 12465 12459 12454
f 12465 12454 12455
f 12472 12470 12459
f 12472 12459 12465
f 13092 13019 11791
f 13092 11791 12473
f 11767 12430 12473
f 11767 12473 11791
f 12430 11767 11766
f 12430 11766 12431
f 11792 11743 11727
f 11792 11727 11787
f 11730 11786 11787
f 11730 11787 11727
f 11788 11735 11738
f 11788 11738 11759
f 11775 11733 11732
f 11775 11732 11776
f 11740 11772 11771
f 11740 11771 11741
f 11779 11766 11741
f 11779 11741 11771
f 11766 11779 12426
f 11766 12426 12431
f 12426 11779 11778
f 12426 11778 12427
f 12803 12802 11744
f 12803 11744 12471
f 12431 12426 12429
f 12431 12429 12432
f 12432 12429 12440
f 12432 12440 12445
f 12445 12440 12439
f 12445 12439 12446
f 12446 12439 12492
f 12446 12492 12497
f 12492 12439 12442
f 12492 12442 12493
f 12814 12821 12457
f 12814 12457 12480
f 12495 12498 12497
f 12495 12497 12492
f 12498 12495 12510
f 12498 12510 12511
f 12420 12416 12511
f 12420 12511 12510
f 12416 12420 12398
f 12416 12398 12406
f 12393 12407 12406
f 12393 12406 12398
f 12395 11664 11638
f 12395 11638 12408
f 12408 11638 11637
f 12408 11637 12409
f 11691 11719 11718
f 11691 11718 11692
f 11703 11716 11719
f 11703 11719 11691
f 11716 11703 11705
f 11716 11705 11717
f 11656 11654 11653
f 11656 11653 11657
f 11657 11653 11695
f 11657 11695 11665
f 11642 11720 11721
f 11642 11721 11639
f 11722 11647 11650
f 11722 11650 11685
f 11684 11686 11685
f 11684 11685 11650
f 12539 12541 12540
f 12539 12540 12523
f 12567 12520 12523
f 12567 12523 12540
f 12515 12565 12566
f 12515 12566 12512
f 12571 12528 12512
f 12571 12512 12566
f 12572 12548 12547
f 12572 12547 12573
f 12548 12572 12608
f 12548 12608 12571
f 12528 12571 12608
f 12528 12608 12610
f 12610 12608 12604
f 12610 12604 12606
f 12606 12604 12599
f 12606 12599 12600
f 12600 12599 12598
f 12600 12598 12601
f 13112 12592 12618
f 13112 12618 13113
f 12620 12594 12597
f 12620 12597 12621
f 12594 12620 12625
f 12594 12625 12598
f 12615 12625 12624
f 12615 12624 12612
f 12612 12624 12638
f 12612 12638 12632
f 12771 12770 12632
f 12771 12632 12638
f 12761 12759 12770
f 12761 12770 12771
f 12759 12761 12760
f 12759 12760 12756
f 12750 12724 12727
f 12750 12727 12751
f 13114 12769 12758
f 13114 12758 13115
f 13115 12758 12757
f 13115 12757 13116
f 13117 12722 12748
f 13117 12748 13066
f 12718 12749 12748
f 12718 12748 12722
f 12749 12718 12721
f 12749 12721 12760
f 12805 12733 12732
f 12805 12732 13118
f 12804 12737 12733
f 12804 12733 12805
f 13119 12739 12737
f 13119 12737 12804
f 12702 12678 12677
f 12702 12677 12703
f 12678 12702 12738
f 12678 12738 12701
f 12701 12738 12740
f 12701 12740 12658
f 13120 12687 12679
f 13120 12679 13121
f 13122 12644 12643
f 13122 12643 13121
f 13123 12683 12686
f 13123 12686 13124
f 13124 12686 12690
f 13124 12690 13125
f 13018 12669 12668
f 13018 12668 13125
f 13017 12671 12669
f 13017 12669 13018
f 13126 12672 12671
f 13126 12671 13017
f 13126 12673 12699
f 13126 12699 13127
f 13127 12699 12691
f 13127 12691 13015
f 13015 12691 12692
f 13015 12692 13016
f 13128 12693 12694
f 13128 12694 13129
f 13025 12677 12662
f 13025 12662 13129
f 12706 12688 12687
f 12706 12687 12707
f 12658 12740 12739
f 12658 12739 12659
f 13120 13119 12707
f 13120 12707 12687
f 13026 12741 12735
f 13026 12735 13130
f 13130 12735 12723
f 13130 12723 13131
f 13131 12723 12722
f 13131 12722 13117
f 12714 12756 12760
f 12714 12760 12721
f 12756 12714 12717
f 12756 12717 12757
f 13118 13116 12757
f 13118 12757 12717
f 13065 12752 12751
f 13065 12751 13066
f 13132 12766 12752
f 13132 12752 13065
f 13133 12563 12564
f 13133 12564 13134
f 13111 12547 12532
f 13111 12532 13134
f 12528 12610 12609
f 12528 12609 12529
f 12576 12558 12557
f 12576 12557 12577
f 12825 13102 12577
f 12825 12577 12557
f 12819 12611 12605
f 12819 12605 12820
f 12820 12605 12593
f 12820 12593 13135
f 13135 12593 12592
f 13135 12592 13112
f 12598 12625 12615
f 12598 12615 12601
f 12601 12615 12614
f 12601 12614 12602
f 12810 13100 12627
f 12810 12627 12587
f 13136 12622 12621
f 13136 12621 13113
f 13137 12636 12622
f 13137 12622 13136
f 11687 13079 13067
f 11687 13067 11723
f 11688 13079 13080
f 11688 13080 11689
f 11546 11556 11544
f 11546 11544 11537
f 11600 11599 13138
f 11600 13138 13139
f 13140 13141 13139
f 13140 13139 13138
f 11519 11526 11537
f 11519 11537 11544
f 11508 11501 11526
f 11508 11526 11519
f 11479 11490 11501
f 11479 11501 11508
f 13142 13143 13141
f 13142 13141 13140
f 13144 13145 13143
f 13144 13143 13142
f 11471 11464 11490
f 11471 11490 11479
f 13146 13147 13145
f 13146 13145 13144
f 13147 13146 13148
f 13147 13148 13149
f 11443 11454 11464
f 11443 11464 11471
f 11433 11426 11454
f 11433 11454 11443
f 13150 13151 13149
f 13150 13149 13148
f 13151 13150 13152
f 13151 13152 13153
f 11401 11417 11426
f 11401 11426 11433
f 11397 11390 11417
f 11397 11417 11401
f 11382 11380 11390
f 11382 11390 11397
f 13153 13152 13154
f 13153 13154 13155
f 13155 13154 13156
f 13155 13156 13157
f 13157 13156 13158
f 13157 13158 13159
f 13159 13158 13160
f 13159 13160 13161
f 13161 13160 13162
f 13161 13162 13163
f 11361 11354 11380
f 11361 11380 11382
f 11346 11344 11354
f 11346 11354 11361
f 11321 11302 11344
f 11321 11344 11346
f 11302 11321 11320
f 11302 11320 11303
f 13163 13162 13164
f 13163 13164 13165
f 11292 11291 13166
f 11292 13166 13167
f 13168 13169 13170
f 13168 13170 13167
f 13168 13171 13172
f 13168 13172 13173
f 13173 13172 13174
f 13173 13174 13175
f 11240 11244 11254
f 11240 11254 11261
f 11146 11220 11244
f 11146 11244 11240
f 11145 11217 11220
f 11145 11220 11146
f 11203 11214 11217
f 11203 11217 11145
f 11186 11201 11214
f 11186 11214 11203
f 11189 11199 11201
f 11189 11201 11186
f 11188 11196 11199
f 11188 11199 11189
f 11196 11188 4569
f 11196 4569 4577
f 13176 13177 13178
f 13176 13178 13179
f 13180 13181 13177
f 13180 13177 13176
f 13181 13180 13182
f 13181 13182 13183
f 13183 13182 13184
f 13183 13184 13185
f 13185 13184 13186
f 13185 13186 13187
f 13188 13189 13187
f 13188 13187 13186
f 13190 13191 13189
f 13190 13189 13188
f 13191 13190 6595
f 13191 6595 6594
f 11706 13078 13077
f 11706 13077 11707
f 11649 13076 13077
f 11649 13077 11683
f 11648 13075 13076
f 11648 13076 11649
f 11697 13074 11725
f 11697 11725 11694
f 11702 13073 11726
f 11702 11726 11704
f 11660 13073 13072
f 11660 13072 11636
f 11636 13072 12390
f 11636 12390 11637
f 12399 13071 12392
f 12399 12392 12391
f 12421 13070 13071
f 12421 13071 12399
f 11637 12390 12392
f 11637 12392 12409
f 11694 11725 11726
f 11694 11726 11666
f 12423 11768 13019
f 12423 13019 13092
f 12423 13092 13091
f 12423 13091 12424
f 12547 13111 12819
f 12547 12819 12573
f 12559 13105 13104
f 12559 13104 12560
f 12428 12808 13094
f 12428 13094 12441
f 12441 13094 12821
f 12441 12821 12442
f 11761 12991 13093
f 11761 13093 11789
f 12424 13091 12905
f 12424 12905 12451
f 12502 13090 12907
f 12502 12907 12483
f 11789 13093 12817
f 11789 12817 11754
f 12535 13109 13110
f 12535 13110 12536
f 12574 12820 13135
f 12574 13135 12596
f 12529 12609 13102
f 12529 13102 12825
f 12698 13127 13015
f 12698 13015 12665
f 12682 13122 13121
f 12682 13121 12679
f 12633 13098 13099
f 12633 13099 12613
f 12552 13103 12826
f 12552 12826 12549
f 12651 13123 13124
f 12651 13124 12652
f 12635 13137 13136
f 12635 13136 12617
f 12531 13133 13134
f 12531 13134 12532
f 12577 13102 13101
f 12577 13101 12578
f 12602 12614 13100
f 12602 13100 12810
f 12543 13106 13107
f 12543 13107 12544
f 12613 13099 13100
f 12613 13100 12614
f 12672 13126 13127
f 12672 13127 12698
f 12541 12539 13105
f 12541 13105 13107
f 12703 13026 13130
f 12703 13130 12704
f 12542 13106 13108
f 12542 13108 12568
f 12659 13120 13121
f 12659 13121 12643
f 12765 13132 13065
f 12765 13065 12747
f 12704 13130 13131
f 12704 13131 12726
f 12570 13111 13134
f 12570 13134 12564
f 12726 13131 13117
f 12726 13117 12727
f 12568 13108 13109
f 12568 13109 12535
f 12596 13135 13112
f 12596 13112 12597
f 12617 13136 13113
f 12617 13113 12618
f 12597 13112 13113
f 12597 13113 12621
f 12522 12812 13104
f 12522 13104 12538
f 12578 13101 12809
f 12578 12809 12586
f 12716 12805 13118
f 12716 13118 12717
f 12707 13119 12804
f 12707 12804 12708
f 12661 13128 13129
f 12661 13129 12662
f 12727 13117 13066
f 12727 13066 12751
f 12659 12739 13119
f 12659 13119 13120
f 12763 13114 13115
f 12763 13115 12743
f 12677 13025 13026
f 12677 13026 12703
f 12743 13115 13116
f 12743 13116 12744
f 12673 13126 13017
f 12673 13017 12674
f 13192 13193 12789
f 13192 12789 13194
f 12652 13124 13125
f 12652 13125 12668
f 12700 13025 13129
f 12700 13129 12694
f 12732 12744 13116
f 12732 13116 13118
f 12689 13018 13125
f 12689 13125 12690
f 13011 13013 13014
f 13011 13014 13010
f 13195 13192 13194
f 13195 13194 13196
f 12632 12770 12769
f 12632 12769 12633
f 12499 12640 12639
f 12499 12639 12500
f 12420 12510 12509
f 12420 12509 12421
f 13197 12419 12418
f 13197 12418 13198
f 13199 12867 12871
f 13199 12871 12781
f 13198 12418 12417
f 13198 12417 13200
f 13201 12942 12946
f 13201 12946 13200
f 13201 13070 12421
f 13201 12421 13202
f 13202 12421 12509
f 13202 12509 13203
f 13204 12932 12934
f 13204 12934 13203
f 13204 12816 12500
f 13204 12500 13205
f 13206 12928 12929
f 13206 12929 13205
f 13206 12639 13098
f 13206 13098 13207
f 13208 12924 12926
f 13208 12926 13207
f 13208 12633 12769
f 13208 12769 13209
f 13209 12769 13114
f 13209 13114 13210
f 13210 13114 12763
f 13210 12763 13211
f 13212 13097 12868
f 13212 12868 13213
f 13214 12412 12419
f 13214 12419 13197
f 13214 13020 13021
f 13214 13021 13215
f 13216 13085 12413
f 13216 12413 13215
f 13216 13022 13023
f 13216 13023 13217
f 13217 13023 13032
f 13217 13032 13218
f 13219 13095 13096
f 13219 13096 13220
f 13221 13064 13095
f 13221 13095 13219
f 13221 13132 12765
f 13221 12765 13222
f 13223 13035 13063
f 13223 13063 13222
f 12506 13090 13137
f 12506 13137 12635
f 13224 13034 13035
f 13224 13035 13223
f 13225 13033 13034
f 13225 13034 13224
f 13225 13090 12502
f 13225 12502 13218
f 13226 13227 13228
f 13226 13228 13229
f 11772 11775 11774
f 11772 11774 11773
f 13230 13231 13232
f 13230 13232 13233
f 11740 11733 11775
f 11740 11775 11772
f 13234 13235 13236
f 13234 13236 13237
f 11739 11734 11733
f 11739 11733 11740
f 11734 11739 11784
f 11734 11784 11783
f 13238 13239 13240
f 13238 13240 13241
f 13242 13243 13227
f 13242 13227 13226
f 12800 12818 11783
f 12800 11783 11784
f 13244 13245 13246
f 13244 13246 13247
f 12818 12800 11750
f 12818 11750 11755
f 13248 13249 13250
f 13248 13250 13251
f 13237 13236 13252
f 13237 13252 13253
f 13248 13254 13255
f 13248 13255 13256
f 13257 13258 13231
f 13257 13231 13230
f 13241 13240 13259
f 13241 13259 13260
f 13247 13246 13261
f 13247 13261 13262
f 13263 13264 13265
f 13263 13265 13266
f 11749 11756 11755
f 11749 11755 11750
f 13267 13268 13269
f 13267 13269 13270
f 11756 11749 11786
f 11756 11786 11788
f 13271 13272 13264
f 13271 13264 13263
f 13270 13269 13273
f 13270 13273 13274
f 11788 11786 11730
f 11788 11730 11735
f 13275 13230 13233
f 13275 13233 13276
f 11735 11730 11729
f 11735 11729 11736
f 13277 13238 13241
f 13277 13241 13278
f 12822 13024 11736
f 12822 11736 11729
f 13279 13244 13247
f 13279 13247 13280
f 13024 12822 11773
f 13024 11773 11774
f 13254 13248 13251
f 13254 13251 13281
f 13249 13248 13256
f 13249 13256 13282
f 13283 13257 13230
f 13283 13230 13275
f 13278 13241 13260
f 13278 13260 13284
f 13280 13247 13262
f 13280 13262 13285
f 13286 13287 13288
f 13286 13288 13289
f 13290 13291 13292
f 13290 13292 13293
f 13294 13295 13296
f 13294 13296 13297
f 13298 13299 13300
f 13298 13300 13301
f 13302 13303 13304
f 13302 13304 13305
f 13303 13302 13306
f 13303 13306 13307
f 13308 13309 13310
f 13308 13310 13311
f 13309 13308 13312
f 13309 13312 13313
f 13314 13315 13316
f 13314 13316 13317
f 13289 13309 13313
f 13289 13313 13318
f 13309 13289 13288
f 13309 13288 13310
f 13297 13303 13307
f 13297 13307 13319
f 13303 13297 13296
f 13303 13296 13304
f 13299 13293 13292
f 13299 13292 13300
f 13320 13314 13317
f 13320 13317 13321
f 13289 13318 13322
f 13289 13322 13286
f 13320 13321 13323
f 13320 13323 13324
f 13297 13319 13325
f 13297 13325 13294
f 13292 13326 13327
f 13292 13327 13300
f 13075 13074 11697
f 13075 11697 11698
f 13249 13328 13329
f 13249 13329 13250
f 13258 13330 13331
f 13258 13331 13273
f 13253 13255 13254
f 13253 13254 13237
f 13281 13234 13237
f 13281 13237 13254
f 11696 11699 11698
f 11696 11698 11697
f 11652 11645 11699
f 11652 11699 11696
f 13229 13279 13280
f 13229 13280 13226
f 13285 13242 13226
f 13285 13226 13280
f 13259 13272 13290
f 13259 13290 13295
f 13324 13322 13318
f 13324 13318 13320
f 13320 13318 13313
f 13320 13313 13314
f 13314 13313 13312
f 13314 13312 13315
f 13315 13332 13333
f 13315 13333 13316
f 13269 13231 13258
f 13269 13258 13273
f 13268 13232 13231
f 13268 13231 13269
f 11651 11646 11645
f 11651 11645 11652
f 11646 11651 11710
f 11646 11710 11709
f 13239 13265 13264
f 13239 13264 13240
f 13272 13259 13240
f 13272 13240 13264
f 13294 13260 13259
f 13294 13259 13295
f 13260 13294 13325
f 13260 13325 13284
f 13334 13284 13325
f 13334 13325 13335
f 13295 13290 13293
f 13295 13293 13296
f 13296 13293 13299
f 13296 13299 13304
f 13304 13299 13298
f 13304 13298 13305
f 13315 13312 13336
f 13315 13336 13332
f 13308 13337 13336
f 13308 13336 13312
f 13337 13308 13311
f 13337 13311 13338
f 13339 13306 13192
f 13339 13192 13195
f 13302 13193 13192
f 13302 13192 13306
f 13193 13302 13305
f 13193 13305 13340
f 13327 13317 13316
f 13327 13316 13341
f 13326 13321 13317
f 13326 13317 13327
f 13342 13323 13321
f 13342 13321 13326
f 13286 13262 13261
f 13286 13261 13287
f 13262 13286 13322
f 13262 13322 13285
f 13285 13322 13324
f 13285 13324 13242
f 13343 13271 13263
f 13343 13263 13344
f 13345 13228 13227
f 13345 13227 13344
f 13083 13069 11709
f 13083 11709 11710
f 13069 13083 11676
f 13069 11676 11681
f 13346 13267 13270
f 13346 13270 13347
f 13347 13270 13274
f 13347 13274 13348
f 13331 13253 13252
f 13331 13252 13348
f 13330 13255 13253
f 13330 13253 13331
f 13349 13256 13255
f 13349 13255 13330
f 13349 13257 13283
f 13349 13283 13350
f 13350 13283 13275
f 13350 13275 13328
f 13328 13275 13276
f 13328 13276 13329
f 11675 11682 11681
f 11675 11681 11676
f 11682 11675 11720
f 11682 11720 11722
f 13351 13277 13278
f 13351 13278 13352
f 13334 13261 13246
f 13334 13246 13352
f 13290 13272 13271
f 13290 13271 13291
f 13242 13324 13323
f 13242 13323 13243
f 13343 13342 13291
f 13343 13291 13271
f 13335 13325 13319
f 13335 13319 13353
f 13353 13319 13307
f 13353 13307 13354
f 13354 13307 13306
f 13354 13306 13339
f 13298 13355 13340
f 13298 13340 13305
f 13355 13298 13301
f 13355 13301 13356
f 13341 13357 13356
f 13341 13356 13301
f 13282 13350 13328
f 13282 13328 13249
f 13266 13345 13344
f 13266 13344 13263
f 13235 13346 13347
f 13235 13347 13236
f 13256 13349 13350
f 13256 13350 13282
f 13287 13335 13353
f 13287 13353 13288
f 13243 13343 13344
f 13243 13344 13227
f 13288 13353 13354
f 13288 13354 13310
f 13310 13354 13339
f 13310 13339 13311
f 13300 13327 13341
f 13300 13341 13301
f 13291 13342 13326
f 13291 13326 13292
f 13245 13351 13352
f 13245 13352 13246
f 13311 13339 13195
f 13311 13195 13338
f 13243 13323 13342
f 13243 13342 13343
f 13261 13334 13335
f 13261 13335 13287
f 13257 13349 13330
f 13257 13330 13258
f 11722 11720 11642
f 11722 11642 11647
f 11647 11642 11641
f 11647 11641 11648
f 13236 13347 13348
f 13236 13348 13252
f 13074 13075 11648
f 13074 11648 11641
f 13284 13334 13352
f 13284 13352 13278
f 13316 13333 13357
f 13316 13357 13341
f 13273 13331 13348
f 13273 13348 13274
f 13357 13013 13011
f 13357 13011 13356
f 13013 13357 13333
f 13013 13333 12772
f 13356 13011 12793
f 13356 12793 13355
f 12790 13340 13355
f 12790 13355 12793
f 13340 12790 12789
f 13340 12789 13193
f 12772 13333 13332
f 12772 13332 12773
f 13336 12791 12773
f 13336 12773 13332
f 12791 13336 13337
f 12791 13337 12785
f 13338 12786 12785
f 13338 12785 13337
f 13014 12775 12777
f 13014 12777 12780
f 13010 13014 12780
f 13010 12780 13012
f 13358 12898 12900
f 13358 12900 13211
f 12782 12896 12898
f 12782 12898 13358
f 12781 12871 12896
f 12781 12896 12782
f 13196 12786 13338
f 13196 13338 13195
f 12786 13196 13194
f 12786 13194 12789
f 12788 12783 12786
f 12788 12786 12789
f 13012 12780 12782
f 13012 12782 13358
f 13220 13096 13097
f 13220 13097 13212
f 13009 13197 13198
f 13009 13198 13003
f 13003 13198 13200
f 13003 13200 12946
f 13070 13201 13200
f 13070 13200 12417
f 12942 13201 13202
f 12942 13202 12941
f 12941 13202 13203
f 12941 13203 12934
f 12816 13204 13203
f 12816 13203 12509
f 12932 13204 13205
f 12932 13205 12929
f 12639 13206 13205
f 12639 13205 12500
f 12928 13206 13207
f 12928 13207 12926
f 12633 13208 13207
f 12633 13207 13098
f 12924 13208 13209
f 12924 13209 12922
f 12922 13209 13210
f 12922 13210 12912
f 12912 13210 13211
f 12912 13211 12900
f 12867 13199 13213
f 12867 13213 12868
f 13020 13214 13197
f 13020 13197 13009
f 12412 13214 13215
f 12412 13215 12413
f 13022 13216 13215
f 13022 13215 13021
f 13085 13216 13217
f 13085 13217 12414
f 12414 13217 13218
f 12414 13218 12502
f 12796 12767 12766
f 12796 12766 13359
f 13132 13221 13219
f 13132 13219 12766
f 13064 13221 13222
f 13064 13222 13063
f 12636 13223 13222
f 12636 13222 12765
f 13137 13224 13223
f 13137 13223 12636
f 13090 13225 13224
f 13090 13224 13137
f 13033 13225 13218
f 13033 13218 13032
f 12762 12799 13012
f 12762 13012 12763
f 13358 13211 12763
f 13358 12763 13012
f 12776 13199 12781
f 12776 12781 12777
f 12798 13213 13199
f 12798 13199 12776
f 13213 12798 12797
f 13213 12797 13212
f 12796 13359 12783
f 12796 12783 12788
f 12784 12783 13359
f 12784 13359 12797
f 12766 13219 13220
f 12766 13220 13359
f 13359 13220 13212
f 13359 13212 12797
f 13049 13056 13360
f 13049 13360 13062
f 13046 13045 13059
f 13046 13059 13061
f 13055 13059 13360
f 13055 13360 13056
f 13045 13062 13360
f 13045 13360 13059
f 12944 11764 11746
f 12944 11746 12939
f 12939 11746 11745
f 12939 11745 12823
f 12823 11745 12505
f 12823 12505 12824
f 12824 12505 11568
f 12824 11568 12909
f 12909 11568 11567
f 12909 11567 12910
f 13028 12965 12910
f 13028 12910 11567
f 13029 12967 12965
f 13029 12965 13028
f 13030 12986 12967
f 13030 12967 13029
f 12986 13030 13031
f 12986 13031 12971
f 12971 13031 12973
f 12971 12973 11620
f 11620 12973 11601
f 11620 11601 11602
f 11597 11598 12974
f 11597 12974 11615
f 11548 11583 11585
f 11548 11585 11554
f 11583 11548 11547
f 11583 11547 11584
f 11584 11547 11552
f 11584 11552 11612
f 11551 11603 11612
f 11551 11612 11552
f 11542 13138 11599
f 11542 11599 11553
f 11560 11600 13139
f 11560 13139 11528
f 11528 13139 13141
f 11528 13141 11523
f 11515 13140 13138
f 11515 13138 11542
f 11506 13142 13140
f 11506 13140 11515
f 11523 13141 13143
f 11523 13143 11492
f 11492 13143 13145
f 11492 13145 11485
f 11485 13145 13147
f 11485 13147 11472
f 13149 11449 11472
f 13149 11472 13147
f 11449 13149 13151
f 11449 13151 11435
f 13153 11410 11435
f 13153 11435 13151
f 11410 13153 13155
f 11410 13155 11399
f 11399 13155 13157
f 11399 13157 11372
f 11372 13157 13159
f 11372 13159 11363
f 13161 11336 11363
f 13161 11363 13159
f 11336 13161 13163
f 11336 13163 11326
f 11326 13163 13165
f 11326 13165 11325
f 13361 13362 13363
f 13361 13363 13175
f 13361 13364 13365
f 13361 13365 13366
f 11257 13364 13174
f 11257 13174 11258
f 13364 11257 11256
f 13364 11256 13365
f 13177 11234 11262
f 13177 11262 13178
f 11234 13177 13181
f 11234 13181 11226
f 13183 11225 11226
f 13183 11226 13181
f 13185 11224 11225
f 13185 11225 13183
f 11224 13185 13187
f 11224 13187 11086
f 13189 11087 11086
f 13189 11086 13187
f 13191 11088 11087
f 13191 11087 13189
f 6594 4463 11088
f 6594 11088 13191
f 13190 12998 6398
f 13190 6398 6595
f 12998 13190 13188
f 12998 13188 12999
f 12999 13188 13186
f 12999 13186 11213
f 13184 11211 11213
f 13184 11213 13186
f 13182 11218 11211
f 13182 11211 13184
f 13180 11221 11218
f 13180 11218 13182
f 11221 13180 13176
f 11221 13176 11227
f 11227 13176 13179
f 11227 13179 11259
f 11249 13367 13365
f 11249 13365 11256
f 11248 11264 13367
f 11248 13367 11249
f 13368 13369 13370
f 13368 13370 13366
f 11263 13371 13369
f 11263 13369 13368
f 11316 13164 13162
f 11316 13162 11315
f 13160 11345 11315
f 13160 11315 13162
f 11345 13160 13158
f 11345 13158 11359
f 13156 11381 11359
f 13156 11359 13158
f 11381 13156 13154
f 11381 13154 11395
f 13152 11418 11395
f 13152 11395 13154
f 11418 13152 13150
f 11418 13150 11431
f 11431 13150 13148
f 11431 13148 11439
f 11439 13148 13146
f 11439 13146 11469
f 11469 13146 13144
f 11469 13144 11475
f 11475 13144 13142
f 11475 13142 11506
f 12811 13103 12552
f 12811 12552 12553
f 13103 12811 12521
f 13103 12521 12514
f 12520 12515 12514
f 12520 12514 12521
f 12551 12554 12553
f 12551 12553 12552
f 12525 12518 12554
f 12525 12554 12551
f 12524 12519 12518
f 12524 12518 12525
f 12519 12524 12563
f 12519 12563 12562
f 13133 13110 12562
f 13133 12562 12563
f 13110 13133 12531
f 13110 12531 12536
f 12530 12537 12536
f 12530 12536 12531
f 12537 12530 12565
f 12537 12565 12567
f 12567 12565 12515
f 12567 12515 12520
f 13123 13122 12682
f 13123 12682 12683
f 13122 13123 12651
f 13122 12651 12644
f 12650 12645 12644
f 12650 12644 12651
f 12697 12695 12645
f 12697 12645 12650
f 12667 12660 12695
f 12667 12695 12697
f 12660 12667 12666
f 12660 12666 12661
f 13016 13128 12661
f 13016 12661 12666
f 13128 13016 12692
f 13128 12692 12693
f 12649 12654 12693
f 12649 12693 12692
f 12654 12649 12648
f 12654 12648 12655
f 12655 12648 12684
f 12655 12684 12681
f 12681 12684 12683
f 12681 12683 12682
f 13265 13268 13267
f 13265 13267 13266
f 13239 13232 13268
f 13239 13268 13265
f 13238 13233 13232
f 13238 13232 13239
f 13233 13238 13277
f 13233 13277 13276
f 13351 13329 13276
f 13351 13276 13277
f 13329 13351 13245
f 13329 13245 13250
f 13244 13251 13250
f 13244 13250 13245
f 13251 13244 13279
f 13251 13279 13281
f 13281 13279 13229
f 13281 13229 13234
f 13234 13229 13228
f 13234 13228 13235
f 13345 13346 13235
f 13345 13235 13228
f 13346 13345 13266
f 13346 13266 13267
f 13172 11255 11258
f 13172 11258 13174
f 13171 11250 11255
f 13171 11255 13172
f 11250 13171 13166
f 11250 13166 11251
f 11291 11260 11251
f 11291 11251 13166
f 11290 11247 11260
f 11290 11260 11291
f 11247 11290 11285
f 11247 11285 11245
f 11283 11246 11245
f 11283 11245 11285
f 11281 11252 11246
f 11281 11246 11283
f 11280 11262 11252
f 11280 11252 11281
f 11262 11280 11278
f 11262 11278 13178
f 11277 13179 13178
f 11277 13178 11278
f 13179 11277 13372
f 13179 13372 11259
f 11259 13372 13373
f 11259 13373 11253
f 11253 13373 11268
f 11253 11268 11254
f 11265 11261 11254
f 11265 11254 11268
f 11264 11248 11261
f 11264 11261 11265
f 13371 11319 11310
f 13371 11310 13369
f 13369 11310 11309
f 13369 11309 13370
f 11314 13362 13370
f 11314 13370 11309
f 13362 11314 11313
f 13362 11313 13363
f 11305 13374 13363
f 11305 13363 11313
f 11296 13169 13374
f 11296 13374 11305
f 13169 11296 11295
f 13169 11295 13170
f 11317 13375 13170
f 11317 13170 11295
f 11323 11288 13375
f 11323 13375 11317
f 11288 11323 11327
f 11288 11327 11289
f 11298 13376 11289
f 11298 11289 11327
f 11297 13377 13376
f 11297 13376 11298
f 11325 13378 13377
f 11325 13377 11297
f 13165 13379 13378
f 13165 13378 11325
f 13379 13165 13164
f 13379 13164 11275
f 11275 13164 11316
f 11275 11316 11273
f 11273 11316 11304
f 11273 11304 11270
f 11270 11304 11303
f 11270 11303 11271
f 11320 13380 11271
f 11320 11271 11303
f 11319 13371 13380
f 11319 13380 11320
f 13371 11263 11266
f 13371 11266 13380
f 11271 13380 11266
f 11271 11266 11267
f 13373 11269 11267
f 13373 11267 11268
f 13372 11272 11269
f 13372 11269 13373
f 13372 11277 11274
f 13372 11274 11272
f 13379 11275 11274
f 13379 11274 11276
f 13378 13379 11276
f 13378 11276 11279
f 13378 11279 11282
f 13378 11282 13377
f 13377 11282 11284
f 13377 11284 13376
f 13376 11284 11286
f 13376 11286 11289
f 11290 11287 11286
f 11290 11286 11285
f 11288 11287 11292
f 11288 11292 13375
f 13375 11292 13167
f 13375 13167 13170
f 13171 13168 13167
f 13171 13167 13166
f 13169 13168 13173
f 13169 13173 13374
f 13374 13173 13175
f 13374 13175 13363
f 13364 13361 13175
f 13364 13175 13174
f 13362 13361 13366
f 13362 13366 13370
f 13367 13368 13366
f 13367 13366 13365
f 11264 11263 13368
f 11264 13368 13367
f 6788 6787 7834
f 6788 7834 7833
f 7923 7892 7838
f 7923 7838 7837
f 7915 7923 7837
f 7915 7837 7841
f 7905 7915 7841
f 7905 7841 7843
f 7895 7905 7843
f 7895 7843 7845
f 7928 7835 7834
f 7928 7834 7847
f 7930 7925 7849
f 7930 7849 7848
f 6853 6860 7851
f 6853 7851 7850
f 7925 7917 7854
f 7925 7854 7849
f 7911 7910 7856
f 7911 7856 7855
f 7917 7852 7851
f 7917 7851 7854
f 7883 7901 7860
f 7883 7860 7859
f 7853 7899 7863
f 7853 7863 7850
f 7884 7883 7859
f 7884 7859 7864
f 7899 7898 7866
f 7899 7866 7863
f 7898 7928 7847
f 7898 7847 7866
f 7888 7887 7868
f 7888 7868 7867
f 7921 7920 7872
f 7921 7872 7871
f 7903 7913 7876
f 7903 7876 7875
f 7836 7895 7845
f 7836 7845 7833
f 7891 7903 7875
f 7891 7875 7879
f 7892 7891 7879
f 7892 7879 7838
f 7870 7873 7872
f 7870 7872 7867
f 7901 7911 7855
f 7901 7855 7860
f 7913 7921 7871
f 7913 7871 7876
f 12006 7869 7868
f 12006 7868 12005
f 7865 12006 12005
f 7865 12005 7864
f 6869 7857 7856
f 6869 7856 7848
f 10676 10675 4018
f 10676 4018 4017
f 7014 237 231
f 7014 231 7007
f 7320 670 679
f 7320 679 7300
f 7296 685 690
f 7296 690 7297
f 7288 699 702
f 7288 702 7289
f 715 7295 7290
f 715 7290 712
f 7295 715 1123
f 7295 1123 7291
f 7292 1122 1124
f 7292 1124 7475
f 11837 7814 5224
f 11837 5224 5266
f 11878 11836 5265
f 11878 5265 5289
f 7823 11877 5288
f 7823 5288 5345
f 8390 1716 1718
f 8390 1718 8391
f 8746 2086 4305
f 8746 4305 10945
f 10959 4320 4329
f 10959 4329 10964
f 11814 11921 5315
f 11814 5315 5200
f 4192 10842 10857
f 4192 10857 4207
f 8381 1697 1695
f 8381 1695 8372
f 7318 559 573
f 7318 573 7325
f 7307 555 559
f 7307 559 7318
